state,rainfall_mm,humidity,soil_type,input_cost,market_price,Nitrogen,Phosphorus,Potassium,Temperature,pH_Value,Crop,crop_norm,state_norm,real_yield_ton_per_ha,yield_kg_per_ha,crop_mapped,state_crop_avg_tph,crop_simple,crop_level_avg_tph,yield_kg_per_ha_final,revenue_INR_per_ha_final,profit_INR_per_ha_final
Maharashtra,1289.49,79.08,Loam,31642.95,18000,90,42,43,20.87974371,6.502985292,Rice,rice,maharashtra,1.9690026450869564,1969.0026450869564,rice,1.9690026450869564,rice,2.218494541018379,1969.0026450869564,35442.04761156521,3799.097611565212
Maharashtra,367.2,61.16,Sandy Loam,30414.35,22000,85,58,41,21.77046169,7.038096361,Rice,rice,maharashtra,1.9690026450869564,1969.0026450869564,rice,1.9690026450869564,rice,2.218494541018379,1969.0026450869564,43318.05819191304,12903.708191913043
Maharashtra,590.85,51.83,Clay,4078.79,16000,60,55,44,23.00445915,7.840207144,Rice,rice,maharashtra,1.9690026450869564,1969.0026450869564,rice,1.9690026450869564,rice,2.218494541018379,1969.0026450869564,31504.0423213913,27425.2523213913
Maharashtra,344.22,77.64,Loam,4442.64,14000,74,35,40,26.49109635,6.980400905,Rice,rice,maharashtra,1.9690026450869564,1969.0026450869564,rice,1.9690026450869564,rice,2.218494541018379,1969.0026450869564,27566.03703121739,23123.39703121739
Maharashtra,491.0,54.48,Loam,32812.25,15000,78,42,42,20.13017482,7.628472891,Rice,rice,maharashtra,1.9690026450869564,1969.0026450869564,rice,1.9690026450869564,rice,2.218494541018379,1969.0026450869564,29535.039676304346,-3277.2103236956536
Maharashtra,536.98,73.31,Black Soil,14443.59,45000,69,37,42,23.05804872,7.073453503,Rice,rice,maharashtra,1.9690026450869564,1969.0026450869564,rice,1.9690026450869564,rice,2.218494541018379,1969.0026450869564,88605.11902891305,74161.52902891305
Maharashtra,641.55,62.1,Loam,25112.83,38000,69,55,38,22.70883798,5.70080568,Rice,rice,maharashtra,1.9690026450869564,1969.0026450869564,rice,1.9690026450869564,rice,2.218494541018379,1969.0026450869564,74822.10051330435,49709.27051330435
Maharashtra,592.34,57.2,Clay,11086.99,65000,94,53,40,20.27774362,5.718627178,Rice,rice,maharashtra,1.9690026450869564,1969.0026450869564,rice,1.9690026450869564,rice,2.218494541018379,1969.0026450869564,127985.17193065217,116898.18193065216
Maharashtra,432.07,70.91,Loam,67483.44,55000,89,54,38,24.51588066,6.685346424,Rice,rice,maharashtra,1.9690026450869564,1969.0026450869564,rice,1.9690026450869564,rice,2.218494541018379,1969.0026450869564,108295.1454797826,40811.7054797826
Maharashtra,657.63,62.84,Clay,9502.07,60000,68,58,38,23.22397386,6.336253525,Rice,rice,maharashtra,1.9690026450869564,1969.0026450869564,rice,1.9690026450869564,rice,2.218494541018379,1969.0026450869564,118140.15870521739,108638.08870521738
Maharashtra,1380.78,64.34,Black Soil,6939.0,3200,91,53,40,26.52723513,5.386167788,Rice,rice,maharashtra,1.9690026450869564,1969.0026450869564,rice,1.9690026450869564,rice,2.218494541018379,1969.0026450869564,6300.8084642782605,-638.1915357217395
Maharashtra,389.42,57.72,Black Soil,44436.57,15000,90,46,42,23.97898217,7.50283396,Rice,rice,maharashtra,1.9690026450869564,1969.0026450869564,rice,1.9690026450869564,rice,2.218494541018379,1969.0026450869564,29535.039676304346,-14901.530323695653
Maharashtra,1334.79,95.0,Sandy Loam,10421.07,18000,78,58,44,26.80079604,5.108681786,Rice,rice,maharashtra,1.9690026450869564,1969.0026450869564,rice,1.9690026450869564,rice,2.218494541018379,1969.0026450869564,35442.04761156521,25020.977611565213
Maharashtra,408.38,68.22,Clay,28995.35,22000,93,56,36,24.01497622,6.98435366,Rice,rice,maharashtra,1.9690026450869564,1969.0026450869564,rice,1.9690026450869564,rice,2.218494541018379,1969.0026450869564,43318.05819191304,14322.708191913043
Maharashtra,668.85,70.71,Black Soil,8804.27,16000,94,50,37,25.66585205,6.94801983,Rice,rice,maharashtra,1.9690026450869564,1969.0026450869564,rice,1.9690026450869564,rice,2.218494541018379,1969.0026450869564,31504.0423213913,22699.7723213913
Maharashtra,346.15,50.49,Sandy Loam,11330.75,14000,60,48,39,24.28209415,7.042299069,Rice,rice,maharashtra,1.9690026450869564,1969.0026450869564,rice,1.9690026450869564,rice,2.218494541018379,1969.0026450869564,27566.03703121739,16235.28703121739
Maharashtra,554.53,64.46,Clay,33410.73,15000,85,38,41,21.58711777,6.249050656,Rice,rice,maharashtra,1.9690026450869564,1969.0026450869564,rice,1.9690026450869564,rice,2.218494541018379,1969.0026450869564,29535.039676304346,-3875.690323695657
Maharashtra,655.94,73.19,Loam,92153.08,45000,91,35,39,23.79391957,6.970859754,Rice,rice,maharashtra,1.9690026450869564,1969.0026450869564,rice,1.9690026450869564,rice,2.218494541018379,1969.0026450869564,88605.11902891305,-3547.9609710869554
Maharashtra,876.04,70.29,Black Soil,16259.28,38000,77,38,36,21.8652524,5.953933276,Rice,rice,maharashtra,1.9690026450869564,1969.0026450869564,rice,1.9690026450869564,rice,2.218494541018379,1969.0026450869564,74822.10051330435,58562.82051330435
Maharashtra,832.26,70.23,Sandy Loam,125095.98,65000,88,35,40,23.57943626,5.85393208,Rice,rice,maharashtra,1.9690026450869564,1969.0026450869564,rice,1.9690026450869564,rice,2.218494541018379,1969.0026450869564,127985.17193065217,2889.191930652174
Maharashtra,385.19,74.89,Sandy Loam,58742.1,55000,89,45,36,21.32504158,6.442475375,Rice,rice,maharashtra,1.9690026450869564,1969.0026450869564,rice,1.9690026450869564,rice,2.218494541018379,1969.0026450869564,108295.1454797826,49553.0454797826
Maharashtra,1041.63,60.98,Black Soil,7449.78,60000,76,40,43,25.15745531,5.070175667,Rice,rice,maharashtra,1.9690026450869564,1969.0026450869564,rice,1.9690026450869564,rice,2.218494541018379,1969.0026450869564,118140.15870521739,110690.37870521739
Maharashtra,1616.79,62.11,Loam,17665.19,3200,67,59,41,21.94766735,6.012632591,Rice,rice,maharashtra,1.9690026450869564,1969.0026450869564,rice,1.9690026450869564,rice,2.218494541018379,1969.0026450869564,6300.8084642782605,-11364.381535721739
Maharashtra,409.25,77.24,Loam,7433.63,15000,83,41,43,21.0525355,6.254028451,Rice,rice,maharashtra,1.9690026450869564,1969.0026450869564,rice,1.9690026450869564,rice,2.218494541018379,1969.0026450869564,29535.039676304346,22101.409676304345
Maharashtra,1000.86,78.79,Sandy Loam,41043.95,18000,98,47,37,23.48381344,7.375482851,Rice,rice,maharashtra,1.9690026450869564,1969.0026450869564,rice,1.9690026450869564,rice,2.218494541018379,1969.0026450869564,35442.04761156521,-5601.902388434784
Maharashtra,345.52,68.66,Sandy Loam,5528.67,22000,66,53,41,25.0756354,7.778915154,Rice,rice,maharashtra,1.9690026450869564,1969.0026450869564,rice,1.9690026450869564,rice,2.218494541018379,1969.0026450869564,43318.05819191304,37789.38819191304
Maharashtra,471.5,60.27,Clay,61694.71,16000,97,59,43,26.35927159,6.286500176,Rice,rice,maharashtra,1.9690026450869564,1969.0026450869564,rice,1.9690026450869564,rice,2.218494541018379,1969.0026450869564,31504.0423213913,-30190.667678608697
Maharashtra,308.95,62.46,Loam,148106.98,14000,97,50,41,24.52922681,7.070959995,Rice,rice,maharashtra,1.9690026450869564,1969.0026450869564,rice,1.9690026450869564,rice,2.218494541018379,1969.0026450869564,27566.03703121739,-120540.94296878262
Maharashtra,326.17,65.42,Clay,11586.46,15000,60,49,44,20.77576147,6.244841491,Rice,rice,maharashtra,1.9690026450869564,1969.0026450869564,rice,1.9690026450869564,rice,2.218494541018379,1969.0026450869564,29535.039676304346,17948.579676304347
Maharashtra,569.24,62.27,Loam,25755.01,45000,84,51,35,22.30157427,6.043304899,Rice,rice,maharashtra,1.9690026450869564,1969.0026450869564,rice,1.9690026450869564,rice,2.218494541018379,1969.0026450869564,88605.11902891305,62850.10902891305
Maharashtra,632.64,71.17,Loam,25616.08,38000,73,57,41,21.44653958,5.824709117,Rice,rice,maharashtra,1.9690026450869564,1969.0026450869564,rice,1.9690026450869564,rice,2.218494541018379,1969.0026450869564,74822.10051330435,49206.02051330435
Maharashtra,552.51,67.98,Sandy Loam,29156.72,65000,92,35,40,22.17931888,6.357389366,Rice,rice,maharashtra,1.9690026450869564,1969.0026450869564,rice,1.9690026450869564,rice,2.218494541018379,1969.0026450869564,127985.17193065217,98828.45193065217
Maharashtra,244.26,56.54,Sandy Loam,4730.6,55000,85,37,39,24.52783742,6.364134968,Rice,rice,maharashtra,1.9690026450869564,1969.0026450869564,rice,1.9690026450869564,rice,2.218494541018379,1969.0026450869564,108295.1454797826,103564.5454797826
Maharashtra,538.69,44.45,Sandy Loam,93312.91,60000,98,53,38,20.26707606,5.01450727,Rice,rice,maharashtra,1.9690026450869564,1969.0026450869564,rice,1.9690026450869564,rice,2.218494541018379,1969.0026450869564,118140.15870521739,24827.248705217382
Maharashtra,1245.88,59.82,Clay,18315.82,3200,88,54,44,25.7354293,6.149410611,Rice,rice,maharashtra,1.9690026450869564,1969.0026450869564,rice,1.9690026450869564,rice,2.218494541018379,1969.0026450869564,6300.8084642782605,-12015.01153572174
Maharashtra,292.3,65.72,Sandy Loam,5898.71,15000,95,55,42,26.79533926,5.950660556,Rice,rice,maharashtra,1.9690026450869564,1969.0026450869564,rice,1.9690026450869564,rice,2.218494541018379,1969.0026450869564,29535.039676304346,23636.329676304347
Maharashtra,1864.57,78.32,Loam,5553.98,18000,99,57,35,26.75754171,5.960370061,Rice,rice,maharashtra,1.9690026450869564,1969.0026450869564,rice,1.9690026450869564,rice,2.218494541018379,1969.0026450869564,35442.04761156521,29888.067611565213
Maharashtra,398.64,66.15,Clay,5565.86,22000,95,39,36,23.86330467,5.561398642,Rice,rice,maharashtra,1.9690026450869564,1969.0026450869564,rice,1.9690026450869564,rice,2.218494541018379,1969.0026450869564,43318.05819191304,37752.19819191304
Maharashtra,851.3,56.83,Clay,50382.1,16000,60,43,44,21.01944696,7.416245107,Rice,rice,maharashtra,1.9690026450869564,1969.0026450869564,rice,1.9690026450869564,rice,2.218494541018379,1969.0026450869564,31504.0423213913,-18878.057678608697
Maharashtra,486.66,55.98,Black Soil,11249.23,14000,63,44,41,24.17298839,5.583370042,Rice,rice,maharashtra,1.9690026450869564,1969.0026450869564,rice,1.9690026450869564,rice,2.218494541018379,1969.0026450869564,27566.03703121739,16316.807031217391
Maharashtra,585.79,61.54,Sandy Loam,44945.37,15000,62,42,36,22.78133816,6.430010215,Rice,rice,maharashtra,1.9690026450869564,1969.0026450869564,rice,1.9690026450869564,rice,2.218494541018379,1969.0026450869564,29535.039676304346,-15410.330323695656
Maharashtra,587.64,65.8,Clay,10157.41,45000,64,45,43,25.62980105,5.534878156,Rice,rice,maharashtra,1.9690026450869564,1969.0026450869564,rice,1.9690026450869564,rice,2.218494541018379,1969.0026450869564,88605.11902891305,78447.70902891304
Maharashtra,923.1,83.68,Sandy Loam,13611.82,38000,83,60,36,25.59704938,6.903985986,Rice,rice,maharashtra,1.9690026450869564,1969.0026450869564,rice,1.9690026450869564,rice,2.218494541018379,1969.0026450869564,74822.10051330435,61210.28051330435
Maharashtra,720.54,72.41,Clay,23856.13,65000,82,40,40,23.83067496,6.271478838,Rice,rice,maharashtra,1.9690026450869564,1969.0026450869564,rice,1.9690026450869564,rice,2.218494541018379,1969.0026450869564,127985.17193065217,104129.04193065217
Maharashtra,499.89,67.23,Sandy Loam,33202.5,55000,85,52,45,26.31355498,7.224285503,Rice,rice,maharashtra,1.9690026450869564,1969.0026450869564,rice,1.9690026450869564,rice,2.218494541018379,1969.0026450869564,108295.1454797826,75092.6454797826
Maharashtra,1162.3,60.03,Sandy Loam,7129.81,60000,91,35,38,24.8972823,6.13428721,Rice,rice,maharashtra,1.9690026450869564,1969.0026450869564,rice,1.9690026450869564,rice,2.218494541018379,1969.0026450869564,118140.15870521739,111010.34870521739
Maharashtra,1915.19,54.87,Clay,95836.68,3200,76,49,42,24.958779,5.206373153,Rice,rice,maharashtra,1.9690026450869564,1969.0026450869564,rice,1.9690026450869564,rice,2.218494541018379,1969.0026450869564,6300.8084642782605,-89535.87153572173
Maharashtra,386.96,65.9,Sandy Loam,6016.78,15000,74,39,38,23.24113501,7.782051313,Rice,rice,maharashtra,1.9690026450869564,1969.0026450869564,rice,1.9690026450869564,rice,2.218494541018379,1969.0026450869564,29535.039676304346,23518.259676304348
Maharashtra,1000.43,53.34,Black Soil,7485.31,18000,79,43,39,21.66628296,7.062779015,Rice,rice,maharashtra,1.9690026450869564,1969.0026450869564,rice,1.9690026450869564,rice,2.218494541018379,1969.0026450869564,35442.04761156521,27956.73761156521
Maharashtra,329.71,69.65,Black Soil,23403.7,22000,88,55,45,24.63544858,7.730367824,Rice,rice,maharashtra,1.9690026450869564,1969.0026450869564,rice,1.9690026450869564,rice,2.218494541018379,1969.0026450869564,43318.05819191304,19914.35819191304
Maharashtra,502.71,60.08,Sandy Loam,18526.83,16000,60,36,43,23.43121862,5.286203711,Rice,rice,maharashtra,1.9690026450869564,1969.0026450869564,rice,1.9690026450869564,rice,2.218494541018379,1969.0026450869564,31504.0423213913,12977.2123213913
Maharashtra,228.63,62.71,Clay,4405.37,14000,76,60,39,20.0454142,6.766240045,Rice,rice,maharashtra,1.9690026450869564,1969.0026450869564,rice,1.9690026450869564,rice,2.218494541018379,1969.0026450869564,27566.03703121739,23160.667031217392
Maharashtra,402.33,69.4,Sandy Loam,80983.3,15000,93,56,42,23.85724032,7.382762603,Rice,rice,maharashtra,1.9690026450869564,1969.0026450869564,rice,1.9690026450869564,rice,2.218494541018379,1969.0026450869564,29535.039676304346,-51448.26032369566
Maharashtra,410.88,80.88,Black Soil,19304.84,45000,65,60,43,21.97199397,5.658169482,Rice,rice,maharashtra,1.9690026450869564,1969.0026450869564,rice,1.9690026450869564,rice,2.218494541018379,1969.0026450869564,88605.11902891305,69300.27902891305
Maharashtra,411.34,64.13,Black Soil,43919.86,38000,95,52,36,26.22916897,5.543360238,Rice,rice,maharashtra,1.9690026450869564,1969.0026450869564,rice,1.9690026450869564,rice,2.218494541018379,1969.0026450869564,74822.10051330435,30902.24051330435
Maharashtra,486.6,65.91,Clay,43964.24,65000,75,38,39,23.44676801,6.215109715,Rice,rice,maharashtra,1.9690026450869564,1969.0026450869564,rice,1.9690026450869564,rice,2.218494541018379,1969.0026450869564,127985.17193065217,84020.93193065218
Maharashtra,324.62,53.48,Black Soil,19270.13,55000,74,54,38,25.65553461,7.120272972,Rice,rice,maharashtra,1.9690026450869564,1969.0026450869564,rice,1.9690026450869564,rice,2.218494541018379,1969.0026450869564,108295.1454797826,89025.0154797826
Maharashtra,691.22,49.22,Loam,5360.38,60000,91,36,45,24.44345477,5.950647577,Rice,rice,maharashtra,1.9690026450869564,1969.0026450869564,rice,1.9690026450869564,rice,2.218494541018379,1969.0026450869564,118140.15870521739,112779.77870521738
Maharashtra,1383.87,58.67,Clay,11826.6,3200,71,46,40,20.2801937,7.236705436,Rice,rice,maharashtra,1.9690026450869564,1969.0026450869564,rice,1.9690026450869564,rice,2.218494541018379,1969.0026450869564,6300.8084642782605,-5525.79153572174
Maharashtra,234.84,75.3,Clay,79277.53,15000,99,55,35,21.7238313,6.501697816,Rice,rice,maharashtra,1.9690026450869564,1969.0026450869564,rice,1.9690026450869564,rice,2.218494541018379,1969.0026450869564,29535.039676304346,-49742.49032369565
UttarPradesh,1011.34,50.05,Black Soil,37839.3,18000,72,40,38,20.41447029,7.592490617,Rice,rice,uttarpradesh,2.218494541018379,,rice,,rice,2.218494541018379,2218.494541018379,39932.901738330824,2093.601738330821
UttarPradesh,344.25,72.98,Loam,9266.6,22000,83,58,45,25.75528612,5.875345751,Rice,rice,uttarpradesh,2.218494541018379,,rice,,rice,2.218494541018379,2218.494541018379,48806.87990240434,39540.27990240434
UttarPradesh,478.14,66.77,Black Soil,10830.89,16000,93,58,38,20.61521424,6.932400225,Rice,rice,uttarpradesh,2.218494541018379,,rice,,rice,2.218494541018379,2218.494541018379,35495.912656294066,24665.022656294066
UttarPradesh,300.54,42.64,Black Soil,4393.69,14000,70,36,42,21.84106875,6.946209881,Rice,rice,uttarpradesh,2.218494541018379,,rice,,rice,2.218494541018379,2218.494541018379,31058.923574257307,26665.23357425731
UttarPradesh,328.71,67.11,Sandy Loam,21585.78,15000,76,47,42,20.08369642,5.739175027,Rice,rice,uttarpradesh,2.218494541018379,,rice,,rice,2.218494541018379,2218.494541018379,33277.41811527569,11691.638115275688
UttarPradesh,370.22,59.61,Loam,97608.03,45000,99,41,36,24.45802087,6.738652179,Rice,rice,uttarpradesh,2.218494541018379,,rice,,rice,2.218494541018379,2218.494541018379,99832.25434582707,2224.2243458270677
UttarPradesh,482.83,70.7,Loam,45279.36,38000,99,54,37,21.14347496,5.594819626,Rice,rice,uttarpradesh,2.218494541018379,,rice,,rice,2.218494541018379,2218.494541018379,84302.7925586984,39023.432558698405
UttarPradesh,478.16,53.68,Sandy Loam,16951.82,65000,86,59,35,25.78720567,6.946636369,Rice,rice,uttarpradesh,2.218494541018379,,rice,,rice,2.218494541018379,2218.494541018379,144202.14516619465,127250.32516619464
UttarPradesh,342.59,74.4,Sandy Loam,45817.51,55000,69,46,41,23.64124821,5.012139669,Rice,rice,uttarpradesh,2.218494541018379,,rice,,rice,2.218494541018379,2218.494541018379,122017.19975601086,76199.68975601086
UttarPradesh,654.97,78.79,Sandy Loam,10361.7,60000,91,56,37,23.43191632,6.363472208,Rice,rice,uttarpradesh,2.218494541018379,,rice,,rice,2.218494541018379,2218.494541018379,133109.67246110275,122747.97246110275
UttarPradesh,1088.19,71.72,Clay,36556.37,3200,61,52,41,24.97669518,6.880431223,Rice,rice,uttarpradesh,2.218494541018379,,rice,,rice,2.218494541018379,2218.494541018379,7099.1825312588135,-29457.18746874119
UttarPradesh,273.51,61.36,Loam,10843.83,15000,67,45,38,22.72791041,7.300410836,Rice,rice,uttarpradesh,2.218494541018379,,rice,,rice,2.218494541018379,2218.494541018379,33277.41811527569,22433.588115275685
UttarPradesh,1331.73,81.93,Sandy Loam,58539.89,18000,79,42,37,24.87300744,6.587918708,Rice,rice,uttarpradesh,2.218494541018379,,rice,,rice,2.218494541018379,2218.494541018379,39932.901738330824,-18606.988261669176
UttarPradesh,355.85,70.7,Clay,3280.21,22000,78,43,42,21.32376327,7.283736617,Rice,rice,uttarpradesh,2.218494541018379,,rice,,rice,2.218494541018379,2218.494541018379,48806.87990240434,45526.66990240434
UttarPradesh,615.53,69.11,Loam,11287.63,16000,75,54,36,26.29465461,7.023936392,Rice,rice,uttarpradesh,2.218494541018379,,rice,,rice,2.218494541018379,2218.494541018379,35495.912656294066,24208.282656294068
UttarPradesh,286.64,58.18,Sandy Loam,12892.17,14000,97,36,45,22.2286982,6.939083505,Rice,rice,uttarpradesh,2.218494541018379,,rice,,rice,2.218494541018379,2218.494541018379,31058.923574257307,18166.75357425731
UttarPradesh,420.91,71.84,Clay,73943.81,15000,67,47,44,26.73072391,7.868474653,Rice,rice,uttarpradesh,2.218494541018379,,rice,,rice,2.218494541018379,2218.494541018379,33277.41811527569,-40666.39188472431
UttarPradesh,617.91,65.34,Sandy Loam,30990.79,45000,73,35,38,24.88921174,5.005306977,Rice,rice,uttarpradesh,2.218494541018379,,rice,,rice,2.218494541018379,2218.494541018379,99832.25434582707,68841.46434582706
UttarPradesh,778.95,59.18,Loam,25054.96,38000,77,36,37,26.88444878,6.136131869,Rice,rice,uttarpradesh,2.218494541018379,,rice,,rice,2.218494541018379,2218.494541018379,84302.7925586984,59247.83255869841
UttarPradesh,656.13,84.64,Sandy Loam,32180.17,65000,81,41,38,22.67846116,7.524080076,Rice,rice,uttarpradesh,2.218494541018379,,rice,,rice,2.218494541018379,2218.494541018379,144202.14516619465,112021.97516619465
UttarPradesh,329.7,55.79,Loam,50358.67,55000,68,57,43,26.08867875,5.706943251,Rice,rice,uttarpradesh,2.218494541018379,,rice,,rice,2.218494541018379,2218.494541018379,122017.19975601086,71658.52975601086
UttarPradesh,632.48,81.03,Sandy Loam,47654.01,60000,72,45,35,25.42977518,5.758506323,Rice,rice,uttarpradesh,2.218494541018379,,rice,,rice,2.218494541018379,2218.494541018379,133109.67246110275,85455.66246110274
UttarPradesh,1220.96,67.35,Clay,57463.53,3200,61,53,43,26.40323239,6.349606327,Rice,rice,uttarpradesh,2.218494541018379,,rice,,rice,2.218494541018379,2218.494541018379,7099.1825312588135,-50364.34746874119
UttarPradesh,283.82,64.22,Clay,99177.48,15000,67,43,39,26.04371967,5.999969026,Rice,rice,uttarpradesh,2.218494541018379,,rice,,rice,2.218494541018379,2218.494541018379,33277.41811527569,-65900.0618847243
UttarPradesh,590.3,61.15,Loam,47862.62,18000,67,58,39,25.2827223,5.453592032,Rice,rice,uttarpradesh,2.218494541018379,,rice,,rice,2.218494541018379,2218.494541018379,39932.901738330824,-7929.718261669179
UttarPradesh,190.04,68.42,Black Soil,4098.99,22000,66,60,38,22.08576562,6.372576327,Rice,rice,uttarpradesh,2.218494541018379,,rice,,rice,2.218494541018379,2218.494541018379,48806.87990240434,44707.88990240434
UttarPradesh,279.54,68.12,Clay,5771.37,16000,82,43,38,23.28617173,5.105588355,Rice,rice,uttarpradesh,2.218494541018379,,rice,,rice,2.218494541018379,2218.494541018379,35495.912656294066,29724.542656294067
UttarPradesh,158.39,63.52,Black Soil,66168.63,14000,84,50,44,25.48591986,5.935344406,Rice,rice,uttarpradesh,2.218494541018379,,rice,,rice,2.218494541018379,2218.494541018379,31058.923574257307,-35109.7064257427
UttarPradesh,233.43,54.68,Clay,49429.19,15000,81,53,42,23.67575393,5.17782304,Rice,rice,uttarpradesh,2.218494541018379,,rice,,rice,2.218494541018379,2218.494541018379,33277.41811527569,-16151.771884724316
UttarPradesh,208.46,70.13,Black Soil,9562.39,45000,91,50,40,20.82477109,6.462391607,Rice,rice,uttarpradesh,2.218494541018379,,rice,,rice,2.218494541018379,2218.494541018379,99832.25434582707,90269.86434582707
UttarPradesh,363.81,45.62,Clay,16045.18,38000,93,53,38,26.92995077,7.069172227,Rice,rice,uttarpradesh,2.218494541018379,,rice,,rice,2.218494541018379,2218.494541018379,84302.7925586984,68257.6125586984
UttarPradesh,293.59,51.2,Sandy Loam,63402.82,65000,90,44,38,23.83509503,7.473134377,Rice,rice,uttarpradesh,2.218494541018379,,rice,,rice,2.218494541018379,2218.494541018379,144202.14516619465,80799.32516619464
UttarPradesh,157.06,62.47,Sandy Loam,17985.48,55000,81,45,35,26.52872817,6.158376967,Rice,rice,uttarpradesh,2.218494541018379,,rice,,rice,2.218494541018379,2218.494541018379,122017.19975601086,104031.71975601086
UttarPradesh,318.86,63.57,Black Soil,17873.85,60000,78,40,38,26.46428311,7.549873681,Rice,rice,uttarpradesh,2.218494541018379,,rice,,rice,2.218494541018379,2218.494541018379,133109.67246110275,115235.82246110274
UttarPradesh,655.38,61.14,Clay,8498.83,3200,60,51,36,22.69657794,6.028321558,Rice,rice,uttarpradesh,2.218494541018379,,rice,,rice,2.218494541018379,2218.494541018379,7099.1825312588135,-1399.6474687411865
UttarPradesh,152.45,58.69,Loam,27557.05,15000,88,46,42,22.68319059,6.604993475,Rice,rice,uttarpradesh,2.218494541018379,,rice,,rice,2.218494541018379,2218.494541018379,33277.41811527569,5720.368115275687
UttarPradesh,809.54,63.83,Loam,16422.23,18000,93,47,37,21.53346343,6.500343222,Rice,rice,uttarpradesh,2.218494541018379,,rice,,rice,2.218494541018379,2218.494541018379,39932.901738330824,23510.671738330824
UttarPradesh,257.06,47.78,Clay,4705.38,22000,60,55,45,21.40865769,5.935745417,Rice,rice,uttarpradesh,2.218494541018379,,rice,,rice,2.218494541018379,2218.494541018379,48806.87990240434,44101.49990240434
UttarPradesh,363.55,58.07,Clay,32745.8,16000,78,35,44,26.54348085,7.072655622,Rice,rice,uttarpradesh,2.218494541018379,,rice,,rice,2.218494541018379,2218.494541018379,35495.912656294066,2750.1126562940663
UttarPradesh,244.96,80.54,Loam,7053.34,14000,65,37,40,23.35905428,5.333322606,Rice,rice,uttarpradesh,2.218494541018379,,rice,,rice,2.218494541018379,2218.494541018379,31058.923574257307,24005.583574257307
UttarPradesh,355.89,62.15,Loam,14828.27,15000,71,54,16,22.61359953,5.749914421,Maize,maize,uttarpradesh,3.4272159774543587,,maize,,maize,3.4272159774543587,3427.215977454359,51408.23966181538,36579.96966181538
UttarPradesh,400.24,56.99,Loam,14283.81,45000,61,44,17,26.10018422,6.931756558,Maize,maize,uttarpradesh,3.4272159774543587,,maize,,maize,3.4272159774543587,3427.215977454359,154224.71898544615,139940.90898544615
UttarPradesh,442.23,64.11,Sandy Loam,5468.13,38000,80,43,16,23.55882094,6.657964753,Maize,maize,uttarpradesh,3.4272159774543587,,maize,,maize,3.4272159774543587,3427.215977454359,130234.20714326562,124766.07714326562
UttarPradesh,391.12,66.53,Clay,7523.09,65000,73,58,21,19.97215954,6.596060648,Maize,maize,uttarpradesh,3.4272159774543587,,maize,,maize,3.4272159774543587,3427.215977454359,222769.03853453332,215245.94853453332
UttarPradesh,200.96,69.77,Black Soil,8767.44,55000,61,38,20,18.47891261,5.970458434,Maize,maize,uttarpradesh,3.4272159774543587,,maize,,maize,3.4272159774543587,3427.215977454359,188496.87875998972,179729.43875998972
UttarPradesh,443.41,64.44,Clay,5603.49,60000,68,41,16,21.77689322,6.158830619,Maize,maize,uttarpradesh,3.4272159774543587,,maize,,maize,3.4272159774543587,3427.215977454359,205632.95864726152,200029.46864726153
UttarPradesh,887.34,75.72,Black Soil,61318.14,3200,93,41,17,25.6217169,6.047906679,Maize,maize,uttarpradesh,3.4272159774543587,,maize,,maize,3.4272159774543587,3427.215977454359,10967.091127853948,-50351.04887214605
UttarPradesh,247.59,71.86,Black Soil,24133.73,15000,89,60,19,25.19192419,5.913664501,Maize,maize,uttarpradesh,3.4272159774543587,,maize,,maize,3.4272159774543587,3427.215977454359,51408.23966181538,27274.50966181538
UttarPradesh,785.16,56.24,Clay,15096.73,18000,76,44,17,20.41683147,5.855442401,Maize,maize,uttarpradesh,3.4272159774543587,,maize,,maize,3.4272159774543587,3427.215977454359,61689.88759417846,46593.157594178454
UttarPradesh,221.43,66.86,Loam,12329.15,22000,67,60,25,24.92162194,5.750254943,Maize,maize,uttarpradesh,3.4272159774543587,,maize,,maize,3.4272159774543587,3427.215977454359,75398.7515039959,63069.601503995895
UttarPradesh,461.45,79.05,Black Soil,15412.76,16000,70,44,19,23.31689124,5.852607099,Maize,maize,uttarpradesh,3.4272159774543587,,maize,,maize,3.4272159774543587,3427.215977454359,54835.45563926974,39422.69563926974
UttarPradesh,210.28,53.05,Black Soil,42810.53,14000,90,49,21,24.84016732,6.472523287,Maize,maize,uttarpradesh,3.4272159774543587,,maize,,maize,3.4272159774543587,3427.215977454359,47981.02368436102,5170.493684361019
UttarPradesh,276.79,62.74,Black Soil,140939.92,15000,62,52,16,22.27526694,6.967057762,Maize,maize,uttarpradesh,3.4272159774543587,,maize,,maize,3.4272159774543587,3427.215977454359,51408.23966181538,-89531.68033818464
UttarPradesh,428.62,68.23,Loam,19587.85,45000,92,44,16,18.87751445,6.082973754,Maize,maize,uttarpradesh,3.4272159774543587,,maize,,maize,3.4272159774543587,3427.215977454359,154224.71898544615,134636.86898544614
UttarPradesh,478.0,59.75,Loam,26092.37,38000,66,54,21,25.19008683,5.919045532,Maize,maize,uttarpradesh,3.4272159774543587,,maize,,maize,3.4272159774543587,3427.215977454359,130234.20714326562,104141.83714326563
UttarPradesh,401.05,65.27,Black Soil,33466.9,65000,63,58,22,18.25405352,6.204747653,Maize,maize,uttarpradesh,3.4272159774543587,,maize,,maize,3.4272159774543587,3427.215977454359,222769.03853453332,189302.13853453333
UttarPradesh,243.21,88.42,Sandy Loam,25459.7,55000,70,47,17,24.6129118,6.600827017,Maize,maize,uttarpradesh,3.4272159774543587,,maize,,maize,3.4272159774543587,3427.215977454359,188496.87875998972,163037.1787599897
UttarPradesh,559.37,61.19,Clay,17762.29,60000,61,41,17,25.1420613,6.021902237,Maize,maize,uttarpradesh,3.4272159774543587,,maize,,maize,3.4272159774543587,3427.215977454359,205632.95864726152,187870.6686472615
UttarPradesh,832.4,68.78,Clay,12902.08,3200,66,53,19,23.09348056,6.033550195,Maize,maize,uttarpradesh,3.4272159774543587,,maize,,maize,3.4272159774543587,3427.215977454359,10967.091127853948,-1934.988872146052
UttarPradesh,185.82,58.24,Black Soil,25894.94,15000,74,55,19,18.05033737,6.28886807,Maize,maize,uttarpradesh,3.4272159774543587,,maize,,maize,3.4272159774543587,3427.215977454359,51408.23966181538,25513.29966181538
MadhyaPradesh,1836.2,75.88,Black Soil,3526.96,18000,77,57,21,24.9321581,6.550563823,Maize,maize,madhyapradesh,3.4272159774543587,,maize,,maize,3.4272159774543587,3427.215977454359,61689.88759417846,58162.92759417846
MadhyaPradesh,560.59,72.21,Sandy Loam,34956.18,22000,99,50,15,18.14710054,5.573286437,Maize,maize,madhyapradesh,3.4272159774543587,,maize,,maize,3.4272159774543587,3427.215977454359,75398.7515039959,40442.571503995896
MadhyaPradesh,935.92,56.37,Clay,10819.08,16000,74,56,22,18.28362235,6.829199275,Maize,maize,madhyapradesh,3.4272159774543587,,maize,,maize,3.4272159774543587,3427.215977454359,54835.45563926974,44016.37563926974
MadhyaPradesh,336.78,63.25,Black Soil,3725.41,14000,83,45,21,18.83344471,5.716222912,Maize,maize,madhyapradesh,3.4272159774543587,,maize,,maize,3.4272159774543587,3427.215977454359,47981.02368436102,44255.613684361015
MadhyaPradesh,737.64,69.22,Loam,3513.49,15000,100,48,16,25.71895816,5.54990242,Maize,maize,madhyapradesh,3.4272159774543587,,maize,,maize,3.4272159774543587,3427.215977454359,51408.23966181538,47894.74966181538
MadhyaPradesh,773.15,56.69,Loam,40263.71,45000,79,51,16,25.33797709,6.586244581,Maize,maize,madhyapradesh,3.4272159774543587,,maize,,maize,3.4272159774543587,3427.215977454359,154224.71898544615,113961.00898544615
MadhyaPradesh,940.5,69.64,Clay,84409.45,38000,94,39,18,23.89114571,5.893093135,Maize,maize,madhyapradesh,3.4272159774543587,,maize,,maize,3.4272159774543587,3427.215977454359,130234.20714326562,45824.757143265626
MadhyaPradesh,765.22,68.13,Black Soil,61187.64,65000,75,49,15,21.53574127,5.918263801,Maize,maize,madhyapradesh,3.4272159774543587,,maize,,maize,3.4272159774543587,3427.215977454359,222769.03853453332,161581.39853453333
MadhyaPradesh,463.19,61.7,Black Soil,124247.41,55000,78,48,22,23.08974909,5.588650585,Maize,maize,madhyapradesh,3.4272159774543587,,maize,,maize,3.4272159774543587,3427.215977454359,188496.87875998972,64249.468759989715
MadhyaPradesh,1179.15,65.66,Black Soil,5327.59,60000,87,54,20,25.61707368,6.576418207,Maize,maize,madhyapradesh,3.4272159774543587,,maize,,maize,3.4272159774543587,3427.215977454359,205632.95864726152,200305.36864726152
MadhyaPradesh,1820.87,62.73,Clay,19142.59,3200,87,35,25,21.44526922,6.178056304,Maize,maize,madhyapradesh,3.4272159774543587,,maize,,maize,3.4272159774543587,3427.215977454359,10967.091127853948,-8175.498872146052
MadhyaPradesh,446.57,64.95,Loam,7709.97,15000,63,43,19,18.51816776,6.641906353,Maize,maize,madhyapradesh,3.4272159774543587,,maize,,maize,3.4272159774543587,3427.215977454359,51408.23966181538,43698.26966181538
MadhyaPradesh,1339.16,76.53,Sandy Loam,16429.07,18000,84,57,25,22.53510514,6.489040367,Maize,maize,madhyapradesh,3.4272159774543587,,maize,,maize,3.4272159774543587,3427.215977454359,61689.88759417846,45260.81759417846
MadhyaPradesh,329.92,71.85,Sandy Loam,49054.6,22000,64,35,23,23.02038334,5.680361038,Maize,maize,madhyapradesh,3.4272159774543587,,maize,,maize,3.4272159774543587,3427.215977454359,75398.7515039959,26344.151503995898
MadhyaPradesh,510.15,73.87,Black Soil,32812.82,16000,60,46,22,24.89364635,6.625404348,Maize,maize,madhyapradesh,3.4272159774543587,,maize,,maize,3.4272159774543587,3427.215977454359,54835.45563926974,22022.63563926974
MadhyaPradesh,324.27,68.16,Clay,28574.93,14000,98,44,21,25.77175115,6.524478032,Maize,maize,madhyapradesh,3.4272159774543587,,maize,,maize,3.4272159774543587,3427.215977454359,47981.02368436102,19406.093684361018
MadhyaPradesh,496.29,61.7,Clay,23862.65,15000,75,56,18,19.39851734,5.696205468,Maize,maize,madhyapradesh,3.4272159774543587,,maize,,maize,3.4272159774543587,3427.215977454359,51408.23966181538,27545.58966181538
MadhyaPradesh,539.02,57.89,Loam,11421.72,45000,86,55,21,21.54156232,6.803931519,Maize,maize,madhyapradesh,3.4272159774543587,,maize,,maize,3.4272159774543587,3427.215977454359,154224.71898544615,142802.99898544615
MadhyaPradesh,541.93,66.62,Sandy Loam,85847.61,38000,98,35,18,23.79746068,6.252797548,Maize,maize,madhyapradesh,3.4272159774543587,,maize,,maize,3.4272159774543587,3427.215977454359,130234.20714326562,44386.59714326562
MadhyaPradesh,473.98,74.91,Loam,60818.52,65000,76,57,18,18.9802729,6.092725883,Maize,maize,madhyapradesh,3.4272159774543587,,maize,,maize,3.4272159774543587,3427.215977454359,222769.03853453332,161950.51853453333
MadhyaPradesh,329.66,70.54,Black Soil,14473.05,55000,99,56,17,24.10859207,6.234330356,Maize,maize,madhyapradesh,3.4272159774543587,,maize,,maize,3.4272159774543587,3427.215977454359,188496.87875998972,174023.82875998973
MadhyaPradesh,636.7,62.33,Clay,99590.17,60000,60,44,23,24.7947077,5.722579819,Maize,maize,madhyapradesh,3.4272159774543587,,maize,,maize,3.4272159774543587,3427.215977454359,205632.95864726152,106042.78864726152
MadhyaPradesh,1228.82,75.46,Loam,86618.9,3200,74,48,17,21.63162756,6.430616465,Maize,maize,madhyapradesh,3.4272159774543587,,maize,,maize,3.4272159774543587,3427.215977454359,10967.091127853948,-75651.80887214605
MadhyaPradesh,240.99,61.83,Loam,33254.54,15000,89,60,17,25.37548751,5.983952675,Maize,maize,madhyapradesh,3.4272159774543587,,maize,,maize,3.4272159774543587,3427.215977454359,51408.23966181538,18153.69966181538
MadhyaPradesh,845.99,63.42,Loam,5289.52,18000,69,51,23,22.21738222,6.80163854,Maize,maize,madhyapradesh,3.4272159774543587,,maize,,maize,3.4272159774543587,3427.215977454359,61689.88759417846,56400.36759417846
MadhyaPradesh,275.85,53.84,Clay,3330.49,22000,96,46,22,20.58314011,6.499936446,Maize,maize,madhyapradesh,3.4272159774543587,,maize,,maize,3.4272159774543587,3427.215977454359,75398.7515039959,72068.26150399589
MadhyaPradesh,512.05,66.04,Loam,12863.4,16000,61,60,15,24.87502824,6.265564338,Maize,maize,madhyapradesh,3.4272159774543587,,maize,,maize,3.4272159774543587,3427.215977454359,54835.45563926974,41972.05563926974
MadhyaPradesh,243.02,48.28,Clay,80395.78,14000,74,58,18,20.03728219,6.727303282,Maize,maize,madhyapradesh,3.4272159774543587,,maize,,maize,3.4272159774543587,3427.215977454359,47981.02368436102,-32414.75631563898
MadhyaPradesh,448.84,56.98,Loam,3721.62,15000,74,43,23,25.95263264,6.325235159,Maize,maize,madhyapradesh,3.4272159774543587,,maize,,maize,3.4272159774543587,3427.215977454359,51408.23966181538,47686.61966181538
MadhyaPradesh,520.36,49.39,Loam,20969.8,45000,63,43,17,19.28889933,6.807487794,Maize,maize,madhyapradesh,3.4272159774543587,,maize,,maize,3.4272159774543587,3427.215977454359,154224.71898544615,133254.91898544616
MadhyaPradesh,513.03,48.06,Sandy Loam,46422.94,38000,99,36,20,20.57981887,6.671085817,Maize,maize,madhyapradesh,3.4272159774543587,,maize,,maize,3.4272159774543587,3427.215977454359,130234.20714326562,83811.26714326562
MadhyaPradesh,622.04,55.15,Clay,68330.08,65000,77,36,23,24.71417533,6.648725327,Maize,maize,madhyapradesh,3.4272159774543587,,maize,,maize,3.4272159774543587,3427.215977454359,222769.03853453332,154438.95853453333
MadhyaPradesh,289.15,75.14,Sandy Loam,7463.23,55000,87,60,23,20.27317074,6.439071996,Maize,maize,madhyapradesh,3.4272159774543587,,maize,,maize,3.4272159774543587,3427.215977454359,188496.87875998972,181033.6487599897
MadhyaPradesh,502.83,58.58,Sandy Loam,125422.46,60000,60,38,17,18.41932981,6.474476516,Maize,maize,madhyapradesh,3.4272159774543587,,maize,,maize,3.4272159774543587,3427.215977454359,205632.95864726152,80210.49864726151
MadhyaPradesh,975.36,65.06,Clay,9805.92,3200,94,54,17,23.39128187,5.871647806,Maize,maize,madhyapradesh,3.4272159774543587,,maize,,maize,3.4272159774543587,3427.215977454359,10967.091127853948,1161.1711278539478
MadhyaPradesh,256.89,73.14,Sandy Loam,13746.89,15000,95,38,22,19.84939404,5.730617109,Maize,maize,madhyapradesh,3.4272159774543587,,maize,,maize,3.4272159774543587,3427.215977454359,51408.23966181538,37661.34966181538
MadhyaPradesh,766.26,60.12,Sandy Loam,108796.25,18000,84,44,21,21.869274,5.850439831,Maize,maize,madhyapradesh,3.4272159774543587,,maize,,maize,3.4272159774543587,3427.215977454359,61689.88759417846,-47106.36240582154
MadhyaPradesh,224.96,86.01,Loam,18605.66,22000,77,58,19,22.8056033,5.791649933,Maize,maize,madhyapradesh,3.4272159774543587,,maize,,maize,3.4272159774543587,3427.215977454359,75398.7515039959,56793.09150399589
MadhyaPradesh,487.72,69.21,Loam,34718.75,16000,66,44,20,19.0781471,6.740000688,Maize,maize,madhyapradesh,3.4272159774543587,,maize,,maize,3.4272159774543587,3427.215977454359,54835.45563926974,20116.70563926974
MadhyaPradesh,206.81,74.41,Clay,21302.0,14000,63,35,16,22.02720976,6.272417541,Maize,maize,madhyapradesh,3.4272159774543587,,maize,,maize,3.4272159774543587,3427.215977454359,47981.02368436102,26679.02368436102
MadhyaPradesh,293.36,70.81,Sandy Loam,24432.26,15000,79,45,20,23.80546189,5.715208817,Maize,maize,madhyapradesh,3.4272159774543587,,maize,,maize,3.4272159774543587,3427.215977454359,51408.23966181538,26975.97966181538
MadhyaPradesh,452.74,62.83,Sandy Loam,35991.08,45000,72,60,25,18.52510753,5.773454729,Maize,maize,madhyapradesh,3.4272159774543587,,maize,,maize,3.4272159774543587,3427.215977454359,154224.71898544615,118233.63898544614
MadhyaPradesh,451.46,68.89,Clay,14430.28,38000,67,51,24,23.50297882,5.584171461,Maize,maize,madhyapradesh,3.4272159774543587,,maize,,maize,3.4272159774543587,3427.215977454359,130234.20714326562,115803.92714326562
MadhyaPradesh,319.38,60.06,Sandy Loam,7505.62,65000,86,36,24,26.54986394,5.787268394,Maize,maize,madhyapradesh,3.4272159774543587,,maize,,maize,3.4272159774543587,3427.215977454359,222769.03853453332,215263.41853453332
MadhyaPradesh,163.36,56.54,Black Soil,13089.08,55000,76,48,18,19.29563411,5.77597783,Maize,maize,madhyapradesh,3.4272159774543587,,maize,,maize,3.4272159774543587,3427.215977454359,188496.87875998972,175407.79875998973
MadhyaPradesh,385.68,68.02,Sandy Loam,9143.55,60000,75,53,18,20.68899915,6.864793607,Maize,maize,madhyapradesh,3.4272159774543587,,maize,,maize,3.4272159774543587,3427.215977454359,205632.95864726152,196489.40864726153
MadhyaPradesh,877.94,89.84,Loam,8666.02,3200,81,45,23,19.32666088,6.192360003,Maize,maize,madhyapradesh,3.4272159774543587,,maize,,maize,3.4272159774543587,3427.215977454359,10967.091127853948,2301.0711278539475
MadhyaPradesh,224.36,75.13,Sandy Loam,68734.03,15000,73,45,21,24.60532218,6.636803223,Maize,maize,madhyapradesh,3.4272159774543587,,maize,,maize,3.4272159774543587,3427.215977454359,51408.23966181538,-17325.79033818462
MadhyaPradesh,908.68,59.76,Loam,9417.41,18000,71,35,24,22.27373646,5.826426917,Maize,maize,madhyapradesh,3.4272159774543587,,maize,,maize,3.4272159774543587,3427.215977454359,61689.88759417846,52272.47759417846
MadhyaPradesh,258.58,62.44,Sandy Loam,16137.07,22000,96,54,22,25.70196694,6.960358276,Maize,maize,madhyapradesh,3.4272159774543587,,maize,,maize,3.4272159774543587,3427.215977454359,75398.7515039959,59261.6815039959
MadhyaPradesh,441.11,78.07,Loam,42004.16,16000,99,39,18,19.20129357,6.11275104,Maize,maize,madhyapradesh,3.4272159774543587,,maize,,maize,3.4272159774543587,3427.215977454359,54835.45563926974,12831.295639269738
MadhyaPradesh,229.17,72.29,Clay,49349.06,14000,62,48,20,21.70181447,6.708446922,Maize,maize,madhyapradesh,3.4272159774543587,,maize,,maize,3.4272159774543587,3427.215977454359,47981.02368436102,-1368.0363156389794
MadhyaPradesh,356.9,60.38,Sandy Loam,16075.44,15000,86,37,16,20.51716779,5.561510732,Maize,maize,madhyapradesh,3.4272159774543587,,maize,,maize,3.4272159774543587,3427.215977454359,51408.23966181538,35332.79966181538
MadhyaPradesh,462.6,66.95,Clay,3152.53,45000,94,50,19,23.30355338,5.873242491,Maize,maize,madhyapradesh,3.4272159774543587,,maize,,maize,3.4272159774543587,3427.215977454359,154224.71898544615,151072.18898544615
MadhyaPradesh,480.26,78.94,Sandy Loam,11087.05,38000,76,39,24,24.2547451,6.995843776,Maize,maize,madhyapradesh,3.4272159774543587,,maize,,maize,3.4272159774543587,3427.215977454359,130234.20714326562,119147.15714326562
MadhyaPradesh,362.05,63.38,Sandy Loam,11620.11,65000,77,52,17,24.86374934,5.714799723,Maize,maize,madhyapradesh,3.4272159774543587,,maize,,maize,3.4272159774543587,3427.215977454359,222769.03853453332,211148.9285345333
MadhyaPradesh,212.68,62.14,Black Soil,26190.42,55000,74,39,23,22.6265115,6.78073637,Maize,maize,madhyapradesh,3.4272159774543587,,maize,,maize,3.4272159774543587,3427.215977454359,188496.87875998972,162306.4587599897
MadhyaPradesh,621.35,48.48,Loam,15703.69,60000,81,49,20,18.04185513,5.513697923,Maize,maize,madhyapradesh,3.4272159774543587,,maize,,maize,3.4272159774543587,3427.215977454359,205632.95864726152,189929.26864726152
MadhyaPradesh,984.55,77.36,Black Soil,87941.78,3200,63,42,21,23.26237612,5.798423908,Maize,maize,madhyapradesh,3.4272159774543587,,maize,,maize,3.4272159774543587,3427.215977454359,10967.091127853948,-76974.68887214606
MadhyaPradesh,256.85,50.44,Loam,70377.86,15000,99,38,21,22.88330922,6.352471866,Maize,maize,madhyapradesh,3.4272159774543587,,maize,,maize,3.4272159774543587,3427.215977454359,51408.23966181538,-18969.62033818462
Gujarat,810.39,63.28,Sandy Loam,44191.36,18000,90,52,25,25.97482359,6.822586546,Maize,maize,gujarat,1.7521083536046511,1752.1083536046513,maize,1.7521083536046511,maize,3.4272159774543587,1752.108353604651,31537.95036488372,-12653.40963511628
Gujarat,303.78,55.24,Sandy Loam,23599.69,22000,68,40,19,26.14384005,6.655426355,Maize,maize,gujarat,1.7521083536046511,1752.1083536046513,maize,1.7521083536046511,maize,3.4272159774543587,1752.108353604651,38546.38377930233,14946.693779302328
Gujarat,511.17,76.89,Black Soil,9422.78,16000,60,57,24,18.66116213,6.121294041,Maize,maize,gujarat,1.7521083536046511,1752.1083536046513,maize,1.7521083536046511,maize,3.4272159774543587,1752.108353604651,28033.733657674416,18610.953657674414
Gujarat,229.22,65.29,Black Soil,99089.69,14000,71,52,18,25.10787449,5.790770203,Maize,maize,gujarat,1.7521083536046511,1752.1083536046513,maize,1.7521083536046511,maize,3.4272159774543587,1752.108353604651,24529.516950465117,-74560.17304953489
Gujarat,433.5,53.03,Loam,19442.43,15000,61,59,17,23.33844615,6.47444292,Maize,maize,gujarat,1.7521083536046511,1752.1083536046513,maize,1.7521083536046511,maize,3.4272159774543587,1752.108353604651,26281.625304069767,6839.195304069766
Gujarat,397.68,68.99,Loam,70149.56,45000,88,38,15,25.08239719,6.455116637,Maize,maize,gujarat,1.7521083536046511,1752.1083536046513,maize,1.7521083536046511,maize,3.4272159774543587,1752.108353604651,78844.8759122093,8695.315912209306
Gujarat,561.69,67.88,Clay,16688.95,38000,65,60,22,25.36768364,6.606984086,Maize,maize,gujarat,1.7521083536046511,1752.1083536046513,maize,1.7521083536046511,maize,3.4272159774543587,1752.108353604651,66580.11743697674,49891.16743697674
Gujarat,437.86,72.38,Loam,31514.77,65000,78,37,22,25.34217103,6.330554389,Maize,maize,gujarat,1.7521083536046511,1752.1083536046513,maize,1.7521083536046511,maize,3.4272159774543587,1752.108353604651,113887.04298430232,82372.27298430231
Gujarat,242.11,73.81,Clay,40494.99,55000,78,58,15,25.00933355,6.528631266,Maize,maize,gujarat,1.7521083536046511,1752.1083536046513,maize,1.7521083536046511,maize,3.4272159774543587,1752.108353604651,96365.95944825582,55870.96944825582
Gujarat,657.56,56.39,Clay,94055.48,60000,92,60,23,18.66746724,5.721667141,Maize,maize,gujarat,1.7521083536046511,1752.1083536046513,maize,1.7521083536046511,maize,3.4272159774543587,1752.108353604651,105126.50121627907,11071.02121627907
Gujarat,1102.74,55.1,Sandy Loam,38028.59,3200,79,59,17,20.37999665,6.644205485,Maize,maize,gujarat,1.7521083536046511,1752.1083536046513,maize,1.7521083536046511,maize,3.4272159774543587,1752.108353604651,5606.746731534884,-32421.843268465112
Gujarat,264.56,78.0,Loam,50390.21,15000,91,55,15,18.09300227,6.376651091,Maize,maize,gujarat,1.7521083536046511,1752.1083536046513,maize,1.7521083536046511,maize,3.4272159774543587,1752.108353604651,26281.625304069767,-24108.584695930233
Gujarat,1033.01,68.79,Clay,35470.85,18000,76,51,18,26.16985907,6.247040422,Maize,maize,gujarat,1.7521083536046511,1752.1083536046513,maize,1.7521083536046511,maize,3.4272159774543587,1752.108353604651,31537.95036488372,-3932.8996351162787
Gujarat,370.31,71.95,Clay,9059.05,22000,87,48,25,18.65396672,6.656730008,Maize,maize,gujarat,1.7521083536046511,1752.1083536046513,maize,1.7521083536046511,maize,3.4272159774543587,1752.108353604651,38546.38377930233,29487.333779302327
Gujarat,539.84,49.63,Loam,37077.58,16000,71,60,22,26.07470121,6.2048017,Maize,maize,gujarat,1.7521083536046511,1752.1083536046513,maize,1.7521083536046511,maize,3.4272159774543587,1752.108353604651,28033.733657674416,-9043.846342325585
Gujarat,357.16,60.25,Black Soil,6632.41,14000,90,57,24,18.92851916,6.158860284,Maize,maize,gujarat,1.7521083536046511,1752.1083536046513,maize,1.7521083536046511,maize,3.4272159774543587,1752.108353604651,24529.516950465117,17897.106950465117
Gujarat,332.95,59.15,Clay,116652.83,15000,67,35,22,23.30546753,6.385684214,Maize,maize,gujarat,1.7521083536046511,1752.1083536046513,maize,1.7521083536046511,maize,3.4272159774543587,1752.108353604651,26281.625304069767,-90371.20469593024
Gujarat,526.66,76.23,Clay,8159.8,45000,60,54,19,18.74826712,6.417820493,Maize,maize,gujarat,1.7521083536046511,1752.1083536046513,maize,1.7521083536046511,maize,3.4272159774543587,1752.108353604651,78844.8759122093,70685.0759122093
Gujarat,654.95,53.06,Black Soil,8227.67,38000,83,58,23,19.74213321,6.381201909,Maize,maize,gujarat,1.7521083536046511,1752.1083536046513,maize,1.7521083536046511,maize,3.4272159774543587,1752.108353604651,66580.11743697674,58352.44743697674
Gujarat,586.81,63.73,Clay,15818.3,65000,83,57,19,25.73044432,6.877869005,Maize,maize,gujarat,1.7521083536046511,1752.1083536046513,maize,1.7521083536046511,maize,3.4272159774543587,1752.108353604651,113887.04298430232,98068.74298430231
Gujarat,261.32,67.37,Sandy Loam,4037.77,55000,40,72,77,17.02498456,7.485996067,ChickPea,gram,gujarat,0.9505344421304348,950.5344421304349,gram,0.9505344421304348,gram,0.8764689137326531,950.5344421304349,52279.394317173916,48241.62431717392
Gujarat,849.04,69.07,Clay,52384.16,60000,23,72,84,19.02061277,6.920251378,ChickPea,gram,gujarat,0.9505344421304348,950.5344421304349,gram,0.9505344421304348,gram,0.8764689137326531,950.5344421304349,57032.066527826086,4647.906527826082
Gujarat,1314.81,86.27,Clay,21102.41,3200,39,58,85,17.88776475,5.996932037,ChickPea,gram,gujarat,0.9505344421304348,950.5344421304349,gram,0.9505344421304348,gram,0.8764689137326531,950.5344421304349,3041.7102148173913,-18060.69978518261
Gujarat,235.92,66.66,Loam,10783.94,15000,22,72,85,18.86805647,6.391173589,ChickPea,gram,gujarat,0.9505344421304348,950.5344421304349,gram,0.9505344421304348,gram,0.8764689137326531,950.5344421304349,14258.016631956521,3474.076631956521
Gujarat,1255.25,72.32,Loam,18505.01,18000,36,67,77,18.36952567,7.152811172,ChickPea,gram,gujarat,0.9505344421304348,950.5344421304349,gram,0.9505344421304348,gram,0.8764689137326531,950.5344421304349,17109.619958347826,-1395.390041652172
Gujarat,422.9,69.8,Clay,72476.33,22000,32,73,81,20.45078582,5.988992796,ChickPea,gram,gujarat,0.9505344421304348,950.5344421304349,gram,0.9505344421304348,gram,0.8764689137326531,950.5344421304349,20911.757726869564,-51564.57227313044
Gujarat,671.41,91.87,Black Soil,38472.69,16000,58,70,84,20.6543203,6.231049028,ChickPea,gram,gujarat,0.9505344421304348,950.5344421304349,gram,0.9505344421304348,gram,0.8764689137326531,950.5344421304349,15208.551074086958,-23264.138925913045
Gujarat,336.96,71.69,Sandy Loam,3172.16,14000,59,70,84,17.3348681,7.550808267,ChickPea,gram,gujarat,0.9505344421304348,950.5344421304349,gram,0.9505344421304348,gram,0.8764689137326531,950.5344421304349,13307.482189826087,10135.322189826087
Gujarat,523.0,68.9,Clay,109967.6,15000,42,62,75,18.17912258,7.010570541,ChickPea,gram,gujarat,0.9505344421304348,950.5344421304349,gram,0.9505344421304348,gram,0.8764689137326531,950.5344421304349,14258.016631956521,-95709.58336804349
Gujarat,717.68,74.5,Clay,12250.27,45000,28,74,81,18.01272266,8.753795334,ChickPea,gram,gujarat,0.9505344421304348,950.5344421304349,gram,0.9505344421304348,gram,0.8764689137326531,950.5344421304349,42774.04989586957,30523.779895869568
Gujarat,669.66,70.86,Sandy Loam,10134.82,38000,58,66,79,20.99373558,8.718192847,ChickPea,gram,gujarat,0.9505344421304348,950.5344421304349,gram,0.9505344421304348,gram,0.8764689137326531,950.5344421304349,36120.308800956525,25985.488800956526
Gujarat,958.62,72.54,Loam,54507.3,65000,43,66,79,19.46233971,7.976607593,ChickPea,gram,gujarat,0.9505344421304348,950.5344421304349,gram,0.9505344421304348,gram,0.8764689137326531,950.5344421304349,61784.73873847826,7277.43873847826
Gujarat,317.05,64.43,Sandy Loam,54639.01,55000,58,63,81,19.81344531,6.515499549,ChickPea,gram,gujarat,0.9505344421304348,950.5344421304349,gram,0.9505344421304348,gram,0.8764689137326531,950.5344421304349,52279.394317173916,-2359.6156828260864
Gujarat,874.48,59.03,Black Soil,6754.39,60000,23,62,85,18.97424756,8.490127142,ChickPea,gram,gujarat,0.9505344421304348,950.5344421304349,gram,0.9505344421304348,gram,0.8764689137326531,950.5344421304349,57032.066527826086,50277.67652782609
Gujarat,1718.48,54.76,Sandy Loam,9898.64,3200,27,62,77,18.19737048,6.576415562,ChickPea,gram,gujarat,0.9505344421304348,950.5344421304349,gram,0.9505344421304348,gram,0.8764689137326531,950.5344421304349,3041.7102148173913,-6856.929785182609
Gujarat,417.46,65.52,Loam,86123.23,15000,28,72,84,18.72963144,6.481783043,ChickPea,gram,gujarat,0.9505344421304348,950.5344421304349,gram,0.9505344421304348,gram,0.8764689137326531,950.5344421304349,14258.016631956521,-71865.21336804348
Gujarat,1368.35,73.47,Clay,5824.44,18000,50,56,76,20.99502153,7.966605025,ChickPea,gram,gujarat,0.9505344421304348,950.5344421304349,gram,0.9505344421304348,gram,0.8764689137326531,950.5344421304349,17109.619958347826,11285.179958347828
Gujarat,407.46,65.28,Sandy Loam,34682.51,22000,39,71,84,20.28155898,8.140825437,ChickPea,gram,gujarat,0.9505344421304348,950.5344421304349,gram,0.9505344421304348,gram,0.8764689137326531,950.5344421304349,20911.757726869564,-13770.752273130438
Gujarat,621.92,56.94,Loam,44782.65,16000,25,78,76,17.48042641,7.228963452,ChickPea,gram,gujarat,0.9505344421304348,950.5344421304349,gram,0.9505344421304348,gram,0.8764689137326531,950.5344421304349,15208.551074086958,-29574.098925913044
Gujarat,295.8,64.4,Black Soil,9001.63,14000,31,70,77,20.88818675,6.492546046,ChickPea,gram,gujarat,0.9505344421304348,950.5344421304349,gram,0.9505344421304348,gram,0.8764689137326531,950.5344421304349,13307.482189826087,4305.852189826088
Gujarat,451.8,67.85,Sandy Loam,125025.49,15000,26,80,83,17.08498521,7.528599957,ChickPea,gram,gujarat,0.9505344421304348,950.5344421304349,gram,0.9505344421304348,gram,0.8764689137326531,950.5344421304349,14258.016631956521,-110767.47336804349
Gujarat,629.81,70.76,Loam,62317.01,45000,25,68,77,20.09340593,7.701446446,ChickPea,gram,gujarat,0.9505344421304348,950.5344421304349,gram,0.9505344421304348,gram,0.8764689137326531,950.5344421304349,42774.04989586957,-19542.960104130434
Gujarat,682.44,65.22,Clay,41251.55,38000,31,78,76,17.57212145,8.519975748,ChickPea,gram,gujarat,0.9505344421304348,950.5344421304349,gram,0.9505344421304348,gram,0.8764689137326531,950.5344421304349,36120.308800956525,-5131.2411990434775
Gujarat,536.0,69.94,Loam,28823.4,65000,60,68,83,19.12065218,6.620900869,ChickPea,gram,gujarat,0.9505344421304348,950.5344421304349,gram,0.9505344421304348,gram,0.8764689137326531,950.5344421304349,61784.73873847826,32961.33873847826
Gujarat,373.68,60.63,Black Soil,46359.74,55000,59,62,83,18.57665902,8.104396058,ChickPea,gram,gujarat,0.9505344421304348,950.5344421304349,gram,0.9505344421304348,gram,0.8764689137326531,950.5344421304349,52279.394317173916,5919.654317173918
Gujarat,825.29,92.56,Clay,29174.47,60000,22,67,78,17.16606398,6.204090835,ChickPea,gram,gujarat,0.9505344421304348,950.5344421304349,gram,0.9505344421304348,gram,0.8764689137326531,950.5344421304349,57032.066527826086,27857.596527826085
Gujarat,1274.96,58.18,Black Soil,41497.98,3200,36,65,80,18.2872007,6.051091339,ChickPea,gram,gujarat,0.9505344421304348,950.5344421304349,gram,0.9505344421304348,gram,0.8764689137326531,950.5344421304349,3041.7102148173913,-38456.26978518261
Gujarat,336.27,63.92,Sandy Loam,6470.38,15000,59,60,84,19.03025305,7.690962338,ChickPea,gram,gujarat,0.9505344421304348,950.5344421304349,gram,0.9505344421304348,gram,0.8764689137326531,950.5344421304349,14258.016631956521,7787.636631956521
Gujarat,609.65,62.83,Sandy Loam,37992.23,18000,54,77,85,17.1418614,7.829211144,ChickPea,gram,gujarat,0.9505344421304348,950.5344421304349,gram,0.9505344421304348,gram,0.8764689137326531,950.5344421304349,17109.619958347826,-20882.610041652177
Gujarat,204.83,54.75,Loam,35154.62,22000,43,68,81,17.47809436,6.761599706,ChickPea,gram,gujarat,0.9505344421304348,950.5344421304349,gram,0.9505344421304348,gram,0.8764689137326531,950.5344421304349,20911.757726869564,-14242.862273130439
Gujarat,363.72,67.71,Sandy Loam,9974.54,16000,28,76,82,20.56601874,6.654425315,ChickPea,gram,gujarat,0.9505344421304348,950.5344421304349,gram,0.9505344421304348,gram,0.8764689137326531,950.5344421304349,15208.551074086958,5234.011074086957
Gujarat,155.42,79.77,Sandy Loam,87303.77,14000,42,79,85,17.22385224,6.129533877,ChickPea,gram,gujarat,0.9505344421304348,950.5344421304349,gram,0.9505344421304348,gram,0.8764689137326531,950.5344421304349,13307.482189826087,-73996.28781017392
Gujarat,262.3,80.34,Black Soil,11337.45,15000,32,60,83,19.69141713,8.829273328,ChickPea,gram,gujarat,0.9505344421304348,950.5344421304349,gram,0.9505344421304348,gram,0.8764689137326531,950.5344421304349,14258.016631956521,2920.5666319565207
Gujarat,327.58,89.16,Black Soil,8137.9,45000,22,78,76,17.84851658,8.621662982,ChickPea,gram,gujarat,0.9505344421304348,950.5344421304349,gram,0.9505344421304348,gram,0.8764689137326531,950.5344421304349,42774.04989586957,34636.14989586957
Gujarat,348.54,72.5,Sandy Loam,40361.71,38000,31,79,75,18.8202251,8.204862075,ChickPea,gram,gujarat,0.9505344421304348,950.5344421304349,gram,0.9505344421304348,gram,0.8764689137326531,950.5344421304349,36120.308800956525,-4241.401199043474
Gujarat,402.11,56.2,Clay,10836.02,65000,28,58,81,17.47500984,6.18042747,ChickPea,gram,gujarat,0.9505344421304348,950.5344421304349,gram,0.9505344421304348,gram,0.8764689137326531,950.5344421304349,61784.73873847826,50948.71873847826
Gujarat,177.11,59.74,Black Soil,69000.75,55000,57,58,77,18.72649425,7.978996755,ChickPea,gram,gujarat,0.9505344421304348,950.5344421304349,gram,0.9505344421304348,gram,0.8764689137326531,950.5344421304349,52279.394317173916,-16721.355682826084
Gujarat,421.54,52.39,Black Soil,4840.04,60000,49,55,78,18.65580107,7.863113671,ChickPea,gram,gujarat,0.9505344421304348,950.5344421304349,gram,0.9505344421304348,gram,0.8764689137326531,950.5344421304349,57032.066527826086,52192.026527826085
Gujarat,833.78,95.0,Clay,3224.74,3200,46,76,77,18.2356751,6.967843048,ChickPea,gram,gujarat,0.9505344421304348,950.5344421304349,gram,0.9505344421304348,gram,0.8764689137326531,950.5344421304349,3041.7102148173913,-183.02978518260852
Gujarat,192.22,60.08,Sandy Loam,30452.24,15000,54,61,77,18.81198127,6.206582193,ChickPea,gram,gujarat,0.9505344421304348,950.5344421304349,gram,0.9505344421304348,gram,0.8764689137326531,950.5344421304349,14258.016631956521,-16194.22336804348
Bihar,1261.4,76.66,Loam,50154.92,18000,38,60,76,18.65054116,8.868741443,ChickPea,gram,bihar,1.0048192945217391,1004.8192945217392,gram,1.0048192945217391,gram,0.8764689137326531,1004.8192945217392,18086.747301391304,-32068.172698608694
Bihar,372.58,69.8,Sandy Loam,107234.36,22000,59,55,79,20.36720401,8.766128654,ChickPea,gram,bihar,1.0048192945217391,1004.8192945217392,gram,1.0048192945217391,gram,0.8764689137326531,1004.8192945217392,22106.02447947826,-85128.33552052174
Bihar,548.9,60.8,Black Soil,4465.12,16000,36,76,75,18.38120357,8.736337905,ChickPea,gram,bihar,1.0048192945217391,1004.8192945217392,gram,1.0048192945217391,gram,0.8764689137326531,1004.8192945217392,16077.108712347826,11611.988712347826
Bihar,371.98,65.09,Sandy Loam,97352.7,14000,57,68,81,17.17012591,8.081095263,ChickPea,gram,bihar,1.0048192945217391,1004.8192945217392,gram,1.0048192945217391,gram,0.8764689137326531,1004.8192945217392,14067.470123304347,-83285.22987669565
Bihar,586.29,55.04,Black Soil,28961.04,15000,35,66,81,19.37101121,6.138243973,ChickPea,gram,bihar,1.0048192945217391,1004.8192945217392,gram,1.0048192945217391,gram,0.8764689137326531,1004.8192945217392,15072.289417826087,-13888.750582173914
Bihar,607.63,50.38,Clay,16314.9,45000,35,64,78,17.92845928,7.496645259,ChickPea,gram,bihar,1.0048192945217391,1004.8192945217392,gram,1.0048192945217391,gram,0.8764689137326531,1004.8192945217392,45216.868253478264,28901.968253478262
Bihar,784.7,67.6,Black Soil,10170.95,38000,52,60,79,19.45339934,8.380185271,ChickPea,gram,bihar,1.0048192945217391,1004.8192945217392,gram,1.0048192945217391,gram,0.8764689137326531,1004.8192945217392,38183.133191826084,28012.183191826083
Bihar,811.85,70.24,Clay,3474.89,65000,27,76,83,19.12829388,6.289614016,ChickPea,gram,bihar,1.0048192945217391,1004.8192945217392,gram,1.0048192945217391,gram,0.8764689137326531,1004.8192945217392,65313.254143913044,61838.364143913044
Bihar,385.07,51.07,Loam,18452.58,55000,57,60,84,19.1034283,6.586777189,ChickPea,gram,bihar,1.0048192945217391,1004.8192945217392,gram,1.0048192945217391,gram,0.8764689137326531,1004.8192945217392,55265.06119869565,36812.48119869565
Bihar,826.43,64.42,Sandy Loam,14132.95,60000,52,68,78,17.48504075,6.89655198,ChickPea,gram,bihar,1.0048192945217391,1004.8192945217392,gram,1.0048192945217391,gram,0.8764689137326531,1004.8192945217392,60289.15767130435,46156.20767130435
Bihar,1393.67,59.08,Clay,6759.0,3200,43,79,79,19.40751744,7.806747656,ChickPea,gram,bihar,1.0048192945217391,1004.8192945217392,gram,1.0048192945217391,gram,0.8764689137326531,1004.8192945217392,3215.4217424695653,-3543.5782575304347
Bihar,382.56,59.33,Sandy Loam,9889.65,15000,44,74,85,20.18649426,7.150681303,ChickPea,gram,bihar,1.0048192945217391,1004.8192945217392,gram,1.0048192945217391,gram,0.8764689137326531,1004.8192945217392,15072.289417826087,5182.639417826087
Bihar,1205.66,66.84,Clay,9779.97,18000,24,55,78,17.30287885,6.64919573,ChickPea,gram,bihar,1.0048192945217391,1004.8192945217392,gram,1.0048192945217391,gram,0.8764689137326531,1004.8192945217392,18086.747301391304,8306.777301391305
Bihar,328.33,62.7,Loam,43577.22,22000,29,77,75,17.50361137,7.778591618,ChickPea,gram,bihar,1.0048192945217391,1004.8192945217392,gram,1.0048192945217391,gram,0.8764689137326531,1004.8192945217392,22106.02447947826,-21471.195520521742
Bihar,607.76,62.76,Clay,12364.23,16000,20,60,78,18.17234999,6.358740355,ChickPea,gram,bihar,1.0048192945217391,1004.8192945217392,gram,1.0048192945217391,gram,0.8764689137326531,1004.8192945217392,16077.108712347826,3712.878712347827
Bihar,308.75,64.23,Loam,45436.66,14000,56,67,78,17.57445618,8.255450758,ChickPea,gram,bihar,1.0048192945217391,1004.8192945217392,gram,1.0048192945217391,gram,0.8764689137326531,1004.8192945217392,14067.470123304347,-31369.18987669566
Bihar,393.78,74.64,Black Soil,21390.01,15000,37,66,85,20.93175255,6.456148474,ChickPea,gram,bihar,1.0048192945217391,1004.8192945217392,gram,1.0048192945217391,gram,0.8764689137326531,1004.8192945217392,15072.289417826087,-6317.720582173912
Bihar,593.09,62.98,Clay,10514.52,45000,49,71,76,19.71098332,6.613072145,ChickPea,gram,bihar,1.0048192945217391,1004.8192945217392,gram,1.0048192945217391,gram,0.8764689137326531,1004.8192945217392,45216.868253478264,34702.34825347827
Bihar,590.97,76.86,Black Soil,23920.55,38000,59,69,80,19.07937684,8.165359297,ChickPea,gram,bihar,1.0048192945217391,1004.8192945217392,gram,1.0048192945217391,gram,0.8764689137326531,1004.8192945217392,38183.133191826084,14262.583191826085
Bihar,529.52,72.02,Black Soil,5034.71,65000,20,79,77,18.54988627,7.64867466,ChickPea,gram,bihar,1.0048192945217391,1004.8192945217392,gram,1.0048192945217391,gram,0.8764689137326531,1004.8192945217392,65313.254143913044,60278.544143913045
Bihar,323.64,61.63,Clay,64297.46,55000,24,56,85,18.19903647,6.545888558,ChickPea,gram,bihar,1.0048192945217391,1004.8192945217392,gram,1.0048192945217391,gram,0.8764689137326531,1004.8192945217392,55265.06119869565,-9032.398801304349
Bihar,594.92,57.21,Loam,21887.66,60000,51,72,75,18.88852533,7.104224797,ChickPea,gram,bihar,1.0048192945217391,1004.8192945217392,gram,1.0048192945217391,gram,0.8764689137326531,1004.8192945217392,60289.15767130435,38401.49767130434
Bihar,966.24,69.64,Black Soil,16274.59,3200,57,73,85,18.49311205,7.358099622,ChickPea,gram,bihar,1.0048192945217391,1004.8192945217392,gram,1.0048192945217391,gram,0.8764689137326531,1004.8192945217392,3215.4217424695653,-13059.168257530435
Bihar,324.72,67.01,Clay,12924.94,15000,22,64,82,19.48974337,6.4740245,ChickPea,gram,bihar,1.0048192945217391,1004.8192945217392,gram,1.0048192945217391,gram,0.8764689137326531,1004.8192945217392,15072.289417826087,2147.349417826086
Bihar,625.19,76.51,Black Soil,12588.41,18000,52,73,79,17.25769499,7.840339389,ChickPea,gram,bihar,1.0048192945217391,1004.8192945217392,gram,1.0048192945217391,gram,0.8764689137326531,1004.8192945217392,18086.747301391304,5498.337301391304
Bihar,231.58,73.26,Clay,23969.98,22000,29,75,75,19.62416326,7.064790365,ChickPea,gram,bihar,1.0048192945217391,1004.8192945217392,gram,1.0048192945217391,gram,0.8764689137326531,1004.8192945217392,22106.02447947826,-1863.9555205217403
Bihar,332.96,76.25,Black Soil,5327.32,16000,44,59,78,20.67526473,7.599033472,ChickPea,gram,bihar,1.0048192945217391,1004.8192945217392,gram,1.0048192945217391,gram,0.8764689137326531,1004.8192945217392,16077.108712347826,10749.788712347827
Bihar,198.36,57.17,Black Soil,3808.89,14000,41,69,82,20.02381489,6.715587232,ChickPea,gram,bihar,1.0048192945217391,1004.8192945217392,gram,1.0048192945217391,gram,0.8764689137326531,1004.8192945217392,14067.470123304347,10258.580123304348
Bihar,251.27,58.4,Sandy Loam,41025.14,15000,52,56,85,20.1187446,6.81712422,ChickPea,gram,bihar,1.0048192945217391,1004.8192945217392,gram,1.0048192945217391,gram,0.8764689137326531,1004.8192945217392,15072.289417826087,-25952.850582173913
Bihar,319.53,80.61,Black Soil,7018.64,45000,34,76,80,20.65691793,7.985417393,ChickPea,gram,bihar,1.0048192945217391,1004.8192945217392,gram,1.0048192945217391,gram,0.8764689137326531,1004.8192945217392,45216.868253478264,38198.228253478264
Bihar,338.59,71.49,Black Soil,7862.69,38000,42,74,83,19.2582557,7.545258424,ChickPea,gram,bihar,1.0048192945217391,1004.8192945217392,gram,1.0048192945217391,gram,0.8764689137326531,1004.8192945217392,38183.133191826084,30320.443191826085
Bihar,351.94,50.7,Black Soil,11886.03,65000,34,71,79,17.927806,7.728998197,ChickPea,gram,bihar,1.0048192945217391,1004.8192945217392,gram,1.0048192945217391,gram,0.8764689137326531,1004.8192945217392,65313.254143913044,53427.224143913045
Bihar,205.36,55.32,Sandy Loam,16619.73,55000,27,73,79,19.16288268,7.354973451,ChickPea,gram,bihar,1.0048192945217391,1004.8192945217392,gram,1.0048192945217391,gram,0.8764689137326531,1004.8192945217392,55265.06119869565,38645.331198695654
Bihar,462.0,74.75,Sandy Loam,36223.21,60000,30,70,79,20.26942271,7.313122235,ChickPea,gram,bihar,1.0048192945217391,1004.8192945217392,gram,1.0048192945217391,gram,0.8764689137326531,1004.8192945217392,60289.15767130435,24065.947671304348
Bihar,840.01,56.86,Black Soil,25463.83,3200,57,57,75,17.09104223,7.785039076,ChickPea,gram,bihar,1.0048192945217391,1004.8192945217392,gram,1.0048192945217391,gram,0.8764689137326531,1004.8192945217392,3215.4217424695653,-22248.408257530435
Bihar,195.56,76.58,Clay,38706.21,15000,27,79,82,17.06579293,6.307004923,ChickPea,gram,bihar,1.0048192945217391,1004.8192945217392,gram,1.0048192945217391,gram,0.8764689137326531,1004.8192945217392,15072.289417826087,-23633.920582173912
Bihar,819.17,79.66,Black Soil,8260.89,18000,32,71,85,20.62767492,6.403982316,ChickPea,gram,bihar,1.0048192945217391,1004.8192945217392,gram,1.0048192945217391,gram,0.8764689137326531,1004.8192945217392,18086.747301391304,9825.857301391305
Bihar,294.38,65.2,Sandy Loam,10949.46,22000,31,76,82,20.8248451,7.599279991,ChickPea,gram,bihar,1.0048192945217391,1004.8192945217392,gram,1.0048192945217391,gram,0.8764689137326531,1004.8192945217392,22106.02447947826,11156.56447947826
Bihar,469.53,66.6,Sandy Loam,21882.28,16000,33,75,84,19.46210401,7.217018459,ChickPea,gram,bihar,1.0048192945217391,1004.8192945217392,gram,1.0048192945217391,gram,0.8764689137326531,1004.8192945217392,16077.108712347826,-5805.171287652172
Bihar,237.62,61.77,Sandy Loam,67454.34,14000,47,80,77,17.18248372,7.561108006,ChickPea,gram,bihar,1.0048192945217391,1004.8192945217392,gram,1.0048192945217391,gram,0.8764689137326531,1004.8192945217392,14067.470123304347,-53386.86987669565
Bihar,343.24,66.25,Loam,13536.12,15000,54,62,80,17.48911699,7.489545074,ChickPea,gram,bihar,1.0048192945217391,1004.8192945217392,gram,1.0048192945217391,gram,0.8764689137326531,1004.8192945217392,15072.289417826087,1536.169417826086
Bihar,445.86,68.9,Clay,15802.87,45000,47,79,78,17.48395377,6.609696734,ChickPea,gram,bihar,1.0048192945217391,1004.8192945217392,gram,1.0048192945217391,gram,0.8764689137326531,1004.8192945217392,45216.868253478264,29413.99825347826
Bihar,538.88,61.37,Black Soil,59975.13,38000,35,57,83,19.48316794,7.476800943,ChickPea,gram,bihar,1.0048192945217391,1004.8192945217392,gram,1.0048192945217391,gram,0.8764689137326531,1004.8192945217392,38183.133191826084,-21791.996808173913
Bihar,566.04,59.97,Clay,24792.56,65000,53,73,77,19.71359733,7.325451279,ChickPea,gram,bihar,1.0048192945217391,1004.8192945217392,gram,1.0048192945217391,gram,0.8764689137326531,1004.8192945217392,65313.254143913044,40520.694143913046
Bihar,277.0,67.63,Clay,16372.19,55000,45,61,78,19.48649305,6.489389282,ChickPea,gram,bihar,1.0048192945217391,1004.8192945217392,gram,1.0048192945217391,gram,0.8764689137326531,1004.8192945217392,55265.06119869565,38892.87119869565
Bihar,563.9,63.78,Black Soil,7551.27,60000,37,78,79,19.95264829,7.786366322,ChickPea,gram,bihar,1.0048192945217391,1004.8192945217392,gram,1.0048192945217391,gram,0.8764689137326531,1004.8192945217392,60289.15767130435,52737.88767130434
Bihar,1105.96,52.97,Sandy Loam,4109.55,3200,30,75,81,19.41789736,6.408437886,ChickPea,gram,bihar,1.0048192945217391,1004.8192945217392,gram,1.0048192945217391,gram,0.8764689137326531,1004.8192945217392,3215.4217424695653,-894.1282575304349
Bihar,276.85,55.89,Black Soil,6860.9,15000,37,55,82,19.45591848,8.423873703,ChickPea,gram,bihar,1.0048192945217391,1004.8192945217392,gram,1.0048192945217391,gram,0.8764689137326531,1004.8192945217392,15072.289417826087,8211.389417826087
Bihar,1382.97,50.62,Loam,23040.06,18000,53,65,76,20.19137759,8.719960893,ChickPea,gram,bihar,1.0048192945217391,1004.8192945217392,gram,1.0048192945217391,gram,0.8764689137326531,1004.8192945217392,18086.747301391304,-4953.312698608697
Bihar,404.71,70.36,Black Soil,17778.02,22000,22,60,85,18.8392908,7.811997977,ChickPea,gram,bihar,1.0048192945217391,1004.8192945217392,gram,1.0048192945217391,gram,0.8764689137326531,1004.8192945217392,22106.02447947826,4328.004479478259
Bihar,569.76,45.05,Loam,11543.46,16000,60,61,78,20.71219282,6.317153205,ChickPea,gram,bihar,1.0048192945217391,1004.8192945217392,gram,1.0048192945217391,gram,0.8764689137326531,1004.8192945217392,16077.108712347826,4533.648712347827
Bihar,227.89,49.41,Black Soil,9680.44,14000,42,67,77,18.99424448,7.114405288,ChickPea,gram,bihar,1.0048192945217391,1004.8192945217392,gram,1.0048192945217391,gram,0.8764689137326531,1004.8192945217392,14067.470123304347,4387.0301233043465
Bihar,514.02,55.3,Loam,5352.0,15000,39,76,76,19.96837462,8.135900726,ChickPea,gram,bihar,1.0048192945217391,1004.8192945217392,gram,1.0048192945217391,gram,0.8764689137326531,1004.8192945217392,15072.289417826087,9720.289417826087
Bihar,449.8,62.95,Sandy Loam,7244.85,45000,35,63,76,17.81564548,7.714153038,ChickPea,gram,bihar,1.0048192945217391,1004.8192945217392,gram,1.0048192945217391,gram,0.8764689137326531,1004.8192945217392,45216.868253478264,37972.018253478265
Bihar,507.72,65.46,Black Soil,37392.27,38000,30,65,82,20.71424384,7.103798069,ChickPea,gram,bihar,1.0048192945217391,1004.8192945217392,gram,1.0048192945217391,gram,0.8764689137326531,1004.8192945217392,38183.133191826084,790.8631918260871
Bihar,695.6,57.89,Clay,19069.96,65000,57,56,78,17.34150229,8.861479668,ChickPea,gram,bihar,1.0048192945217391,1004.8192945217392,gram,1.0048192945217391,gram,0.8764689137326531,1004.8192945217392,65313.254143913044,46243.294143913045
Bihar,302.58,61.43,Clay,4384.05,55000,48,65,78,17.43732714,7.861128148,ChickPea,gram,bihar,1.0048192945217391,1004.8192945217392,gram,1.0048192945217391,gram,0.8764689137326531,1004.8192945217392,55265.06119869565,50881.01119869565
Bihar,958.54,66.79,Black Soil,11814.9,60000,36,56,83,18.89780215,7.4526709,ChickPea,gram,bihar,1.0048192945217391,1004.8192945217392,gram,1.0048192945217391,gram,0.8764689137326531,1004.8192945217392,60289.15767130435,48474.257671304345
Bihar,1676.19,57.88,Loam,47165.03,3200,40,58,75,18.59190771,7.168096055,ChickPea,gram,bihar,1.0048192945217391,1004.8192945217392,gram,1.0048192945217391,gram,0.8764689137326531,1004.8192945217392,3215.4217424695653,-43949.60825753043
Bihar,374.73,68.75,Sandy Loam,16267.18,15000,49,69,82,18.31561493,7.26311855,ChickPea,gram,bihar,1.0048192945217391,1004.8192945217392,gram,1.0048192945217391,gram,0.8764689137326531,1004.8192945217392,15072.289417826087,-1194.8905821739136
Rajasthan,1048.14,59.31,Black Soil,96597.57,18000,13,60,25,17.13692774,5.68597166,KidneyBeans,rajmash,rajasthan,,,rajmash,,rajmash,,923.7661232875067,16627.79021917512,-79969.77978082489
Rajasthan,375.79,60.91,Clay,77078.5,22000,25,70,16,19.63474332,5.759237003,KidneyBeans,rajmash,rajasthan,,,rajmash,,rajmash,,668.2836793472724,14702.240945639993,-62376.25905436001
Rajasthan,637.16,46.22,Clay,33462.03,16000,31,55,22,22.91350245,5.873171894,KidneyBeans,rajmash,rajasthan,,,rajmash,,rajmash,,844.4823043464312,13511.716869542899,-19950.3131304571
Rajasthan,388.85,61.16,Loam,37363.07,14000,40,64,16,16.43340342,5.926676985,KidneyBeans,rajmash,rajasthan,,,rajmash,,rajmash,,558.0503679888309,7812.705151843633,-29550.364848156365
Rajasthan,545.45,61.46,Loam,26447.91,15000,2,61,20,22.13974653,5.95561668,KidneyBeans,rajmash,rajasthan,,,rajmash,,rajmash,,694.9008902736877,10423.513354105315,-16024.396645894685
Rajasthan,536.14,73.44,Black Soil,23052.59,45000,26,65,22,17.84806561,5.949949081,KidneyBeans,rajmash,rajasthan,,,rajmash,,rajmash,,732.8239323825866,32977.0769572164,9924.486957216399
Rajasthan,585.66,67.77,Black Soil,10771.06,38000,17,57,21,19.88394011,5.789214289,KidneyBeans,rajmash,rajasthan,,,rajmash,,rajmash,,848.8087044929007,32254.730770730228,21483.670770730227
Rajasthan,684.49,65.22,Loam,14506.09,65000,26,80,18,19.32509638,5.581021521,KidneyBeans,rajmash,rajasthan,,,rajmash,,rajmash,,768.5654226568772,49956.75247269702,35450.66247269702
Rajasthan,362.14,44.15,Black Soil,151029.04,55000,17,59,17,18.4167001,5.689858133,KidneyBeans,rajmash,rajasthan,,,rajmash,,rajmash,,625.9321554837045,34426.268551603745,-116602.77144839626
Rajasthan,630.3,71.12,Clay,9230.47,60000,27,59,22,21.81167649,5.794158504,KidneyBeans,rajmash,rajasthan,,,rajmash,,rajmash,,782.5677019693871,46954.06211816323,37723.59211816323
Rajasthan,1521.69,67.96,Sandy Loam,21187.32,3200,28,58,24,19.72702528,5.748190463,KidneyBeans,rajmash,rajasthan,,,rajmash,,rajmash,,830.1870166960813,2656.5984534274603,-18530.72154657254
Rajasthan,335.89,67.67,Black Soil,30235.16,15000,25,57,19,17.15432954,5.566522896,KidneyBeans,rajmash,rajasthan,,,rajmash,,rajmash,,670.9812208286444,10064.718312429666,-20170.441687570332
Rajasthan,904.37,60.52,Black Soil,7999.95,18000,28,80,17,19.62207826,5.809419584,KidneyBeans,rajmash,rajasthan,,,rajmash,,rajmash,,873.3515350249384,15720.32763044889,7720.37763044889
Rajasthan,311.59,73.24,Loam,10048.45,22000,25,60,22,21.63149148,5.887263027,KidneyBeans,rajmash,rajasthan,,,rajmash,,rajmash,,673.5341564538807,14817.751441985376,4769.301441985375
Rajasthan,480.94,61.29,Loam,122265.49,16000,12,78,23,16.06522754,5.99812453,KidneyBeans,rajmash,rajasthan,,,rajmash,,rajmash,,626.2463882765509,10019.942212424814,-112245.5477875752
Rajasthan,215.27,44.9,Loam,61471.59,14000,6,77,25,20.61162204,5.792744849,KidneyBeans,rajmash,rajasthan,,,rajmash,,rajmash,,666.8300644003288,9335.620901604603,-52135.96909839539
Rajasthan,317.23,48.86,Clay,23060.03,15000,22,79,17,21.42451099,5.912289889,KidneyBeans,rajmash,rajasthan,,,rajmash,,rajmash,,661.6925311389332,9925.387967083998,-13134.642032916001
Rajasthan,484.73,51.72,Loam,6013.1,45000,27,80,15,19.07096165,5.788386951,KidneyBeans,rajmash,rajasthan,,,rajmash,,rajmash,,687.0609942443168,30917.744740994254,24904.644740994256
Rajasthan,433.05,68.42,Loam,34755.17,38000,10,55,23,21.18853178,5.728233081,KidneyBeans,rajmash,rajasthan,,,rajmash,,rajmash,,874.4260739595505,33228.19081046292,-1526.97918953708
Rajasthan,470.11,63.69,Clay,9210.42,65000,23,65,20,23.0429097,5.833940084,KidneyBeans,rajmash,rajasthan,,,rajmash,,rajmash,,742.5976720388452,48268.848682524935,39058.42868252494
Rajasthan,208.08,63.24,Loam,16623.99,55000,19,78,16,20.65375833,5.967533236,KidneyBeans,rajmash,rajasthan,,,rajmash,,rajmash,,642.9052107696232,35359.78659232927,18735.79659232927
Rajasthan,634.14,86.73,Clay,34481.64,60000,19,65,25,18.09551014,5.625096446,KidneyBeans,rajmash,rajasthan,,,rajmash,,rajmash,,658.17838601502,39490.7031609012,5009.063160901198
Rajasthan,803.18,66.58,Clay,19388.96,3200,22,70,19,18.23775702,5.515615023,KidneyBeans,rajmash,rajasthan,,,rajmash,,rajmash,,803.9610042288081,2572.675213532186,-16816.28478646781
Rajasthan,235.91,63.03,Loam,69288.33,15000,37,64,22,17.48189735,5.954665349,KidneyBeans,rajmash,rajasthan,,,rajmash,,rajmash,,614.6520481731591,9219.780722597387,-60068.54927740261
Rajasthan,1600.8,62.1,Clay,5627.2,18000,11,71,17,19.9191786,5.74644777,KidneyBeans,rajmash,rajasthan,,,rajmash,,rajmash,,902.576617050136,16246.379106902446,10619.179106902448
Rajasthan,384.06,73.55,Sandy Loam,3353.39,22000,18,79,20,20.27514686,5.877347515,KidneyBeans,rajmash,rajasthan,,,rajmash,,rajmash,,793.8263566176665,17464.179845588664,14110.789845588664
Rajasthan,634.26,78.75,Clay,15066.53,16000,21,63,17,15.77370214,5.979973965,KidneyBeans,rajmash,rajasthan,,,rajmash,,rajmash,,781.0055701894522,12496.089123031235,-2570.440876968765
Rajasthan,327.75,64.21,Loam,6873.12,14000,24,80,22,16.71170642,5.635993966,KidneyBeans,rajmash,rajasthan,,,rajmash,,rajmash,,587.0124395692458,8218.174153969441,1345.0541539694414
Rajasthan,722.97,59.5,Sandy Loam,26629.59,15000,34,60,22,17.66148158,5.635231778,KidneyBeans,rajmash,rajasthan,,,rajmash,,rajmash,,586.0342619836008,8790.513929754012,-17839.07607024599
Rajasthan,543.96,58.66,Loam,44958.75,45000,16,75,21,18.50692825,5.679224346,KidneyBeans,rajmash,rajasthan,,,rajmash,,rajmash,,766.831319408528,34507.40937338376,-10451.340626616242
Rajasthan,865.44,55.55,Black Soil,14015.48,38000,17,77,23,24.51324787,5.670062975,KidneyBeans,rajmash,rajasthan,,,rajmash,,rajmash,,810.3135786811188,30791.915989882513,16776.435989882513
Rajasthan,767.95,82.39,Clay,16662.68,65000,37,72,18,18.87614998,5.724242065,KidneyBeans,rajmash,rajasthan,,,rajmash,,rajmash,,812.616590942498,52820.078411262366,36157.398411262366
Rajasthan,478.07,64.72,Clay,8205.41,55000,40,73,20,21.59343016,5.811314232,KidneyBeans,rajmash,rajasthan,,,rajmash,,rajmash,,594.3847815529288,32691.16298541108,24485.75298541108
Rajasthan,1078.13,58.93,Sandy Loam,7390.47,60000,9,77,17,20.12373284,5.783425416,KidneyBeans,rajmash,rajasthan,,,rajmash,,rajmash,,924.6673851533832,55480.04310920299,48089.57310920299
Rajasthan,1252.77,62.14,Loam,28403.38,3200,1,62,23,15.43546065,5.607808432,KidneyBeans,rajmash,rajasthan,,,rajmash,,rajmash,,695.7971163044627,2226.5507721742806,-26176.82922782572
Rajasthan,342.52,64.73,Loam,24933.42,15000,33,59,22,22.64236876,5.946999529,KidneyBeans,rajmash,rajasthan,,,rajmash,,rajmash,,782.3574534922399,11735.361802383597,-13198.058197616401
Rajasthan,730.17,66.75,Black Soil,74829.64,18000,23,59,19,21.98560799,5.852046999,KidneyBeans,rajmash,rajasthan,,,rajmash,,rajmash,,811.4612685640134,14606.30283415224,-60223.337165847755
Rajasthan,249.54,75.15,Sandy Loam,12891.52,22000,6,62,22,20.53052663,5.824090984,KidneyBeans,rajmash,rajasthan,,,rajmash,,rajmash,,606.7545044581085,13348.599098078388,457.0790980783877
Rajasthan,409.71,58.72,Sandy Loam,7845.27,16000,25,63,20,15.78601387,5.502999119,KidneyBeans,rajmash,rajasthan,,,rajmash,,rajmash,,594.4571249237931,9511.31399878069,1666.0439987806894
Rajasthan,228.53,68.76,Black Soil,65914.86,14000,7,79,23,19.6365349,5.821649914,KidneyBeans,rajmash,rajasthan,,,rajmash,,rajmash,,700.2297610899782,9803.216655259694,-56111.64334474031
Rajasthan,327.8,57.99,Loam,19411.47,15000,8,72,17,20.57341244,5.711439256,KidneyBeans,rajmash,rajasthan,,,rajmash,,rajmash,,687.9948150311914,10319.922225467872,-9091.54777453213
Rajasthan,358.7,77.76,Sandy Loam,10418.58,45000,27,64,15,20.16080524,5.514927264,KidneyBeans,rajmash,rajasthan,,,rajmash,,rajmash,,717.0732467071641,32268.296101822383,21849.716101822385
Rajasthan,430.5,66.87,Black Soil,15837.64,38000,28,66,23,21.53989176,5.99616119,KidneyBeans,rajmash,rajasthan,,,rajmash,,rajmash,,882.3379290561114,33528.841304132235,17691.201304132235
Rajasthan,473.84,40.58,Clay,17704.87,65000,32,57,18,15.53834801,5.695422863,KidneyBeans,rajmash,rajasthan,,,rajmash,,rajmash,,526.1473382418327,34199.576985719126,16494.706985719127
Rajasthan,219.5,75.15,Clay,56134.39,55000,27,56,22,19.91853092,5.833010958,KidneyBeans,rajmash,rajasthan,,,rajmash,,rajmash,,761.0842710166727,41859.634905916995,-14274.755094083004
Rajasthan,604.16,59.56,Sandy Loam,5994.57,60000,17,77,24,20.76952209,5.568456899,KidneyBeans,rajmash,rajasthan,,,rajmash,,rajmash,,750.8070816540604,45048.424899243626,39053.854899243626
Rajasthan,935.95,61.91,Black Soil,3354.26,3200,0,65,15,23.46168338,5.645435626,KidneyBeans,rajmash,rajasthan,,,rajmash,,rajmash,,794.5498554667004,2542.559537493441,-811.7004625065592
Rajasthan,203.85,73.43,Black Soil,13941.53,15000,13,72,21,24.32116642,5.821194486,KidneyBeans,rajmash,rajasthan,,,rajmash,,rajmash,,620.9169073081752,9313.753609622627,-4627.776390377374
Rajasthan,1157.19,56.27,Sandy Loam,6956.07,18000,34,60,23,20.12574053,5.659254981,KidneyBeans,rajmash,rajasthan,,,rajmash,,rajmash,,842.7826420577384,15170.087557039291,8214.017557039291
Rajasthan,354.59,68.87,Clay,22166.83,22000,9,80,19,21.80619564,5.945465949,KidneyBeans,rajmash,rajasthan,,,rajmash,,rajmash,,788.6780008225255,17350.916018095562,-4815.913981904439
Rajasthan,451.38,75.61,Sandy Loam,157571.79,16000,11,72,20,19.52226241,5.951177452,KidneyBeans,rajmash,rajasthan,,,rajmash,,rajmash,,697.160880956423,11154.574095302767,-146417.21590469725
Rajasthan,312.07,47.81,Clay,34125.89,14000,3,67,24,17.00067625,5.520880014,KidneyBeans,rajmash,rajasthan,,,rajmash,,rajmash,,703.8246200935167,9853.544681309235,-24272.345318690765
Rajasthan,509.8,64.48,Black Soil,33117.45,15000,35,69,23,16.78791503,5.578410206,KidneyBeans,rajmash,rajasthan,,,rajmash,,rajmash,,566.1591604501822,8492.387406752734,-24625.06259324726
Rajasthan,411.19,69.92,Loam,95076.95,45000,3,77,25,24.84906168,5.608165195,KidneyBeans,rajmash,rajasthan,,,rajmash,,rajmash,,769.708726993603,34636.892714712136,-60440.05728528786
Rajasthan,591.05,60.29,Sandy Loam,17268.74,38000,23,62,19,16.51783455,5.609435128,KidneyBeans,rajmash,rajasthan,,,rajmash,,rajmash,,588.9419824833168,22379.795334366037,5111.055334366036
Rajasthan,694.41,55.01,Black Soil,35084.3,65000,22,71,17,18.15300153,5.509295379,KidneyBeans,rajmash,rajasthan,,,rajmash,,rajmash,,740.5163374405253,48133.56193363414,13049.261933634138
Rajasthan,274.39,51.26,Sandy Loam,19917.4,55000,31,79,25,23.18864385,5.902033406,KidneyBeans,rajmash,rajasthan,,,rajmash,,rajmash,,772.0207560611091,42461.141583361,22543.741583361
Rajasthan,792.19,56.96,Sandy Loam,26945.19,60000,34,59,18,23.38002569,5.744117663,KidneyBeans,rajmash,rajasthan,,,rajmash,,rajmash,,801.4228044087018,48085.36826452211,21140.178264522114
Rajasthan,1334.87,55.31,Sandy Loam,48028.67,3200,12,63,17,18.358923,5.717143397,KidneyBeans,rajmash,rajasthan,,,rajmash,,rajmash,,640.3965136405455,2049.2688436497456,-45979.40115635025
Rajasthan,363.18,49.1,Loam,10150.77,15000,27,56,20,19.25975367,5.542690119,KidneyBeans,rajmash,rajasthan,,,rajmash,,rajmash,,670.1983130517535,10052.974695776302,-97.79530422369862
Karnataka,794.96,65.43,Clay,61287.31,18000,7,63,24,22.95458237,5.858617867,KidneyBeans,rajmash,karnataka,,,rajmash,,rajmash,,878.8986214105176,15820.175185389318,-45467.134814610676
Karnataka,342.63,73.84,Clay,12957.96,22000,24,67,22,20.120043,5.618844277,KidneyBeans,rajmash,karnataka,,,rajmash,,rajmash,,707.123938623662,15556.726649720564,2598.7666497205646
Karnataka,556.56,83.38,Black Soil,4011.57,16000,11,71,24,21.14011423,5.606620346,KidneyBeans,rajmash,karnataka,,,rajmash,,rajmash,,828.4810411559926,13255.696658495881,9244.126658495881
Karnataka,281.74,68.33,Clay,19965.08,14000,37,74,15,24.92360104,5.582178402,KidneyBeans,rajmash,karnataka,,,rajmash,,rajmash,,657.8690392351838,9210.166549292573,-10754.913450707429
Karnataka,434.59,74.65,Black Soil,18787.52,15000,25,76,24,15.33042636,5.56503533,KidneyBeans,rajmash,karnataka,,,rajmash,,rajmash,,666.4173994132891,9996.260991199337,-8791.259008800664
Karnataka,441.77,64.49,Black Soil,13141.45,45000,34,66,17,18.81097271,5.889614577,KidneyBeans,rajmash,karnataka,,,rajmash,,rajmash,,772.9143115239675,34781.14401857854,21639.69401857854
Karnataka,619.79,54.8,Loam,62433.21,38000,20,69,15,23.44260668,5.934136378,KidneyBeans,rajmash,karnataka,,,rajmash,,rajmash,,659.1665137673441,25048.327523159078,-37384.882476840925
Karnataka,598.08,51.38,Sandy Loam,11200.08,65000,37,65,16,22.8352024,5.683548308,KidneyBeans,rajmash,karnataka,,,rajmash,,rajmash,,798.1596048971818,51880.37431831681,40680.29431831681
Karnataka,199.8,65.9,Black Soil,8290.19,55000,18,74,15,24.9035819,5.70836603,KidneyBeans,rajmash,karnataka,,,rajmash,,rajmash,,682.5975284065836,37542.864062362096,29252.674062362094
Karnataka,576.35,49.62,Clay,49016.22,60000,4,67,25,23.78709569,5.948164454,KidneyBeans,rajmash,karnataka,,,rajmash,,rajmash,,786.6122641731309,47196.73585038786,-1819.4841496121444
Karnataka,1174.88,68.49,Sandy Loam,56598.94,3200,37,56,25,22.05592283,5.774755144,KidneyBeans,rajmash,karnataka,,,rajmash,,rajmash,,948.554023633383,3035.3728756268256,-53563.56712437318
Karnataka,284.81,64.27,Sandy Loam,7945.96,15000,5,59,15,18.87492997,5.97229163,KidneyBeans,rajmash,karnataka,,,rajmash,,rajmash,,626.8624335960499,9402.936503940748,1456.9765039407475
Karnataka,794.05,56.38,Sandy Loam,10313.23,18000,11,61,21,18.62328774,5.532100554,KidneyBeans,rajmash,karnataka,,,rajmash,,rajmash,,695.4908784628444,12518.8358123312,2205.6058123311996
Karnataka,205.38,47.4,Black Soil,47628.24,22000,22,80,20,23.00884744,5.669560726,KidneyBeans,rajmash,karnataka,,,rajmash,,rajmash,,680.9596835311976,14981.113037686348,-32647.12696231365
Karnataka,340.62,56.58,Sandy Loam,4172.88,16000,12,61,19,19.33162606,5.655726817,KidneyBeans,rajmash,karnataka,,,rajmash,,rajmash,,590.1998329171831,9443.19732667493,5270.31732667493
Karnataka,237.15,68.74,Clay,85062.28,14000,5,74,21,16.24469193,5.591704014,KidneyBeans,rajmash,karnataka,,,rajmash,,rajmash,,534.7941088193869,7487.117523471417,-77575.16247652858
Karnataka,321.71,62.27,Clay,14788.75,15000,27,69,22,17.91652287,5.932323085,KidneyBeans,rajmash,karnataka,,,rajmash,,rajmash,,694.2173767233503,10413.260650850254,-4375.489349149746
Karnataka,326.32,62.86,Loam,6377.89,45000,31,75,18,15.46789263,5.824208309,KidneyBeans,rajmash,karnataka,,,rajmash,,rajmash,,540.6450757699191,24329.028409646362,17951.138409646363
Karnataka,397.0,80.47,Clay,5386.54,38000,36,68,20,17.06104474,5.86442953,KidneyBeans,rajmash,karnataka,,,rajmash,,rajmash,,692.4705469744782,26313.88078503017,20927.34078503017
Karnataka,426.39,67.88,Clay,13101.9,65000,5,65,16,21.32776028,5.866744372,KidneyBeans,rajmash,karnataka,,,rajmash,,rajmash,,761.8708375093306,49521.604438106486,36419.704438106484
Karnataka,186.41,72.48,Black Soil,28936.46,55000,32,79,15,23.90910104,5.706198621,KidneyBeans,rajmash,karnataka,,,rajmash,,rajmash,,581.0513469375419,31957.824081564806,3021.364081564807
Karnataka,439.28,52.59,Sandy Loam,46612.9,60000,11,78,22,23.89756791,5.940546818,KidneyBeans,rajmash,karnataka,,,rajmash,,rajmash,,711.2380692723677,42674.284156342066,-3938.6158436579353
Karnataka,831.37,76.81,Clay,31360.77,3200,0,55,22,22.98666928,5.916779289,KidneyBeans,rajmash,karnataka,,,rajmash,,rajmash,,954.0849303822673,3053.071777223255,-28307.698222776744
Karnataka,206.97,68.74,Clay,6804.18,15000,14,59,15,21.35135729,5.779090476,KidneyBeans,rajmash,karnataka,,,rajmash,,rajmash,,607.6719636737322,9115.079455105983,2310.8994551059823
Karnataka,1173.84,76.35,Clay,12963.73,18000,29,68,23,24.1638445,5.82738029,KidneyBeans,rajmash,karnataka,,,rajmash,,rajmash,,911.1135728954434,16400.04431211798,3436.314312117982
Karnataka,355.95,76.83,Loam,45655.77,22000,32,68,19,24.62835037,5.514234138,KidneyBeans,rajmash,karnataka,,,rajmash,,rajmash,,778.8854290295208,17135.479438649458,-28520.29056135054
Karnataka,583.26,62.94,Clay,13048.53,16000,17,64,17,21.02213209,5.662699104,KidneyBeans,rajmash,karnataka,,,rajmash,,rajmash,,807.2514477484173,12916.023163974676,-132.50683602532445
Karnataka,350.28,71.19,Loam,10897.96,14000,13,69,19,17.30844532,5.86390397,KidneyBeans,rajmash,karnataka,,,rajmash,,rajmash,,632.6509397671337,8857.11315673987,-2040.8468432601294
Karnataka,558.1,56.34,Sandy Loam,8375.34,15000,14,67,22,23.82576704,5.624690248,KidneyBeans,rajmash,karnataka,,,rajmash,,rajmash,,734.5070547930192,11017.605821895288,2642.2658218952874
Karnataka,585.69,50.55,Clay,47625.58,45000,9,69,20,19.30607278,5.591560999,KidneyBeans,rajmash,karnataka,,,rajmash,,rajmash,,810.4756403815284,36471.40381716878,-11154.176182831223
Karnataka,821.28,60.78,Black Soil,78344.4,38000,20,73,22,16.03768615,5.976312538,KidneyBeans,rajmash,karnataka,,,rajmash,,rajmash,,853.7206687514713,32441.385412555912,-45903.01458744408
Karnataka,807.83,60.0,Loam,13031.25,65000,40,78,20,19.18572809,5.669236258,KidneyBeans,rajmash,karnataka,,,rajmash,,rajmash,,841.9722019861915,54728.193129102445,41696.943129102445
Karnataka,427.33,62.27,Sandy Loam,42732.17,55000,27,72,23,19.92889503,5.961934481,KidneyBeans,rajmash,karnataka,,,rajmash,,rajmash,,711.9735789074049,39158.54683990727,-3573.6231600927276
Karnataka,874.37,68.22,Black Soil,67342.59,60000,14,67,15,19.56376468,5.690065688,KidneyBeans,rajmash,karnataka,,,rajmash,,rajmash,,731.5191301477427,43891.14780886456,-23451.442191135437
Karnataka,1789.71,55.22,Sandy Loam,3816.49,3200,7,56,18,18.31357543,5.698371311,KidneyBeans,rajmash,karnataka,,,rajmash,,rajmash,,865.1985479957418,2768.6353535863736,-1047.8546464136261
Karnataka,389.86,57.69,Loam,54315.51,15000,27,65,18,20.10993761,5.59503163,KidneyBeans,rajmash,karnataka,,,rajmash,,rajmash,,719.258736951106,10788.88105426659,-43526.62894573341
Karnataka,877.94,72.17,Black Soil,21267.66,18000,30,63,16,23.60506572,5.525904526,KidneyBeans,rajmash,karnataka,,,rajmash,,rajmash,,897.0367841723909,16146.662115103036,-5120.997884896964
Karnataka,392.25,75.5,Loam,16017.09,22000,37,70,25,19.73136909,5.819403771,KidneyBeans,rajmash,karnataka,,,rajmash,,rajmash,,788.0477021176644,17337.049446588615,1319.9594465886148
Karnataka,552.29,53.62,Black Soil,12412.11,16000,27,63,19,20.93409877,5.562201934,KidneyBeans,rajmash,karnataka,,,rajmash,,rajmash,,776.5555107685448,12424.888172296716,12.778172296715638
Karnataka,264.61,62.68,Loam,13456.06,14000,22,60,24,18.78226261,5.630664753,KidneyBeans,rajmash,karnataka,,,rajmash,,rajmash,,544.1119851691031,7617.567792367445,-5838.492207632555
Karnataka,442.1,57.13,Clay,4763.82,15000,3,72,24,36.51268371,6.03160778,PigeonPeas,arhar/tur,karnataka,0.5339415268695652,533.9415268695652,arhar/tur,0.5339415268695652,arhar/tur,0.967347756984252,533.9415268695652,8009.122903043478,3245.302903043478
Karnataka,411.54,76.54,Sandy Loam,11995.15,45000,40,59,23,36.89163721,5.269084669,PigeonPeas,arhar/tur,karnataka,0.5339415268695652,533.9415268695652,arhar/tur,0.5339415268695652,arhar/tur,0.967347756984252,533.9415268695652,24027.368709130435,12032.218709130435
Karnataka,463.17,58.17,Clay,6694.49,38000,33,73,23,29.23540524,5.985792703,PigeonPeas,arhar/tur,karnataka,0.5339415268695652,533.9415268695652,arhar/tur,0.5339415268695652,arhar/tur,0.967347756984252,533.9415268695652,20289.778021043476,13595.288021043476
Karnataka,605.17,62.42,Black Soil,45295.02,65000,27,57,24,27.33534897,6.09186275,PigeonPeas,arhar/tur,karnataka,0.5339415268695652,533.9415268695652,arhar/tur,0.5339415268695652,arhar/tur,0.967347756984252,533.9415268695652,34706.19924652174,-10588.820753478256
Karnataka,337.58,63.73,Clay,18000.01,55000,10,79,18,21.0643684,5.624731338,PigeonPeas,arhar/tur,karnataka,0.5339415268695652,533.9415268695652,arhar/tur,0.5339415268695652,arhar/tur,0.967347756984252,533.9415268695652,29366.783977826086,11366.773977826088
Karnataka,706.6,75.24,Black Soil,11731.05,60000,30,75,25,30.33276599,6.446091759,PigeonPeas,arhar/tur,karnataka,0.5339415268695652,533.9415268695652,arhar/tur,0.5339415268695652,arhar/tur,0.967347756984252,533.9415268695652,32036.49161217391,20305.441612173912
Karnataka,1379.78,69.28,Black Soil,16017.84,3200,40,70,20,31.80130272,5.623490043,PigeonPeas,arhar/tur,karnataka,0.5339415268695652,533.9415268695652,arhar/tur,0.5339415268695652,arhar/tur,0.967347756984252,533.9415268695652,1708.6128859826085,-14309.22711401739
Karnataka,295.82,56.3,Black Soil,8143.7,15000,38,55,19,33.18184225,5.864623352,PigeonPeas,arhar/tur,karnataka,0.5339415268695652,533.9415268695652,arhar/tur,0.5339415268695652,arhar/tur,0.967347756984252,533.9415268695652,8009.122903043478,-134.57709695652193
Karnataka,1064.33,57.59,Loam,77472.87,18000,35,58,20,29.38538562,5.761702519,PigeonPeas,arhar/tur,karnataka,0.5339415268695652,533.9415268695652,arhar/tur,0.5339415268695652,arhar/tur,0.967347756984252,533.9415268695652,9610.947483652173,-67861.92251634783
Karnataka,413.8,68.29,Loam,47942.53,22000,38,61,21,30.27374995,4.696518678,PigeonPeas,arhar/tur,karnataka,0.5339415268695652,533.9415268695652,arhar/tur,0.5339415268695652,arhar/tur,0.967347756984252,533.9415268695652,11746.713591130434,-36195.81640886956
Karnataka,596.57,63.71,Clay,45966.25,16000,33,58,24,35.45790488,5.269504214,PigeonPeas,arhar/tur,karnataka,0.5339415268695652,533.9415268695652,arhar/tur,0.5339415268695652,arhar/tur,0.967347756984252,533.9415268695652,8543.064429913044,-37423.18557008696
Karnataka,331.68,65.01,Loam,7944.71,14000,16,56,17,33.80020039,7.445444883,PigeonPeas,arhar/tur,karnataka,0.5339415268695652,533.9415268695652,arhar/tur,0.5339415268695652,arhar/tur,0.967347756984252,533.9415268695652,7475.181376173913,-469.5286238260869
Karnataka,428.11,68.91,Clay,36392.01,15000,31,72,17,28.69180475,5.833031708,PigeonPeas,arhar/tur,karnataka,0.5339415268695652,533.9415268695652,arhar/tur,0.5339415268695652,arhar/tur,0.967347756984252,533.9415268695652,8009.122903043478,-28382.887096956525
Karnataka,498.88,63.85,Loam,29985.32,45000,16,80,20,31.24021696,7.339320929,PigeonPeas,arhar/tur,karnataka,0.5339415268695652,533.9415268695652,arhar/tur,0.5339415268695652,arhar/tur,0.967347756984252,533.9415268695652,24027.368709130435,-5957.951290869565
Karnataka,798.46,46.23,Loam,26808.42,38000,27,72,17,28.98039357,6.347929353,PigeonPeas,arhar/tur,karnataka,0.5339415268695652,533.9415268695652,arhar/tur,0.5339415268695652,arhar/tur,0.967347756984252,533.9415268695652,20289.778021043476,-6518.6419789565225
Karnataka,691.4,73.74,Black Soil,4740.05,65000,40,62,19,27.32198928,4.697750704,PigeonPeas,arhar/tur,karnataka,0.5339415268695652,533.9415268695652,arhar/tur,0.5339415268695652,arhar/tur,0.967347756984252,533.9415268695652,34706.19924652174,29966.14924652174
Karnataka,310.93,93.02,Black Soil,6969.56,55000,18,58,16,21.47607807,4.962661422,PigeonPeas,arhar/tur,karnataka,0.5339415268695652,533.9415268695652,arhar/tur,0.5339415268695652,arhar/tur,0.967347756984252,533.9415268695652,29366.783977826086,22397.223977826085
Karnataka,761.73,62.06,Loam,118719.82,60000,3,68,16,18.31910448,4.964887857,PigeonPeas,arhar/tur,karnataka,0.5339415268695652,533.9415268695652,arhar/tur,0.5339415268695652,arhar/tur,0.967347756984252,533.9415268695652,32036.49161217391,-86683.3283878261
Karnataka,1387.73,58.38,Sandy Loam,7533.47,3200,26,67,24,36.97794384,5.642813116,PigeonPeas,arhar/tur,karnataka,0.5339415268695652,533.9415268695652,arhar/tur,0.5339415268695652,arhar/tur,0.967347756984252,533.9415268695652,1708.6128859826085,-5824.857114017392
Karnataka,357.16,73.11,Sandy Loam,31633.5,15000,16,70,20,24.80467592,5.6093956,PigeonPeas,arhar/tur,karnataka,0.5339415268695652,533.9415268695652,arhar/tur,0.5339415268695652,arhar/tur,0.967347756984252,533.9415268695652,8009.122903043478,-23624.377096956523
Maharashtra,1155.41,74.64,Black Soil,71126.21,18000,24,63,19,19.3479443,4.681576043,PigeonPeas,arhar/tur,maharashtra,0.6477093473913044,647.7093473913044,arhar/tur,0.6477093473913044,arhar/tur,0.967347756984252,647.7093473913044,11658.76825304348,-59467.44174695652
Maharashtra,389.74,47.13,Clay,6823.15,22000,9,76,25,28.88302142,5.70951224,PigeonPeas,arhar/tur,maharashtra,0.6477093473913044,647.7093473913044,arhar/tur,0.6477093473913044,arhar/tur,0.967347756984252,647.7093473913044,14249.605642608696,7426.4556426086965
Maharashtra,672.87,67.6,Clay,31585.08,16000,16,55,19,19.54314136,6.413543781,PigeonPeas,arhar/tur,maharashtra,0.6477093473913044,647.7093473913044,arhar/tur,0.6477093473913044,arhar/tur,0.967347756984252,647.7093473913044,10363.34955826087,-21221.73044173913
Maharashtra,415.2,83.49,Loam,16900.88,14000,28,75,21,24.7741949,6.007508163,PigeonPeas,arhar/tur,maharashtra,0.6477093473913044,647.7093473913044,arhar/tur,0.6477093473913044,arhar/tur,0.967347756984252,647.7093473913044,9067.930863478261,-7832.94913652174
Maharashtra,503.61,58.58,Clay,8538.86,15000,16,71,24,18.33124824,4.946369874,PigeonPeas,arhar/tur,maharashtra,0.6477093473913044,647.7093473913044,arhar/tur,0.6477093473913044,arhar/tur,0.967347756984252,647.7093473913044,9715.640210869566,1176.780210869565
Maharashtra,499.26,66.17,Clay,107549.16,45000,24,70,21,19.14729038,5.517208078,PigeonPeas,arhar/tur,maharashtra,0.6477093473913044,647.7093473913044,arhar/tur,0.6477093473913044,arhar/tur,0.967347756984252,647.7093473913044,29146.920632608697,-78402.2393673913
Maharashtra,721.39,66.81,Clay,22655.04,38000,38,72,21,28.23416057,5.902103172,PigeonPeas,arhar/tur,maharashtra,0.6477093473913044,647.7093473913044,arhar/tur,0.6477093473913044,arhar/tur,0.967347756984252,647.7093473913044,24612.955200869565,1957.9152008695637
Maharashtra,573.26,78.94,Loam,10024.24,65000,9,66,21,30.11812084,5.719889876,PigeonPeas,arhar/tur,maharashtra,0.6477093473913044,647.7093473913044,arhar/tur,0.6477093473913044,arhar/tur,0.967347756984252,647.7093473913044,42101.107580434786,32076.867580434788
Maharashtra,356.69,72.59,Sandy Loam,11315.17,55000,34,56,17,33.4126864,4.548202098,PigeonPeas,arhar/tur,maharashtra,0.6477093473913044,647.7093473913044,arhar/tur,0.6477093473913044,arhar/tur,0.967347756984252,647.7093473913044,35624.01410652174,24308.84410652174
Maharashtra,849.27,74.52,Sandy Loam,20874.8,60000,1,76,19,24.18553163,6.669529416,PigeonPeas,arhar/tur,maharashtra,0.6477093473913044,647.7093473913044,arhar/tur,0.6477093473913044,arhar/tur,0.967347756984252,647.7093473913044,38862.56084347826,17987.760843478263
Maharashtra,1252.66,91.26,Loam,9849.05,3200,6,69,19,26.88630675,4.750929218,PigeonPeas,arhar/tur,maharashtra,0.6477093473913044,647.7093473913044,arhar/tur,0.6477093473913044,arhar/tur,0.967347756984252,647.7093473913044,2072.669911652174,-7776.380088347825
Maharashtra,304.67,67.3,Sandy Loam,10074.18,15000,26,73,21,31.33170829,4.946263888,PigeonPeas,arhar/tur,maharashtra,0.6477093473913044,647.7093473913044,arhar/tur,0.6477093473913044,arhar/tur,0.967347756984252,647.7093473913044,9715.640210869566,-358.53978913043466
Maharashtra,1223.27,47.4,Black Soil,15196.25,18000,27,61,18,33.30711818,5.266227032,PigeonPeas,arhar/tur,maharashtra,0.6477093473913044,647.7093473913044,arhar/tur,0.6477093473913044,arhar/tur,0.967347756984252,647.7093473913044,11658.76825304348,-3537.4817469565205
Maharashtra,359.18,70.58,Black Soil,25381.55,22000,27,71,23,23.45379018,7.10959773,PigeonPeas,arhar/tur,maharashtra,0.6477093473913044,647.7093473913044,arhar/tur,0.6477093473913044,arhar/tur,0.967347756984252,647.7093473913044,14249.605642608696,-11131.944357391303
Maharashtra,591.76,55.29,Loam,3916.63,16000,36,61,21,34.53823889,5.617008201,PigeonPeas,arhar/tur,maharashtra,0.6477093473913044,647.7093473913044,arhar/tur,0.6477093473913044,arhar/tur,0.967347756984252,647.7093473913044,10363.34955826087,6446.71955826087
Maharashtra,347.29,68.01,Loam,60956.98,14000,17,73,18,19.50112224,5.632353113,PigeonPeas,arhar/tur,maharashtra,0.6477093473913044,647.7093473913044,arhar/tur,0.6477093473913044,arhar/tur,0.967347756984252,647.7093473913044,9067.930863478261,-51889.049136521746
Maharashtra,450.43,83.61,Sandy Loam,23537.29,15000,26,72,22,28.76794904,4.674941549,PigeonPeas,arhar/tur,maharashtra,0.6477093473913044,647.7093473913044,arhar/tur,0.6477093473913044,arhar/tur,0.967347756984252,647.7093473913044,9715.640210869566,-13821.649789130435
Maharashtra,605.85,63.23,Sandy Loam,7437.89,45000,17,64,16,30.97758716,7.161797643,PigeonPeas,arhar/tur,maharashtra,0.6477093473913044,647.7093473913044,arhar/tur,0.6477093473913044,arhar/tur,0.967347756984252,647.7093473913044,29146.920632608697,21709.030632608697
Maharashtra,679.73,83.2,Loam,23877.42,38000,14,74,19,18.39759147,6.624966131,PigeonPeas,arhar/tur,maharashtra,0.6477093473913044,647.7093473913044,arhar/tur,0.6477093473913044,arhar/tur,0.967347756984252,647.7093473913044,24612.955200869565,735.5352008695663
Maharashtra,683.03,73.71,Loam,46274.54,65000,39,60,15,35.09357419,5.004074624,PigeonPeas,arhar/tur,maharashtra,0.6477093473913044,647.7093473913044,arhar/tur,0.6477093473913044,arhar/tur,0.967347756984252,647.7093473913044,42101.107580434786,-4173.432419565215
Maharashtra,329.65,70.93,Sandy Loam,18160.85,55000,6,66,15,34.93174223,6.345806011,PigeonPeas,arhar/tur,maharashtra,0.6477093473913044,647.7093473913044,arhar/tur,0.6477093473913044,arhar/tur,0.967347756984252,647.7093473913044,35624.01410652174,17463.16410652174
Maharashtra,782.36,48.19,Loam,5088.71,60000,8,59,18,29.50523036,6.216814453,PigeonPeas,arhar/tur,maharashtra,0.6477093473913044,647.7093473913044,arhar/tur,0.6477093473913044,arhar/tur,0.967347756984252,647.7093473913044,38862.56084347826,33773.85084347826
Maharashtra,1437.32,57.34,Black Soil,6036.23,3200,2,67,18,34.51934775,5.921666758,PigeonPeas,arhar/tur,maharashtra,0.6477093473913044,647.7093473913044,arhar/tur,0.6477093473913044,arhar/tur,0.967347756984252,647.7093473913044,2072.669911652174,-3963.5600883478255
Maharashtra,317.16,65.84,Black Soil,31072.8,15000,1,76,17,28.43430726,6.012719118,PigeonPeas,arhar/tur,maharashtra,0.6477093473913044,647.7093473913044,arhar/tur,0.6477093473913044,arhar/tur,0.967347756984252,647.7093473913044,9715.640210869566,-21357.159789130434
Maharashtra,999.49,62.71,Clay,7549.6,18000,16,73,19,18.41645629,4.684079249,PigeonPeas,arhar/tur,maharashtra,0.6477093473913044,647.7093473913044,arhar/tur,0.6477093473913044,arhar/tur,0.967347756984252,647.7093473913044,11658.76825304348,4109.168253043479
Maharashtra,357.47,62.25,Black Soil,12473.88,22000,23,75,25,31.07508973,7.077170002,PigeonPeas,arhar/tur,maharashtra,0.6477093473913044,647.7093473913044,arhar/tur,0.6477093473913044,arhar/tur,0.967347756984252,647.7093473913044,14249.605642608696,1775.725642608697
Maharashtra,490.61,65.31,Black Soil,9440.38,16000,32,70,20,20.89342749,6.208843215,PigeonPeas,arhar/tur,maharashtra,0.6477093473913044,647.7093473913044,arhar/tur,0.6477093473913044,arhar/tur,0.967347756984252,647.7093473913044,10363.34955826087,922.969558260871
Maharashtra,262.66,65.38,Black Soil,36691.17,14000,28,59,22,30.90607799,7.05181629,PigeonPeas,arhar/tur,maharashtra,0.6477093473913044,647.7093473913044,arhar/tur,0.6477093473913044,arhar/tur,0.967347756984252,647.7093473913044,9067.930863478261,-27623.239136521737
Maharashtra,354.05,71.66,Black Soil,9084.84,15000,5,62,23,27.9348279,4.722222454,PigeonPeas,arhar/tur,maharashtra,0.6477093473913044,647.7093473913044,arhar/tur,0.6477093473913044,arhar/tur,0.967347756984252,647.7093473913044,9715.640210869566,630.8002108695655
Maharashtra,482.65,55.73,Sandy Loam,13367.27,45000,36,67,25,35.95176642,6.418062652,PigeonPeas,arhar/tur,maharashtra,0.6477093473913044,647.7093473913044,arhar/tur,0.6477093473913044,arhar/tur,0.967347756984252,647.7093473913044,29146.920632608697,15779.650632608696
Maharashtra,482.37,71.6,Loam,8202.65,38000,1,66,23,19.54317155,4.803564468,PigeonPeas,arhar/tur,maharashtra,0.6477093473913044,647.7093473913044,arhar/tur,0.6477093473913044,arhar/tur,0.967347756984252,647.7093473913044,24612.955200869565,16410.305200869567
Maharashtra,577.32,61.33,Sandy Loam,28309.08,65000,24,73,20,19.63736208,4.608695247,PigeonPeas,arhar/tur,maharashtra,0.6477093473913044,647.7093473913044,arhar/tur,0.6477093473913044,arhar/tur,0.967347756984252,647.7093473913044,42101.107580434786,13792.027580434784
Maharashtra,259.93,54.29,Black Soil,93027.36,55000,17,67,18,31.2192752,5.611510977,PigeonPeas,arhar/tur,maharashtra,0.6477093473913044,647.7093473913044,arhar/tur,0.6477093473913044,arhar/tur,0.967347756984252,647.7093473913044,35624.01410652174,-57403.34589347826
Maharashtra,558.89,68.24,Black Soil,21275.27,60000,5,55,18,33.50876355,7.322097972,PigeonPeas,arhar/tur,maharashtra,0.6477093473913044,647.7093473913044,arhar/tur,0.6477093473913044,arhar/tur,0.967347756984252,647.7093473913044,38862.56084347826,17587.290843478262
Maharashtra,1153.54,66.0,Loam,6844.01,3200,5,56,24,24.80710166,5.023115055,PigeonPeas,arhar/tur,maharashtra,0.6477093473913044,647.7093473913044,arhar/tur,0.6477093473913044,arhar/tur,0.967347756984252,647.7093473913044,2072.669911652174,-4771.340088347826
Maharashtra,294.4,59.75,Loam,5058.04,15000,37,77,17,36.20970524,5.617122801,PigeonPeas,arhar/tur,maharashtra,0.6477093473913044,647.7093473913044,arhar/tur,0.6477093473913044,arhar/tur,0.967347756984252,647.7093473913044,9715.640210869566,4657.600210869566
Maharashtra,1489.66,74.89,Sandy Loam,23552.78,18000,13,73,20,30.50420876,5.391560418,PigeonPeas,arhar/tur,maharashtra,0.6477093473913044,647.7093473913044,arhar/tur,0.6477093473913044,arhar/tur,0.967347756984252,647.7093473913044,11658.76825304348,-11894.01174695652
Maharashtra,579.34,63.77,Loam,57830.66,22000,6,63,23,26.01630259,5.906596905,PigeonPeas,arhar/tur,maharashtra,0.6477093473913044,647.7093473913044,arhar/tur,0.6477093473913044,arhar/tur,0.967347756984252,647.7093473913044,14249.605642608696,-43581.05435739131
Maharashtra,790.56,42.21,Loam,31211.55,16000,16,77,22,31.48469278,6.574209678,PigeonPeas,arhar/tur,maharashtra,0.6477093473913044,647.7093473913044,arhar/tur,0.6477093473913044,arhar/tur,0.967347756984252,647.7093473913044,10363.34955826087,-20848.20044173913
Maharashtra,422.95,61.24,Black Soil,5361.49,14000,25,64,20,33.15122581,4.807776749,PigeonPeas,arhar/tur,maharashtra,0.6477093473913044,647.7093473913044,arhar/tur,0.6477093473913044,arhar/tur,0.967347756984252,647.7093473913044,9067.930863478261,3706.4408634782612
Maharashtra,562.69,65.12,Loam,79127.04,15000,34,75,24,23.50222822,4.760038039,PigeonPeas,arhar/tur,maharashtra,0.6477093473913044,647.7093473913044,arhar/tur,0.6477093473913044,arhar/tur,0.967347756984252,647.7093473913044,9715.640210869566,-69411.39978913043
Maharashtra,708.95,66.07,Sandy Loam,24909.33,45000,20,77,23,34.87248659,5.180271502,PigeonPeas,arhar/tur,maharashtra,0.6477093473913044,647.7093473913044,arhar/tur,0.6477093473913044,arhar/tur,0.967347756984252,647.7093473913044,29146.920632608697,4237.590632608695
Maharashtra,1116.39,76.95,Black Soil,4846.68,38000,35,80,25,28.09269012,4.895927306,PigeonPeas,arhar/tur,maharashtra,0.6477093473913044,647.7093473913044,arhar/tur,0.6477093473913044,arhar/tur,0.967347756984252,647.7093473913044,24612.955200869565,19766.275200869564
Maharashtra,972.02,36.92,Black Soil,88087.79,65000,14,75,24,24.54757829,6.436160044,PigeonPeas,arhar/tur,maharashtra,0.6477093473913044,647.7093473913044,arhar/tur,0.6477093473913044,arhar/tur,0.967347756984252,647.7093473913044,42101.107580434786,-45986.68241956521
Maharashtra,449.83,60.2,Clay,7533.23,55000,36,80,21,33.64769646,7.066087261,PigeonPeas,arhar/tur,maharashtra,0.6477093473913044,647.7093473913044,arhar/tur,0.6477093473913044,arhar/tur,0.967347756984252,647.7093473913044,35624.01410652174,28090.78410652174
Maharashtra,1163.82,75.95,Clay,36268.09,60000,7,77,18,20.5591255,6.655918078,PigeonPeas,arhar/tur,maharashtra,0.6477093473913044,647.7093473913044,arhar/tur,0.6477093473913044,arhar/tur,0.967347756984252,647.7093473913044,38862.56084347826,2594.470843478266
Maharashtra,1629.28,49.32,Black Soil,11631.22,3200,29,78,25,19.95991719,5.982854523,PigeonPeas,arhar/tur,maharashtra,0.6477093473913044,647.7093473913044,arhar/tur,0.6477093473913044,arhar/tur,0.967347756984252,647.7093473913044,2072.669911652174,-9558.550088347825
Maharashtra,467.3,59.44,Black Soil,23470.79,15000,30,60,21,28.87667593,5.457871273,PigeonPeas,arhar/tur,maharashtra,0.6477093473913044,647.7093473913044,arhar/tur,0.6477093473913044,arhar/tur,0.967347756984252,647.7093473913044,9715.640210869566,-13755.149789130435
Maharashtra,1024.37,42.02,Loam,22302.96,18000,20,74,16,36.04353699,4.759490199,PigeonPeas,arhar/tur,maharashtra,0.6477093473913044,647.7093473913044,arhar/tur,0.6477093473913044,arhar/tur,0.967347756984252,647.7093473913044,11658.76825304348,-10644.19174695652
Maharashtra,327.91,75.0,Clay,102696.06,22000,19,57,23,23.6734328,7.342409555,PigeonPeas,arhar/tur,maharashtra,0.6477093473913044,647.7093473913044,arhar/tur,0.6477093473913044,arhar/tur,0.967347756984252,647.7093473913044,14249.605642608696,-88446.4543573913
Maharashtra,603.25,67.08,Clay,14380.44,16000,3,60,19,25.74679443,4.820788186,PigeonPeas,arhar/tur,maharashtra,0.6477093473913044,647.7093473913044,arhar/tur,0.6477093473913044,arhar/tur,0.967347756984252,647.7093473913044,10363.34955826087,-4017.0904417391303
Maharashtra,313.72,74.11,Loam,28917.91,14000,5,77,19,31.08564994,6.242052013,PigeonPeas,arhar/tur,maharashtra,0.6477093473913044,647.7093473913044,arhar/tur,0.6477093473913044,arhar/tur,0.967347756984252,647.7093473913044,9067.930863478261,-19849.97913652174
Maharashtra,369.38,51.69,Black Soil,84997.76,15000,5,68,20,18.72987676,5.001038726,PigeonPeas,arhar/tur,maharashtra,0.6477093473913044,647.7093473913044,arhar/tur,0.6477093473913044,arhar/tur,0.967347756984252,647.7093473913044,9715.640210869566,-75282.11978913043
Maharashtra,540.43,33.15,Clay,124094.04,45000,37,73,21,29.50304807,5.560224583,PigeonPeas,arhar/tur,maharashtra,0.6477093473913044,647.7093473913044,arhar/tur,0.6477093473913044,arhar/tur,0.967347756984252,647.7093473913044,29146.920632608697,-94947.1193673913
Maharashtra,466.71,51.55,Black Soil,12260.07,38000,9,59,24,20.43517772,4.747352458,PigeonPeas,arhar/tur,maharashtra,0.6477093473913044,647.7093473913044,arhar/tur,0.6477093473913044,arhar/tur,0.967347756984252,647.7093473913044,24612.955200869565,12352.885200869565
Maharashtra,550.04,61.61,Clay,7894.9,65000,20,72,15,36.00415838,7.313517308,PigeonPeas,arhar/tur,maharashtra,0.6477093473913044,647.7093473913044,arhar/tur,0.6477093473913044,arhar/tur,0.967347756984252,647.7093473913044,42101.107580434786,34206.207580434784
Maharashtra,297.93,82.09,Sandy Loam,9016.92,55000,31,56,23,31.46846241,5.661826398,PigeonPeas,arhar/tur,maharashtra,0.6477093473913044,647.7093473913044,arhar/tur,0.6477093473913044,arhar/tur,0.967347756984252,647.7093473913044,35624.01410652174,26607.09410652174
Maharashtra,636.46,68.46,Sandy Loam,35701.63,60000,0,70,21,36.30049702,4.672437054,PigeonPeas,arhar/tur,maharashtra,0.6477093473913044,647.7093473913044,arhar/tur,0.6477093473913044,arhar/tur,0.967347756984252,647.7093473913044,38862.56084347826,3160.930843478265
Maharashtra,979.28,62.92,Black Soil,47609.21,3200,21,74,15,29.49096726,6.471862118,PigeonPeas,arhar/tur,maharashtra,0.6477093473913044,647.7093473913044,arhar/tur,0.6477093473913044,arhar/tur,0.967347756984252,647.7093473913044,2072.669911652174,-45536.54008834783
Maharashtra,318.27,69.7,Clay,19003.32,15000,13,67,18,30.5753044,5.384762927,PigeonPeas,arhar/tur,maharashtra,0.6477093473913044,647.7093473913044,arhar/tur,0.6477093473913044,arhar/tur,0.967347756984252,647.7093473913044,9715.640210869566,-9287.679789130434
UttarPradesh,883.68,52.8,Clay,102870.08,18000,27,74,20,24.69487673,5.859813416,PigeonPeas,arhar/tur,uttarpradesh,0.967347756984252,,arhar/tur,,arhar/tur,0.967347756984252,967.347756984252,17412.259625716535,-85457.82037428347
UttarPradesh,235.45,63.33,Clay,8827.29,22000,29,72,24,23.17409556,6.962386495,PigeonPeas,arhar/tur,uttarpradesh,0.967347756984252,,arhar/tur,,arhar/tur,0.967347756984252,967.347756984252,21281.650653653545,12454.360653653544
UttarPradesh,525.81,53.27,Clay,3677.9,16000,5,68,20,19.04380471,6.12166671,PigeonPeas,arhar/tur,uttarpradesh,0.967347756984252,,arhar/tur,,arhar/tur,0.967347756984252,967.347756984252,15477.564111748032,11799.664111748032
UttarPradesh,287.64,57.3,Sandy Loam,56182.22,14000,39,57,19,29.32379604,6.421748487,PigeonPeas,arhar/tur,uttarpradesh,0.967347756984252,,arhar/tur,,arhar/tur,0.967347756984252,967.347756984252,13542.868597779528,-42639.351402220476
UttarPradesh,518.01,59.16,Sandy Loam,19139.38,15000,22,62,16,34.6455408,4.828936119,PigeonPeas,arhar/tur,uttarpradesh,0.967347756984252,,arhar/tur,,arhar/tur,0.967347756984252,967.347756984252,14510.216354763781,-4629.16364523622
UttarPradesh,427.7,67.96,Sandy Loam,3708.28,45000,18,55,23,21.9989826,6.98571967,PigeonPeas,arhar/tur,uttarpradesh,0.967347756984252,,arhar/tur,,arhar/tur,0.967347756984252,967.347756984252,43530.64906429134,39822.36906429134
UttarPradesh,481.14,62.61,Sandy Loam,83087.34,38000,39,77,21,22.99774444,4.603563116,PigeonPeas,arhar/tur,uttarpradesh,0.967347756984252,,arhar/tur,,arhar/tur,0.967347756984252,967.347756984252,36759.21476540158,-46328.12523459842
UttarPradesh,421.32,70.99,Sandy Loam,8912.39,65000,13,75,20,30.55992394,6.979540061,PigeonPeas,arhar/tur,uttarpradesh,0.967347756984252,,arhar/tur,,arhar/tur,0.967347756984252,967.347756984252,62877.60420397638,53965.21420397638
UttarPradesh,208.82,60.09,Black Soil,23830.54,55000,27,71,24,31.46417866,7.064973419,PigeonPeas,arhar/tur,uttarpradesh,0.967347756984252,,arhar/tur,,arhar/tur,0.967347756984252,967.347756984252,53204.12663413386,29373.586634133862
UttarPradesh,514.98,62.65,Black Soil,4893.35,60000,26,64,22,25.95058595,5.16516459,PigeonPeas,arhar/tur,uttarpradesh,0.967347756984252,,arhar/tur,,arhar/tur,0.967347756984252,967.347756984252,58040.865419055124,53147.515419055126
UttarPradesh,971.89,66.87,Black Soil,10333.69,3200,23,55,16,21.01142393,5.111488821,PigeonPeas,arhar/tur,uttarpradesh,0.967347756984252,,arhar/tur,,arhar/tur,0.967347756984252,967.347756984252,3095.5128223496063,-7238.177177650394
UttarPradesh,211.14,67.47,Sandy Loam,16394.3,15000,4,69,19,19.25100056,5.374358869,PigeonPeas,arhar/tur,uttarpradesh,0.967347756984252,,arhar/tur,,arhar/tur,0.967347756984252,967.347756984252,14510.216354763781,-1884.0836452362182
UttarPradesh,905.72,74.06,Black Soil,24618.42,18000,20,67,19,19.24462755,5.671419084,PigeonPeas,arhar/tur,uttarpradesh,0.967347756984252,,arhar/tur,,arhar/tur,0.967347756984252,967.347756984252,17412.259625716535,-7206.160374283463
UttarPradesh,357.91,64.12,Sandy Loam,6575.62,22000,7,74,17,22.47253208,5.667419697,PigeonPeas,arhar/tur,uttarpradesh,0.967347756984252,,arhar/tur,,arhar/tur,0.967347756984252,967.347756984252,21281.650653653545,14706.030653653546
UttarPradesh,640.8,66.45,Clay,13536.33,16000,17,64,18,36.75087487,6.07938452,PigeonPeas,arhar/tur,uttarpradesh,0.967347756984252,,arhar/tur,,arhar/tur,0.967347756984252,967.347756984252,15477.564111748032,1941.2341117480319
UttarPradesh,310.32,58.9,Black Soil,15041.68,14000,35,71,17,29.89286629,6.931924963,PigeonPeas,arhar/tur,uttarpradesh,0.967347756984252,,arhar/tur,,arhar/tur,0.967347756984252,967.347756984252,13542.868597779528,-1498.8114022204718
UttarPradesh,399.68,51.1,Black Soil,9453.72,15000,11,72,22,29.37735586,6.842744374,PigeonPeas,arhar/tur,uttarpradesh,0.967347756984252,,arhar/tur,,arhar/tur,0.967347756984252,967.347756984252,14510.216354763781,5056.496354763782
UttarPradesh,602.23,66.06,Sandy Loam,7571.08,45000,20,60,22,29.65052947,6.876572503,PigeonPeas,arhar/tur,uttarpradesh,0.967347756984252,,arhar/tur,,arhar/tur,0.967347756984252,967.347756984252,43530.64906429134,35959.56906429134
UttarPradesh,739.39,59.67,Black Soil,16913.56,38000,10,71,18,19.54284889,6.151029296,PigeonPeas,arhar/tur,uttarpradesh,0.967347756984252,,arhar/tur,,arhar/tur,0.967347756984252,967.347756984252,36759.21476540158,19845.654765401578
UttarPradesh,693.67,75.91,Black Soil,20748.24,65000,33,61,24,20.04611791,4.567446499,PigeonPeas,arhar/tur,uttarpradesh,0.967347756984252,,arhar/tur,,arhar/tur,0.967347756984252,967.347756984252,62877.60420397638,42129.36420397638
UttarPradesh,341.8,67.76,Clay,55091.27,55000,3,49,18,27.91095209,3.692863601,MothBeans,moth,uttarpradesh,0.4459953350454546,,moth,,moth,0.4459953350454546,445.99533504545457,24529.7434275,-30561.526572499995
UttarPradesh,627.86,55.76,Loam,14872.99,60000,22,59,23,27.32220619,4.371745575,MothBeans,moth,uttarpradesh,0.4459953350454546,,moth,,moth,0.4459953350454546,445.99533504545457,26759.720102727275,11886.730102727275
UttarPradesh,1370.41,57.25,Sandy Loam,41179.11,3200,36,58,25,28.66024187,8.399135958,MothBeans,moth,uttarpradesh,0.4459953350454546,,moth,,moth,0.4459953350454546,445.99533504545457,1427.1850721454546,-39751.92492785455
UttarPradesh,321.19,66.38,Black Soil,9202.29,15000,4,43,18,29.02955344,8.840656256,MothBeans,moth,uttarpradesh,0.4459953350454546,,moth,,moth,0.4459953350454546,445.99533504545457,6689.930025681819,-2512.359974318182
UttarPradesh,567.72,72.36,Black Soil,39003.51,18000,29,54,16,27.78031515,8.153022903,MothBeans,moth,uttarpradesh,0.4459953350454546,,moth,,moth,0.4459953350454546,445.99533504545457,8027.916030818183,-30975.59396918182
UttarPradesh,190.61,68.51,Clay,23782.59,22000,32,43,22,31.99928579,5.270749441,MothBeans,moth,uttarpradesh,0.4459953350454546,,moth,,moth,0.4459953350454546,445.99533504545457,9811.897371000001,-13970.692629
UttarPradesh,288.98,62.54,Clay,45311.62,16000,14,55,15,27.33580911,8.050304395,MothBeans,moth,uttarpradesh,0.4459953350454546,,moth,,moth,0.4459953350454546,445.99533504545457,7135.925360727273,-38175.694639272726
UttarPradesh,144.62,76.72,Black Soil,3279.51,14000,5,35,20,28.92952635,9.679240873,MothBeans,moth,uttarpradesh,0.4459953350454546,,moth,,moth,0.4459953350454546,445.99533504545457,6243.934690636364,2964.424690636364
UttarPradesh,255.09,62.0,Sandy Loam,32615.11,15000,25,57,24,27.65472156,6.974978386,MothBeans,moth,uttarpradesh,0.4459953350454546,,moth,,moth,0.4459953350454546,445.99533504545457,6689.930025681819,-25925.179974318184
UttarPradesh,288.03,87.87,Black Soil,16192.85,45000,11,53,24,28.52396666,7.39389918,MothBeans,moth,uttarpradesh,0.4459953350454546,,moth,,moth,0.4459953350454546,445.99533504545457,20069.790077045454,3876.940077045454
UttarPradesh,283.16,57.25,Loam,19383.9,38000,40,49,17,31.02215872,6.68727523,MothBeans,moth,uttarpradesh,0.4459953350454546,,moth,,moth,0.4459953350454546,445.99533504545457,16947.822731727272,-2436.0772682727293
UttarPradesh,284.03,53.91,Black Soil,8536.3,65000,38,56,25,25.74095321,7.88118645,MothBeans,moth,uttarpradesh,0.4459953350454546,,moth,,moth,0.4459953350454546,445.99533504545457,28989.69677795455,20453.39677795455
UttarPradesh,190.28,54.68,Black Soil,20825.24,55000,27,43,23,31.70447482,5.875333778,MothBeans,moth,uttarpradesh,0.4459953350454546,,moth,,moth,0.4459953350454546,445.99533504545457,24529.7434275,3704.5034275
UttarPradesh,429.76,52.1,Loam,4107.47,60000,24,38,22,24.47876451,8.202706015,MothBeans,moth,uttarpradesh,0.4459953350454546,,moth,,moth,0.4459953350454546,445.99533504545457,26759.720102727275,22652.250102727274
UttarPradesh,598.27,50.92,Loam,12966.23,3200,23,45,21,31.46511256,8.985348193,MothBeans,moth,uttarpradesh,0.4459953350454546,,moth,,moth,0.4459953350454546,445.99533504545457,1427.1850721454546,-11539.044927854546
UttarPradesh,162.09,61.44,Sandy Loam,20922.32,15000,29,57,20,25.60973447,5.87707519,MothBeans,moth,uttarpradesh,0.4459953350454546,,moth,,moth,0.4459953350454546,445.99533504545457,6689.930025681819,-14232.389974318181
UttarPradesh,729.59,75.5,Loam,10445.24,18000,31,35,23,30.30260453,7.707595055,MothBeans,moth,uttarpradesh,0.4459953350454546,,moth,,moth,0.4459953350454546,445.99533504545457,8027.916030818183,-2417.323969181817
UttarPradesh,231.72,74.2,Loam,24002.04,22000,0,55,25,28.17489437,4.524171562,MothBeans,moth,uttarpradesh,0.4459953350454546,,moth,,moth,0.4459953350454546,445.99533504545457,9811.897371000001,-14190.142629
UttarPradesh,358.81,66.16,Loam,33906.95,16000,7,45,22,25.50634557,9.926212291,MothBeans,moth,uttarpradesh,0.4459953350454546,,moth,,moth,0.4459953350454546,445.99533504545457,7135.925360727273,-26771.024639272724
UttarPradesh,188.09,65.15,Clay,13157.21,14000,17,58,25,31.12896766,6.455592696,MothBeans,moth,uttarpradesh,0.4459953350454546,,moth,,moth,0.4459953350454546,445.99533504545457,6243.934690636364,-6913.275309363635
UttarPradesh,337.52,61.73,Sandy Loam,3021.13,15000,11,44,17,26.34043268,8.016210782,MothBeans,moth,uttarpradesh,0.4459953350454546,,moth,,moth,0.4459953350454546,445.99533504545457,6689.930025681819,3668.8000256818186
UttarPradesh,442.56,70.06,Loam,26815.71,45000,22,49,22,28.23494706,3.71105919,MothBeans,moth,uttarpradesh,0.4459953350454546,,moth,,moth,0.4459953350454546,445.99533504545457,20069.790077045454,-6745.919922954545
UttarPradesh,353.74,61.78,Loam,45556.46,38000,9,51,19,27.04453473,5.49091063,MothBeans,moth,uttarpradesh,0.4459953350454546,,moth,,moth,0.4459953350454546,445.99533504545457,16947.822731727272,-28608.637268272727
UttarPradesh,444.26,66.27,Sandy Loam,69655.59,65000,28,48,15,25.16125354,9.254089438,MothBeans,moth,uttarpradesh,0.4459953350454546,,moth,,moth,0.4459953350454546,445.99533504545457,28989.69677795455,-40665.893222045444
UttarPradesh,211.25,55.26,Black Soil,18115.94,55000,26,50,19,27.3179125,6.005242945,MothBeans,moth,uttarpradesh,0.4459953350454546,,moth,,moth,0.4459953350454546,445.99533504545457,24529.7434275,6413.803427500003
UttarPradesh,555.65,70.77,Clay,43420.05,60000,36,56,20,25.4123765,7.437078236,MothBeans,moth,uttarpradesh,0.4459953350454546,,moth,,moth,0.4459953350454546,445.99533504545457,26759.720102727275,-16660.329897272728
UttarPradesh,756.23,54.79,Black Soil,9482.41,3200,8,60,18,31.21629982,3.808429173,MothBeans,moth,uttarpradesh,0.4459953350454546,,moth,,moth,0.4459953350454546,445.99533504545457,1427.1850721454546,-8055.224927854545
UttarPradesh,224.36,58.78,Clay,45107.4,15000,24,37,21,30.573999,5.818219385,MothBeans,moth,uttarpradesh,0.4459953350454546,,moth,,moth,0.4459953350454546,445.99533504545457,6689.930025681819,-38417.469974318185
UttarPradesh,865.08,64.93,Clay,7977.26,18000,22,43,24,25.42517036,4.52363558,MothBeans,moth,uttarpradesh,0.4459953350454546,,moth,,moth,0.4459953350454546,445.99533504545457,8027.916030818183,50.656030818182444
UttarPradesh,222.45,62.88,Black Soil,84465.95,22000,36,43,24,27.09400578,3.510404312,MothBeans,moth,uttarpradesh,0.4459953350454546,,moth,,moth,0.4459953350454546,445.99533504545457,9811.897371000001,-74654.052629
UttarPradesh,412.57,65.68,Clay,27795.12,16000,22,44,24,24.30935081,6.030447288,MothBeans,moth,uttarpradesh,0.4459953350454546,,moth,,moth,0.4459953350454546,445.99533504545457,7135.925360727273,-20659.194639272726
UttarPradesh,202.21,82.11,Clay,31138.1,14000,17,43,22,30.06142622,5.498340808,MothBeans,moth,uttarpradesh,0.4459953350454546,,moth,,moth,0.4459953350454546,445.99533504545457,6243.934690636364,-24894.165309363634
UttarPradesh,289.59,63.31,Black Soil,116341.71,15000,8,45,15,28.09568993,4.61136408,MothBeans,moth,uttarpradesh,0.4459953350454546,,moth,,moth,0.4459953350454546,445.99533504545457,6689.930025681819,-109651.77997431818
UttarPradesh,450.46,68.95,Sandy Loam,130666.84,45000,7,56,23,26.33908791,5.545219232,MothBeans,moth,uttarpradesh,0.4459953350454546,,moth,,moth,0.4459953350454546,445.99533504545457,20069.790077045454,-110597.04992295454
UttarPradesh,411.0,53.43,Sandy Loam,4142.42,38000,36,57,16,28.61409059,8.292875734,MothBeans,moth,uttarpradesh,0.4459953350454546,,moth,,moth,0.4459953350454546,445.99533504545457,16947.822731727272,12805.402731727272
UttarPradesh,473.96,55.71,Loam,9331.76,65000,11,45,19,28.70012137,3.828031463,MothBeans,moth,uttarpradesh,0.4459953350454546,,moth,,moth,0.4459953350454546,445.99533504545457,28989.69677795455,19657.93677795455
UttarPradesh,239.07,57.6,Sandy Loam,12799.93,55000,6,36,22,24.21610338,8.869532817,MothBeans,moth,uttarpradesh,0.4459953350454546,,moth,,moth,0.4459953350454546,445.99533504545457,24529.7434275,11729.813427500001
UttarPradesh,371.0,63.65,Clay,15162.82,60000,17,57,20,28.50677929,3.793575185,MothBeans,moth,uttarpradesh,0.4459953350454546,,moth,,moth,0.4459953350454546,445.99533504545457,26759.720102727275,11596.900102727275
UttarPradesh,974.73,60.85,Black Soil,12030.15,3200,4,47,20,25.97948991,4.193189124,MothBeans,moth,uttarpradesh,0.4459953350454546,,moth,,moth,0.4459953350454546,445.99533504545457,1427.1850721454546,-10602.964927854546
UttarPradesh,251.76,49.86,Sandy Loam,23124.93,15000,9,49,16,30.88482722,7.661537348,MothBeans,moth,uttarpradesh,0.4459953350454546,,moth,,moth,0.4459953350454546,445.99533504545457,6689.930025681819,-16434.999974318183
MadhyaPradesh,1563.54,62.17,Black Soil,57459.91,18000,25,51,24,25.5042419,9.392694614,MothBeans,moth,madhyapradesh,0.4459953350454546,,moth,,moth,0.4459953350454546,445.99533504545457,8027.916030818183,-49431.99396918182
MadhyaPradesh,379.22,56.04,Sandy Loam,7932.19,22000,36,44,21,25.12528913,4.516154055,MothBeans,moth,madhyapradesh,0.4459953350454546,,moth,,moth,0.4459953350454546,445.99533504545457,9811.897371000001,1879.7073710000013
MadhyaPradesh,712.96,75.64,Sandy Loam,40013.91,16000,21,38,20,27.10508014,5.794289715,MothBeans,moth,madhyapradesh,0.4459953350454546,,moth,,moth,0.4459953350454546,445.99533504545457,7135.925360727273,-32877.984639272734
MadhyaPradesh,417.78,66.88,Black Soil,21253.68,14000,37,57,20,31.1006247,7.354286985,MothBeans,moth,madhyapradesh,0.4459953350454546,,moth,,moth,0.4459953350454546,445.99533504545457,6243.934690636364,-15009.745309363636
MadhyaPradesh,749.24,62.25,Loam,14482.13,15000,32,48,18,26.45707778,5.993513566,MothBeans,moth,madhyapradesh,0.4459953350454546,,moth,,moth,0.4459953350454546,445.99533504545457,6689.930025681819,-7792.1999743181805
MadhyaPradesh,744.18,65.1,Black Soil,33732.6,45000,29,44,20,30.04132304,8.620107545,MothBeans,moth,madhyapradesh,0.4459953350454546,,moth,,moth,0.4459953350454546,445.99533504545457,20069.790077045454,-13662.809922954544
MadhyaPradesh,780.54,55.79,Sandy Loam,24278.3,38000,25,51,18,27.77799528,9.45949344,MothBeans,moth,madhyapradesh,0.4459953350454546,,moth,,moth,0.4459953350454546,445.99533504545457,16947.822731727272,-7330.477268272727
MadhyaPradesh,941.2,64.87,Sandy Loam,11127.88,65000,10,44,24,30.99256944,8.0344125,MothBeans,moth,madhyapradesh,0.4459953350454546,,moth,,moth,0.4459953350454546,445.99533504545457,28989.69677795455,17861.816777954547
MadhyaPradesh,483.41,77.11,Sandy Loam,63751.09,55000,23,35,18,26.4908332,5.414492777,MothBeans,moth,madhyapradesh,0.4459953350454546,,moth,,moth,0.4459953350454546,445.99533504545457,24529.7434275,-39221.3465725
MadhyaPradesh,1052.38,70.33,Black Soil,60839.66,60000,9,60,23,31.96987867,6.276004336,MothBeans,moth,madhyapradesh,0.4459953350454546,,moth,,moth,0.4459953350454546,445.99533504545457,26759.720102727275,-34079.93989727273
MadhyaPradesh,1726.67,67.21,Loam,53389.23,3200,3,58,21,25.36140526,9.160691747,MothBeans,moth,madhyapradesh,0.4459953350454546,,moth,,moth,0.4459953350454546,445.99533504545457,1427.1850721454546,-51962.04492785455
MadhyaPradesh,475.6,61.51,Loam,46249.01,15000,22,42,22,25.54249137,7.887658711,MothBeans,moth,madhyapradesh,0.4459953350454546,,moth,,moth,0.4459953350454546,445.99533504545457,6689.930025681819,-39559.079974318185
MadhyaPradesh,969.89,66.83,Black Soil,25740.87,18000,12,39,21,28.99319096,8.183844843,MothBeans,moth,madhyapradesh,0.4459953350454546,,moth,,moth,0.4459953350454546,445.99533504545457,8027.916030818183,-17712.953969181817
MadhyaPradesh,367.7,81.93,Clay,27987.81,22000,39,36,22,29.34317422,9.072011412,MothBeans,moth,madhyapradesh,0.4459953350454546,,moth,,moth,0.4459953350454546,445.99533504545457,9811.897371000001,-18175.912629
MadhyaPradesh,623.34,68.96,Sandy Loam,98413.39,16000,32,41,16,28.63618921,7.702287236,MothBeans,moth,madhyapradesh,0.4459953350454546,,moth,,moth,0.4459953350454546,445.99533504545457,7135.925360727273,-91277.46463927273
MadhyaPradesh,287.79,50.64,Clay,28557.87,14000,30,41,15,24.83206631,5.88509677,MothBeans,moth,madhyapradesh,0.4459953350454546,,moth,,moth,0.4459953350454546,445.99533504545457,6243.934690636364,-22313.935309363635
MadhyaPradesh,507.17,61.9,Sandy Loam,8785.5,15000,19,36,22,25.44689075,6.16496284,MothBeans,moth,madhyapradesh,0.4459953350454546,,moth,,moth,0.4459953350454546,445.99533504545457,6689.930025681819,-2095.5699743181813
MadhyaPradesh,549.04,69.36,Clay,4392.34,45000,4,46,15,31.01274943,3.504752314,MothBeans,moth,madhyapradesh,0.4459953350454546,,moth,,moth,0.4459953350454546,445.99533504545457,20069.790077045454,15677.450077045454
MadhyaPradesh,528.13,71.32,Loam,12863.47,38000,21,39,20,27.06179658,7.388007483,MothBeans,moth,madhyapradesh,0.4459953350454546,,moth,,moth,0.4459953350454546,445.99533504545457,16947.822731727272,4084.352731727273
MadhyaPradesh,606.33,65.73,Loam,11801.94,65000,35,57,25,27.0956288,8.340398059,MothBeans,moth,madhyapradesh,0.4459953350454546,,moth,,moth,0.4459953350454546,445.99533504545457,28989.69677795455,17187.75677795455
MadhyaPradesh,287.41,58.74,Black Soil,40851.34,55000,22,55,24,28.56800579,8.66077954,MothBeans,moth,madhyapradesh,0.4459953350454546,,moth,,moth,0.4459953350454546,445.99533504545457,24529.7434275,-16321.596572499995
MadhyaPradesh,841.31,75.47,Sandy Loam,16366.8,60000,35,51,17,28.79929247,3.558822825,MothBeans,moth,madhyapradesh,0.4459953350454546,,moth,,moth,0.4459953350454546,445.99533504545457,26759.720102727275,10392.920102727276
MadhyaPradesh,1187.46,62.39,Clay,6621.13,3200,17,56,17,27.94293692,5.9565851,MothBeans,moth,madhyapradesh,0.4459953350454546,,moth,,moth,0.4459953350454546,445.99533504545457,1427.1850721454546,-5193.944927854545
MadhyaPradesh,326.83,70.33,Sandy Loam,7593.72,15000,28,57,17,30.47757686,9.416003106,MothBeans,moth,madhyapradesh,0.4459953350454546,,moth,,moth,0.4459953350454546,445.99533504545457,6689.930025681819,-903.7899743181815
MadhyaPradesh,1046.76,58.88,Black Soil,35316.88,18000,22,36,16,30.58139475,8.18422855,MothBeans,moth,madhyapradesh,0.4459953350454546,,moth,,moth,0.4459953350454546,445.99533504545457,8027.916030818183,-27288.963969181816
MadhyaPradesh,262.11,57.83,Clay,6041.61,22000,11,41,19,26.85911286,5.131779302,MothBeans,moth,madhyapradesh,0.4459953350454546,,moth,,moth,0.4459953350454546,445.99533504545457,9811.897371000001,3770.2873710000013
MadhyaPradesh,468.44,43.54,Sandy Loam,6626.01,16000,38,38,18,26.31051759,6.294130313,MothBeans,moth,madhyapradesh,0.4459953350454546,,moth,,moth,0.4459953350454546,445.99533504545457,7135.925360727273,509.91536072727286
MadhyaPradesh,327.15,45.62,Sandy Loam,16013.23,14000,23,37,24,28.77833449,7.991902443,MothBeans,moth,madhyapradesh,0.4459953350454546,,moth,,moth,0.4459953350454546,445.99533504545457,6243.934690636364,-9769.295309363635
MadhyaPradesh,410.76,63.52,Sandy Loam,20324.95,15000,25,35,20,28.90245417,8.923095695,MothBeans,moth,madhyapradesh,0.4459953350454546,,moth,,moth,0.4459953350454546,445.99533504545457,6689.930025681819,-13635.019974318182
MadhyaPradesh,514.89,58.72,Sandy Loam,48002.65,45000,40,45,20,29.37687468,6.878498176,MothBeans,moth,madhyapradesh,0.4459953350454546,,moth,,moth,0.4459953350454546,445.99533504545457,20069.790077045454,-27932.859922954547
MadhyaPradesh,383.77,63.86,Sandy Loam,22201.1,38000,23,58,19,24.17093241,5.243634849,MothBeans,moth,madhyapradesh,0.4459953350454546,,moth,,moth,0.4459953350454546,445.99533504545457,16947.822731727272,-5253.277268272726
MadhyaPradesh,484.17,74.01,Black Soil,22526.95,65000,2,56,23,26.65333029,7.550090941,MothBeans,moth,madhyapradesh,0.4459953350454546,,moth,,moth,0.4459953350454546,445.99533504545457,28989.69677795455,6462.746777954548
MadhyaPradesh,212.15,61.08,Clay,30265.95,55000,3,56,17,28.19912143,8.709291688,MothBeans,moth,madhyapradesh,0.4459953350454546,,moth,,moth,0.4459953350454546,445.99533504545457,24529.7434275,-5736.206572499999
MadhyaPradesh,476.49,63.91,Black Soil,24792.05,60000,26,51,25,28.76488954,7.792508068,MothBeans,moth,madhyapradesh,0.4459953350454546,,moth,,moth,0.4459953350454546,445.99533504545457,26759.720102727275,1967.6701027272757
MadhyaPradesh,1321.72,58.21,Sandy Loam,52635.82,3200,39,42,20,29.3499706,8.055908858,MothBeans,moth,madhyapradesh,0.4459953350454546,,moth,,moth,0.4459953350454546,445.99533504545457,1427.1850721454546,-51208.634927854546
MadhyaPradesh,287.04,75.89,Black Soil,6496.78,15000,27,59,20,28.00937423,4.397698806,MothBeans,moth,madhyapradesh,0.4459953350454546,,moth,,moth,0.4459953350454546,445.99533504545457,6689.930025681819,193.150025681819
MadhyaPradesh,585.17,56.91,Sandy Loam,104969.27,18000,24,45,19,26.85851927,5.952384957,MothBeans,moth,madhyapradesh,0.4459953350454546,,moth,,moth,0.4459953350454546,445.99533504545457,8027.916030818183,-96941.35396918182
MadhyaPradesh,182.54,58.94,Loam,5322.51,22000,7,40,17,31.2123945,8.532078733,MothBeans,moth,madhyapradesh,0.4459953350454546,,moth,,moth,0.4459953350454546,445.99533504545457,9811.897371000001,4489.387371000001
MadhyaPradesh,368.62,65.5,Sandy Loam,5292.48,16000,15,45,23,24.20422636,7.224193642,MothBeans,moth,madhyapradesh,0.4459953350454546,,moth,,moth,0.4459953350454546,445.99533504545457,7135.925360727273,1843.4453607272735
MadhyaPradesh,219.64,58.48,Sandy Loam,24152.69,14000,26,52,23,29.98835437,4.931890506,MothBeans,moth,madhyapradesh,0.4459953350454546,,moth,,moth,0.4459953350454546,445.99533504545457,6243.934690636364,-17908.755309363634
MadhyaPradesh,298.88,58.55,Black Soil,25668.6,15000,20,45,16,29.93964907,4.626212446,MothBeans,moth,madhyapradesh,0.4459953350454546,,moth,,moth,0.4459953350454546,445.99533504545457,6689.930025681819,-18978.66997431818
MadhyaPradesh,348.04,62.14,Sandy Loam,21960.29,45000,34,54,24,31.2119298,5.026003659,MothBeans,moth,madhyapradesh,0.4459953350454546,,moth,,moth,0.4459953350454546,445.99533504545457,20069.790077045454,-1890.4999229545465
MadhyaPradesh,398.45,75.54,Clay,32943.98,38000,19,51,25,26.80474415,3.5253661,MothBeans,moth,madhyapradesh,0.4459953350454546,,moth,,moth,0.4459953350454546,445.99533504545457,16947.822731727272,-15996.157268272731
MadhyaPradesh,450.45,59.66,Loam,7829.04,65000,29,41,21,31.49398069,8.86979671,MothBeans,moth,madhyapradesh,0.4459953350454546,,moth,,moth,0.4459953350454546,445.99533504545457,28989.69677795455,21160.656777954548
MadhyaPradesh,179.06,75.48,Sandy Loam,32232.17,55000,20,50,22,30.99694676,9.406887533,MothBeans,moth,madhyapradesh,0.4459953350454546,,moth,,moth,0.4459953350454546,445.99533504545457,24529.7434275,-7702.426572499997
MadhyaPradesh,504.28,57.48,Clay,24684.67,60000,11,40,23,29.61253065,5.80428611,MothBeans,moth,madhyapradesh,0.4459953350454546,,moth,,moth,0.4459953350454546,445.99533504545457,26759.720102727275,2075.0501027272767
MadhyaPradesh,897.11,74.66,Loam,8438.63,3200,15,54,15,29.97604322,8.35495812,MothBeans,moth,madhyapradesh,0.4459953350454546,,moth,,moth,0.4459953350454546,445.99533504545457,1427.1850721454546,-7011.444927854544
MadhyaPradesh,187.53,69.75,Black Soil,35211.2,15000,35,55,22,30.88883074,8.634929739,MothBeans,moth,madhyapradesh,0.4459953350454546,,moth,,moth,0.4459953350454546,445.99533504545457,6689.930025681819,-28521.26997431818
MadhyaPradesh,974.98,68.64,Sandy Loam,26328.37,18000,9,59,25,30.39321309,7.699200949,MothBeans,moth,madhyapradesh,0.4459953350454546,,moth,,moth,0.4459953350454546,445.99533504545457,8027.916030818183,-18300.453969181817
MadhyaPradesh,280.15,79.71,Black Soil,9008.42,22000,40,45,18,30.43683729,5.261285926,MothBeans,moth,madhyapradesh,0.4459953350454546,,moth,,moth,0.4459953350454546,445.99533504545457,9811.897371000001,803.4773710000009
MadhyaPradesh,375.17,57.96,Clay,55765.76,16000,35,38,19,25.32688786,9.112771682,MothBeans,moth,madhyapradesh,0.4459953350454546,,moth,,moth,0.4459953350454546,445.99533504545457,7135.925360727273,-48629.834639272725
MadhyaPradesh,198.59,52.68,Loam,7451.53,14000,14,58,17,30.53684308,4.605700542,MothBeans,moth,madhyapradesh,0.4459953350454546,,moth,,moth,0.4459953350454546,445.99533504545457,6243.934690636364,-1207.5953093636354
MadhyaPradesh,434.35,66.05,Black Soil,19266.51,15000,40,55,18,30.38257873,7.115994051,MothBeans,moth,madhyapradesh,0.4459953350454546,,moth,,moth,0.4459953350454546,445.99533504545457,6689.930025681819,-12576.57997431818
MadhyaPradesh,488.64,77.57,Loam,56366.9,45000,18,36,23,24.01825377,7.214078621,MothBeans,moth,madhyapradesh,0.4459953350454546,,moth,,moth,0.4459953350454546,445.99533504545457,20069.790077045454,-36297.10992295455
MadhyaPradesh,468.01,48.02,Clay,19941.72,38000,35,52,15,28.69841277,9.93509073,MothBeans,moth,madhyapradesh,0.4459953350454546,,moth,,moth,0.4459953350454546,445.99533504545457,16947.822731727272,-2993.897268272729
MadhyaPradesh,530.84,70.58,Black Soil,15333.84,65000,4,59,22,29.33743412,8.914074888,MothBeans,moth,madhyapradesh,0.4459953350454546,,moth,,moth,0.4459953350454546,445.99533504545457,28989.69677795455,13655.856777954548
MadhyaPradesh,224.61,56.46,Black Soil,72160.96,55000,22,51,16,27.96583691,8.639586199,MothBeans,moth,madhyapradesh,0.4459953350454546,,moth,,moth,0.4459953350454546,445.99533504545457,24529.7434275,-47631.21657250001
MadhyaPradesh,540.65,61.55,Clay,5835.07,60000,33,47,17,24.86803974,8.621514073,MothBeans,moth,madhyapradesh,0.4459953350454546,,moth,,moth,0.4459953350454546,445.99533504545457,26759.720102727275,20924.650102727275
MadhyaPradesh,977.22,59.5,Loam,13201.46,3200,2,51,17,25.87682261,5.838508699,MothBeans,moth,madhyapradesh,0.4459953350454546,,moth,,moth,0.4459953350454546,445.99533504545457,1427.1850721454546,-11774.274927854545
MadhyaPradesh,246.74,67.72,Black Soil,11806.73,15000,16,51,21,31.01963639,3.532008668,MothBeans,moth,madhyapradesh,0.4459953350454546,,moth,,moth,0.4459953350454546,445.99533504545457,6689.930025681819,-5116.799974318181
Gujarat,774.04,64.48,Loam,36825.07,18000,19,55,20,27.43329405,7.18530147,MungBean,moong,gujarat,,,moong,,moong,,943.4156369414726,16981.481464946508,-19843.58853505349
Gujarat,318.57,74.55,Sandy Loam,9456.63,22000,8,54,20,28.3340432,7.034214276,MungBean,moong,gujarat,,,moong,,moong,,658.7728432668575,14493.002551870866,5036.372551870867
Gujarat,369.28,46.77,Black Soil,59046.9,16000,36,55,20,27.01470397,6.635968698,MungBean,moong,gujarat,,,moong,,moong,,724.7910638926263,11596.657022282021,-47450.24297771798
Gujarat,306.11,80.06,Clay,22531.3,14000,10,56,16,28.17432665,6.828187499,MungBean,moong,gujarat,,,moong,,moong,,753.1328462396953,10543.859847355734,-11987.440152644265
Gujarat,366.99,79.0,Loam,11515.73,15000,22,56,17,29.87888063,6.89077995,MungBean,moong,gujarat,,,moong,,moong,,865.0954124228216,12976.431186342325,1460.701186342325
Gujarat,531.49,63.25,Sandy Loam,35033.06,45000,9,57,24,29.89232778,7.165121109,MungBean,moong,gujarat,,,moong,,moong,,985.4859710204679,44346.86869592105,9313.808695921056
Gujarat,544.22,59.21,Sandy Loam,8453.57,38000,34,59,23,28.56212158,6.935804256,MungBean,moong,gujarat,,,moong,,moong,,830.366264675818,31553.918057681083,23100.348057681083
Gujarat,576.71,68.61,Black Soil,81275.52,65000,31,51,25,27.53592929,7.196774236,MungBean,moong,gujarat,,,moong,,moong,,790.5569965377679,51386.20477495492,-29889.315225045088
Gujarat,314.04,77.23,Clay,12530.9,55000,0,49,18,29.68361658,6.990095452,MungBean,moong,gujarat,,,moong,,moong,,747.1354529492805,41092.44991221043,28561.54991221043
Gujarat,609.63,71.37,Black Soil,74648.36,60000,21,39,20,28.14448546,7.064782138,MungBean,moong,gujarat,,,moong,,moong,,880.3338783699347,52820.032702196084,-21828.327297803917
Gujarat,1252.85,55.49,Clay,11506.63,3200,28,35,22,29.53037621,7.156563094,MungBean,moong,gujarat,,,moong,,moong,,893.9711655446482,2860.707729742874,-8645.922270257124
Gujarat,216.27,58.31,Loam,18401.77,15000,17,52,17,27.88352946,6.364967184,MungBean,moong,gujarat,,,moong,,moong,,826.7971395527597,12401.957093291398,-5999.812906708603
Gujarat,896.36,58.2,Sandy Loam,9167.17,18000,24,42,23,28.22471276,6.428054409,MungBean,moong,gujarat,,,moong,,moong,,884.5409476783791,15921.737058210823,6754.567058210823
Gujarat,337.04,66.58,Clay,10319.92,22000,28,46,16,29.008124,6.664187809,MungBean,moong,gujarat,,,moong,,moong,,766.5400420702649,16863.88092554583,6543.960925545829
Gujarat,747.94,67.71,Clay,27250.48,16000,21,38,21,29.75538903,6.637677489,MungBean,moong,gujarat,,,moong,,moong,,871.9760318473301,13951.616509557281,-13298.863490442718
Gujarat,280.7,57.63,Clay,41349.45,14000,34,60,25,29.78416743,6.79385576,MungBean,moong,gujarat,,,moong,,moong,,732.1051835721927,10249.472570010697,-31099.9774299893
Gujarat,449.73,82.49,Clay,61431.96,15000,19,53,22,27.8640132,6.852884643,MungBean,moong,gujarat,,,moong,,moong,,837.736132918988,12566.04199378482,-48865.91800621518
Gujarat,487.86,53.99,Sandy Loam,73260.59,45000,31,58,15,27.11026483,7.121571293,MungBean,moong,gujarat,,,moong,,moong,,733.2261917598659,32995.178629193964,-40265.41137080603
Gujarat,683.72,57.84,Loam,35587.45,38000,19,35,24,27.11030369,6.883308033,MungBean,moong,gujarat,,,moong,,moong,,796.7319482249181,30275.81403254689,-5311.635967453109
Gujarat,554.82,69.86,Clay,10862.7,65000,24,53,17,28.95451232,6.421271178,MungBean,moong,gujarat,,,moong,,moong,,692.0522049875723,44983.3933241922,34120.693324192194
Gujarat,286.02,71.3,Sandy Loam,93810.12,55000,13,47,20,29.21780035,6.54450214,MungBean,moong,gujarat,,,moong,,moong,,742.8618707053048,40857.40288879177,-52952.71711120823
Gujarat,751.31,77.91,Loam,26159.94,60000,31,53,16,28.7420098,6.452006451,MungBean,moong,gujarat,,,moong,,moong,,888.3770242331183,53302.62145398709,27142.681453987094
Gujarat,1145.0,50.99,Loam,7210.22,3200,28,45,23,29.65021184,6.489259136,MungBean,moong,gujarat,,,moong,,moong,,934.4852630417399,2990.352841733568,-4219.867158266432
Gujarat,301.71,65.3,Loam,14130.52,15000,31,37,21,27.23924995,6.713410626,MungBean,moong,gujarat,,,moong,,moong,,875.7639856333406,13136.459784500108,-994.0602154998924
Gujarat,1237.14,74.19,Clay,22854.67,18000,33,60,15,28.95172351,6.510840928,MungBean,moong,gujarat,,,moong,,moong,,944.0168798089777,16992.3038365616,-5862.366163438397
Gujarat,389.07,75.63,Sandy Loam,41565.97,22000,34,45,21,28.18837136,6.287380117,MungBean,moong,gujarat,,,moong,,moong,,789.7408508518645,17374.298718741018,-24191.671281258983
Gujarat,613.44,80.57,Clay,51493.11,16000,13,57,25,28.30041493,6.86308576,MungBean,moong,gujarat,,,moong,,moong,,719.3935881401136,11510.297410241817,-39982.812589758185
Gujarat,403.18,44.5,Loam,18721.22,14000,33,57,17,27.89636126,6.78415271,MungBean,moong,gujarat,,,moong,,moong,,722.9619410002131,10121.467174002983,-8599.752825997019
Gujarat,590.34,44.82,Black Soil,11171.3,15000,32,57,22,28.6899851,6.769415888,MungBean,moong,gujarat,,,moong,,moong,,839.2321821549871,12588.482732324806,1417.1827323248071
Gujarat,620.53,81.06,Loam,7146.16,45000,23,59,25,27.8262623,6.320768488,MungBean,moong,gujarat,,,moong,,moong,,868.0085658916535,39060.385465124404,31914.225465124404
Gujarat,596.15,70.55,Loam,15218.31,38000,35,41,18,28.70562673,6.705008504,MungBean,moong,gujarat,,,moong,,moong,,779.4535268231705,29619.234019280477,14400.924019280477
Gujarat,905.88,65.42,Black Soil,11518.7,65000,6,48,24,28.6362812,6.790736339,MungBean,moong,gujarat,,,moong,,moong,,875.3126821999024,56895.324342993656,45376.62434299366
Gujarat,437.72,63.08,Loam,18786.76,55000,29,36,25,28.28511547,7.130278657,MungBean,moong,gujarat,,,moong,,moong,,641.7909340774145,35298.501374257794,16511.741374257796
Gujarat,748.26,69.4,Clay,35269.69,60000,4,36,22,27.60887393,7.012740397,MungBean,moong,gujarat,,,moong,,moong,,825.1217199327345,49507.30319596407,14237.61319596407
Gujarat,1121.35,52.14,Loam,13252.06,3200,10,59,22,28.60901145,7.155685016,MungBean,moong,gujarat,,,moong,,moong,,988.1529110634677,3162.0893154030964,-10089.970684596903
Gujarat,393.21,72.27,Sandy Loam,19026.37,15000,14,48,21,29.24598976,6.991242362,MungBean,moong,gujarat,,,moong,,moong,,781.4458524384638,11721.687786576957,-7304.682213423042
Gujarat,1251.76,60.42,Loam,11427.17,18000,8,50,21,28.62911222,6.218923893,MungBean,moong,gujarat,,,moong,,moong,,982.363066176618,17682.535191179122,6255.365191179122
Gujarat,367.16,65.11,Black Soil,17139.79,22000,20,40,15,29.57329479,7.199495368,MungBean,moong,gujarat,,,moong,,moong,,721.3770047115763,15870.294103654678,-1269.4958963453228
Gujarat,536.64,72.6,Black Soil,6256.78,16000,36,43,22,27.82684262,6.389882166,MungBean,moong,gujarat,,,moong,,moong,,789.4454875549914,12631.127800879862,6374.347800879862
Gujarat,324.75,78.9,Loam,16887.45,14000,14,57,15,29.8757015,6.623438282,MungBean,moong,gujarat,,,moong,,moong,,661.3220979213991,9258.509370899586,-7628.940629100414
Gujarat,510.49,83.4,Black Soil,15042.4,15000,11,60,23,27.33684386,7.033012777,MungBean,moong,gujarat,,,moong,,moong,,844.1556068098461,12662.33410214769,-2380.0658978523097
Gujarat,457.35,80.05,Loam,7740.92,45000,10,59,15,29.83040388,6.32400451,MungBean,moong,gujarat,,,moong,,moong,,759.1977448349896,34163.89851757453,26422.978517574535
Gujarat,678.94,62.39,Clay,5734.64,38000,7,60,25,28.2753171,6.397636709,MungBean,moong,gujarat,,,moong,,moong,,852.6708951943037,32401.494017383542,26666.854017383543
Gujarat,784.08,68.76,Clay,9733.46,65000,2,47,15,29.86860065,6.401455706,MungBean,moong,gujarat,,,moong,,moong,,772.362754286749,50203.57902863869,40470.11902863869
Gujarat,358.76,52.32,Sandy Loam,47283.18,55000,20,45,22,29.5888162,6.904587016,MungBean,moong,gujarat,,,moong,,moong,,562.5904324772561,30942.473786249084,-16340.706213750917
Gujarat,725.5,71.33,Sandy Loam,162919.1,60000,2,39,15,28.07219563,6.478557136,MungBean,moong,gujarat,,,moong,,moong,,928.13098678583,55687.859207149806,-107231.2407928502
Gujarat,1520.51,75.61,Black Soil,140628.99,3200,27,40,24,27.84026517,7.063022095,MungBean,moong,gujarat,,,moong,,moong,,988.3542038827285,3162.733452424731,-137466.25654757526
Gujarat,379.22,71.41,Loam,8932.71,15000,35,48,15,27.10818093,6.981758362,MungBean,moong,gujarat,,,moong,,moong,,704.4115309255078,10566.172963882616,1633.4629638826173
Gujarat,676.18,63.74,Clay,60146.96,18000,4,59,25,27.68515114,6.227134139,MungBean,moong,gujarat,,,moong,,moong,,872.8224011699632,15710.803221059337,-44436.15677894066
Gujarat,206.17,79.7,Black Soil,21695.13,22000,1,48,24,29.34594634,6.232836962,MungBean,moong,gujarat,,,moong,,moong,,647.1737612125829,14237.822746676826,-7457.307253323175
Gujarat,447.02,75.5,Black Soil,71539.18,16000,36,43,21,28.36319404,7.140437859,MungBean,moong,gujarat,,,moong,,moong,,838.7342073300081,13419.74731728013,-58119.43268271987
Gujarat,213.98,49.2,Black Soil,8044.85,14000,11,46,24,27.65280218,6.459252023,MungBean,moong,gujarat,,,moong,,moong,,743.9328950384677,10415.060530538549,2370.2105305385485
Gujarat,280.42,62.12,Black Soil,8391.89,15000,34,47,19,27.31372793,6.568795404,MungBean,moong,gujarat,,,moong,,moong,,786.0871617811842,11791.307426717764,3399.417426717764
Gujarat,250.82,73.68,Loam,5663.34,45000,21,44,18,27.06909959,7.12851089,MungBean,moong,gujarat,,,moong,,moong,,631.6086286531747,28422.38828939286,22759.04828939286
Gujarat,414.34,67.55,Black Soil,36770.06,38000,17,58,20,28.06642822,6.42937879,MungBean,moong,gujarat,,,moong,,moong,,847.886916399483,32219.702823180352,-4550.357176819645
Gujarat,349.14,60.5,Sandy Loam,28389.46,65000,25,40,21,27.73329078,6.248900919,MungBean,moong,gujarat,,,moong,,moong,,752.3943670030444,48905.633855197884,20516.173855197885
Gujarat,234.25,69.87,Clay,9630.38,55000,2,38,18,27.53632932,6.619891498,MungBean,moong,gujarat,,,moong,,moong,,701.3661956755266,38575.14076215396,28944.760762153965
Gujarat,392.7,60.4,Black Soil,28747.93,60000,9,48,20,29.66461594,6.377568542,MungBean,moong,gujarat,,,moong,,moong,,728.4960714724702,43709.76428834821,14961.834288348211
Gujarat,1010.54,67.94,Loam,82044.09,3200,37,49,25,29.9145443,6.415459592,MungBean,moong,gujarat,,,moong,,moong,,714.0639329977132,2285.0045855926824,-79759.08541440731
Gujarat,155.98,70.67,Loam,26267.23,15000,36,38,15,28.36363858,6.320662012,MungBean,moong,gujarat,,,moong,,moong,,713.1546462561142,10697.319693841713,-15569.910306158286
Bihar,1021.01,54.44,Loam,62555.59,18000,40,58,15,29.46416042,6.978400282,MungBean,moong,bihar,,,moong,,moong,,786.46116999312,14156.301059876161,-48399.288940123835
Bihar,408.07,62.84,Sandy Loam,11863.84,22000,30,44,16,29.73013036,6.442335593,MungBean,moong,bihar,,,moong,,moong,,626.9045715339547,13791.900573747003,1928.0605737470032
Bihar,670.41,66.28,Loam,19678.26,16000,1,59,23,27.46852989,7.184398832,MungBean,moong,bihar,,,moong,,moong,,702.4401997584453,11239.043196135124,-8439.216803864874
Bihar,381.54,54.39,Sandy Loam,17743.78,14000,9,48,22,27.77076285,6.402926221,MungBean,moong,bihar,,,moong,,moong,,824.4247097227559,11541.945936118584,-6201.834063881415
Bihar,610.76,65.08,Loam,6110.29,15000,14,41,17,29.12939524,7.085982325,MungBean,moong,bihar,,,moong,,moong,,738.5815259551187,11078.722889326778,4968.432889326778
Bihar,644.49,71.49,Sandy Loam,28577.07,45000,35,52,19,27.10606808,6.698574085,MungBean,moong,bihar,,,moong,,moong,,971.3458039658261,43710.56117846218,15133.49117846218
Bihar,827.1,75.2,Black Soil,45358.84,38000,31,48,17,28.88078945,6.594739424,MungBean,moong,bihar,,,moong,,moong,,803.0554308920534,30516.10637389803,-14842.733626101966
Bihar,665.41,66.2,Loam,8513.34,65000,4,41,20,28.14720892,6.647965508,MungBean,moong,bihar,,,moong,,moong,,684.2317305235958,44475.06248403373,35961.72248403373
Bihar,389.79,64.78,Sandy Loam,4073.06,55000,30,37,25,29.89129144,7.120032489,MungBean,moong,bihar,,,moong,,moong,,640.3454932661502,35219.00212963826,31145.94212963826
Bihar,799.33,64.48,Loam,50874.74,60000,9,35,20,27.41503453,6.91380932,MungBean,moong,bihar,,,moong,,moong,,979.9791498824383,58798.7489929463,7924.008992946299
Bihar,1461.61,77.1,Clay,22478.58,3200,20,41,20,29.27308605,7.073048264,MungBean,moong,bihar,,,moong,,moong,,974.82159788341,3119.4291132269122,-19359.150886773088
Bihar,353.74,39.65,Black Soil,39484.24,15000,37,50,23,29.65296893,6.5304707,MungBean,moong,bihar,,,moong,,moong,,661.3349390687772,9920.024086031657,-29564.215913968343
Bihar,1014.25,52.37,Loam,4539.56,18000,34,35,21,28.44524991,6.684381357,MungBean,moong,bihar,,,moong,,moong,,909.943964184566,16378.991355322189,11839.431355322187
Bihar,348.03,70.69,Sandy Loam,4846.65,22000,14,37,15,27.96235681,6.581351374,MungBean,moong,bihar,,,moong,,moong,,786.0378216995953,17292.832077391096,12446.182077391097
Bihar,551.97,56.08,Sandy Loam,9110.51,16000,23,39,22,29.25649321,6.86483915,MungBean,moong,bihar,,,moong,,moong,,859.7636818585978,13756.218909737565,4645.708909737565
Bihar,278.02,49.54,Clay,35564.74,14000,5,45,21,28.36291385,6.487124217,MungBean,moong,bihar,,,moong,,moong,,809.3625490643565,11331.075686900991,-24233.664313099005
Bihar,350.63,62.6,Loam,9291.25,15000,22,37,20,27.62749466,6.605733068,MungBean,moong,bihar,,,moong,,moong,,723.329618688756,10849.94428033134,1558.6942803313395
Bihar,507.79,65.04,Sandy Loam,23419.1,45000,40,51,17,28.66086349,6.860602782,MungBean,moong,bihar,,,moong,,moong,,676.3418868291142,30435.38490731014,7016.284907310142
Bihar,537.18,47.17,Clay,44333.59,38000,27,56,20,29.2114218,6.41874299,MungBean,moong,bihar,,,moong,,moong,,720.3664274351211,27373.9242425346,-16959.6657574654
Bihar,636.94,56.57,Sandy Loam,13945.23,65000,31,40,22,29.40889385,6.365513634,MungBean,moong,bihar,,,moong,,moong,,797.2716829049314,51822.65938882054,37877.42938882054
Bihar,289.31,56.48,Sandy Loam,15441.23,55000,38,36,21,28.02952623,6.556372966,MungBean,moong,bihar,,,moong,,moong,,652.7514329314172,35901.32881122794,20460.09881122794
Bihar,557.53,56.19,Clay,29300.91,60000,6,37,17,28.08657178,6.760694228,MungBean,moong,bihar,,,moong,,moong,,719.4666331302715,43167.99798781629,13867.087987816292
Bihar,1208.36,60.1,Black Soil,14261.85,3200,6,47,18,29.16174608,6.715276663,MungBean,moong,bihar,,,moong,,moong,,969.7494336326163,3103.1981876243717,-11158.651812375629
Bihar,262.5,72.09,Clay,8397.61,15000,24,44,17,29.8596912,6.666380512,MungBean,moong,bihar,,,moong,,moong,,696.2959601468278,10444.439402202417,2046.8294022024165
Bihar,615.74,75.09,Loam,29944.06,18000,25,59,19,29.06631494,6.626629798,MungBean,moong,bihar,,,moong,,moong,,797.4606908399901,14354.292435119822,-15589.76756488018
Bihar,235.44,70.89,Clay,89416.92,22000,32,56,21,27.38538997,6.702772465,MungBean,moong,bihar,,,moong,,moong,,677.7504304789722,14910.509470537389,-74506.4105294626
Bihar,368.56,65.72,Black Soil,11756.8,16000,8,45,18,27.93034941,7.011030515,MungBean,moong,bihar,,,moong,,moong,,734.4075874168828,11750.521398670126,-6.278601329873709
Bihar,219.68,60.73,Sandy Loam,17952.48,14000,19,39,17,29.2808618,6.890156495,MungBean,moong,bihar,,,moong,,moong,,630.4811289022242,8826.735804631138,-9125.744195368861
Bihar,239.44,73.7,Sandy Loam,31789.88,15000,39,37,15,28.9973145,6.821747052,MungBean,moong,bihar,,,moong,,moong,,773.4491033833061,11601.73655074959,-20188.143449250412
Bihar,335.38,56.97,Sandy Loam,90127.11,45000,33,37,19,27.92678579,7.183189922,MungBean,moong,bihar,,,moong,,moong,,806.1583752906565,36277.12688807954,-53849.98311192046
Bihar,414.2,64.91,Loam,5939.97,38000,26,54,17,28.5474135,6.27258822,MungBean,moong,bihar,,,moong,,moong,,603.7961044192732,22944.25196793238,17004.28196793238
Bihar,373.26,47.99,Clay,27513.7,65000,21,51,15,29.36488409,6.679127482,MungBean,moong,bihar,,,moong,,moong,,653.2810383167738,42463.2674905903,14949.567490590296
Bihar,172.57,63.24,Loam,23378.26,55000,22,54,20,28.56149805,6.689825155,MungBean,moong,bihar,,,moong,,moong,,591.0116737187616,32505.64205453189,9127.382054531892
Bihar,343.82,55.96,Loam,3237.13,60000,29,45,16,28.43683487,6.583381939,MungBean,moong,bihar,,,moong,,moong,,682.6180874702562,40957.08524821537,37719.955248215374
Bihar,699.34,38.51,Black Soil,20585.88,3200,4,40,21,28.79728147,6.725551062,MungBean,moong,bihar,,,moong,,moong,,795.6088834145024,2545.9484269264076,-18039.931573073594
Bihar,213.56,81.6,Black Soil,12736.71,15000,10,37,22,28.7275267,7.069747814,MungBean,moong,bihar,,,moong,,moong,,593.0716732506108,8896.075098759162,-3840.6349012408373
Bihar,784.88,62.61,Black Soil,65032.09,18000,4,44,19,27.95639663,6.921993878,MungBean,moong,bihar,,,moong,,moong,,777.6995701190974,13998.592262143753,-51033.49773785625
Bihar,293.21,54.3,Sandy Loam,10724.62,22000,20,45,17,28.17458662,6.770955317,MungBean,moong,bihar,,,moong,,moong,,654.3018874350165,14394.641523570363,3670.0215235703618
Bihar,496.0,75.29,Loam,19332.85,16000,23,45,23,28.77653519,6.983130466,MungBean,moong,bihar,,,moong,,moong,,785.8128201108847,12573.005121774155,-6759.844878225844
Bihar,266.86,87.8,Black Soil,51795.72,14000,25,48,21,28.438097,6.267684328,MungBean,moong,bihar,,,moong,,moong,,701.9995820632752,9827.994148885853,-41967.72585111415
Bihar,405.62,73.6,Sandy Loam,64347.95,15000,56,79,15,29.48439992,7.454532137,Blackgram,urd,bihar,,,urd,,urd,,667.9249663496188,10018.874495244281,-54329.07550475572
Bihar,481.68,74.8,Black Soil,115207.89,45000,25,62,21,26.73433965,7.040056094,Blackgram,urd,bihar,,,urd,,urd,,812.4004055811646,36558.0182511524,-78649.8717488476
Bihar,436.54,67.08,Sandy Loam,23720.71,38000,42,61,22,26.27274407,7.418650668,Blackgram,urd,bihar,,,urd,,urd,,737.827002324957,28037.426088348366,4316.716088348367
Bihar,429.41,69.96,Clay,29532.21,65000,42,73,25,34.03679184,6.501869314,Blackgram,urd,bihar,,,urd,,urd,,649.228162342994,42199.83055229461,12667.620552294611
Bihar,284.93,43.72,Loam,19644.5,55000,44,58,18,28.03644051,6.814410928,Blackgram,urd,bihar,,,urd,,urd,,840.6197659777731,46234.08712877752,26589.587128777523
Bihar,554.31,67.92,Clay,10862.79,60000,50,55,16,28.81460716,7.581442888,Blackgram,urd,bihar,,,urd,,urd,,864.5405039787612,51872.43023872567,41009.64023872567
Bihar,964.43,71.67,Clay,24821.1,3200,35,72,21,34.03619494,7.741418772,Blackgram,urd,bihar,,,urd,,urd,,658.7209742244866,2107.9071175183567,-22713.192882481642
Bihar,225.78,76.24,Sandy Loam,111074.07,15000,30,64,20,33.8642935,6.573531614,Blackgram,urd,bihar,,,urd,,urd,,675.767928038342,10136.518920575129,-100937.55107942488
Bihar,1015.35,65.21,Sandy Loam,25318.75,18000,27,64,21,32.84213012,7.543804223,Blackgram,urd,bihar,,,urd,,urd,,860.4895833193667,15488.812499748601,-9829.937500251399
Bihar,319.11,58.86,Loam,7997.77,22000,50,74,17,27.10053268,6.5408208,Blackgram,urd,bihar,,,urd,,urd,,659.7881669573217,14515.339673061077,6517.569673061076
Bihar,600.08,53.08,Black Soil,33688.29,16000,39,73,24,25.65842532,7.22405917,Blackgram,urd,bihar,,,urd,,urd,,896.866275588835,14349.86040942136,-19338.429590578642
Bihar,396.25,59.3,Clay,23831.04,14000,57,67,25,32.34744009,7.551364319,Blackgram,urd,bihar,,,urd,,urd,,766.5627340992141,10731.878277388998,-13099.161722611003
Bihar,531.82,70.34,Clay,4979.92,15000,52,63,19,29.58949031,6.928898659,Blackgram,urd,bihar,,,urd,,urd,,684.3489993170209,10265.234989755312,5285.314989755312
Bihar,641.3,63.4,Sandy Loam,18260.94,45000,55,66,22,30.91219459,7.747775263,Blackgram,urd,bihar,,,urd,,urd,,670.0698029772279,30153.14113397526,11892.20113397526
Bihar,731.06,71.39,Black Soil,23273.95,38000,51,56,18,28.12787838,6.706505915,Blackgram,urd,bihar,,,urd,,urd,,932.5357964831494,35436.360266359676,12162.410266359675
Bihar,693.8,65.05,Loam,9537.94,65000,36,66,15,30.08545364,6.668238556,Blackgram,urd,bihar,,,urd,,urd,,819.3301364836695,53256.458871438525,43718.51887143852
Bihar,375.73,84.33,Loam,64084.1,55000,59,55,19,31.74379487,7.332375138,Blackgram,urd,bihar,,,urd,,urd,,711.5431516074972,39134.87333841234,-24949.226661587658
Bihar,876.07,73.04,Loam,72265.41,60000,50,58,23,27.81326852,7.596802025,Blackgram,urd,bihar,,,urd,,urd,,885.1431715771928,53108.59029463157,-19156.819705368434
Bihar,989.57,59.44,Black Soil,12226.54,3200,30,65,25,32.88733849,7.70650895,Blackgram,urd,bihar,,,urd,,urd,,808.6351978680045,2587.6326331776145,-9638.907366822386
Bihar,323.67,87.55,Black Soil,29595.97,15000,20,62,18,29.36358721,7.366542647,Blackgram,urd,bihar,,,urd,,urd,,603.3695443918036,9050.543165877056,-20545.426834122947
Rajasthan,1007.03,58.14,Black Soil,15497.12,18000,58,71,15,27.82592799,6.919243702,Blackgram,urd,rajasthan,,,urd,,urd,,1006.2828862508063,18113.091952514515,2615.9719525145138
Rajasthan,334.22,64.02,Loam,27294.73,22000,25,71,24,28.49538735,7.187721818,Blackgram,urd,rajasthan,,,urd,,urd,,811.3695916879074,17850.13101713396,-9444.598982866039
Rajasthan,700.57,73.65,Loam,3232.26,16000,52,71,16,27.74274761,7.075886472,Blackgram,urd,rajasthan,,,urd,,urd,,816.8010719923309,13068.817151877294,9836.557151877294
Rajasthan,289.78,53.53,Clay,89048.72,14000,40,63,18,30.41588462,6.74441168,Blackgram,urd,rajasthan,,,urd,,urd,,687.2363412391989,9621.308777348784,-79427.41122265122
Rajasthan,545.6,47.27,Black Soil,6516.46,15000,20,60,25,27.3254209,6.726469088,Blackgram,urd,rajasthan,,,urd,,urd,,674.8443075760126,10122.66461364019,3606.2046136401905
Rajasthan,621.19,80.17,Sandy Loam,7058.52,45000,48,61,21,30.28496619,6.628264883,Blackgram,urd,rajasthan,,,urd,,urd,,810.8276256754468,36487.24315539511,29428.72315539511
Rajasthan,783.07,75.74,Black Soil,25990.92,38000,49,68,22,28.56840626,7.127064207,Blackgram,urd,rajasthan,,,urd,,urd,,885.6765546357659,33655.7090761591,7664.789076159104
Rajasthan,641.09,69.24,Clay,68151.02,65000,48,62,15,25.36586097,7.538631462,Blackgram,urd,rajasthan,,,urd,,urd,,839.3182759170393,54555.68793460755,-13595.332065392453
Rajasthan,355.05,73.15,Black Soil,5456.25,55000,32,66,17,34.9466155,7.162357641,Blackgram,urd,rajasthan,,,urd,,urd,,703.7740102315487,38707.57056273518,33251.32056273518
Rajasthan,786.58,63.72,Loam,17264.97,60000,21,63,22,25.09737391,6.859409487,Blackgram,urd,rajasthan,,,urd,,urd,,882.5668926222216,52954.0135573333,35689.0435573333
Rajasthan,1143.3,70.1,Sandy Loam,49627.03,3200,20,72,19,32.47648301,7.397190844,Blackgram,urd,rajasthan,,,urd,,urd,,888.7349205277043,2843.951745688654,-46783.078254311346
Rajasthan,266.69,71.55,Sandy Loam,10372.48,15000,25,65,21,33.86351172,6.880245789,Blackgram,urd,rajasthan,,,urd,,urd,,575.301275787151,8629.519136807265,-1742.960863192735
Rajasthan,793.99,72.96,Sandy Loam,13952.53,18000,41,78,21,25.19857725,6.581313137,Blackgram,urd,rajasthan,,,urd,,urd,,906.7847932632108,16322.126278737793,2369.596278737792
Rajasthan,296.39,57.87,Loam,20030.04,22000,53,67,17,31.77681682,7.296972161,Blackgram,urd,rajasthan,,,urd,,urd,,647.247021959774,14239.434483115028,-5790.6055168849725
Rajasthan,516.59,72.02,Loam,12759.13,16000,39,60,21,34.89814946,6.97297656,Blackgram,urd,rajasthan,,,urd,,urd,,690.0553300450156,11040.88528072025,-1718.24471927975
Rajasthan,204.65,69.76,Clay,16649.77,14000,25,76,17,31.74105409,7.241148507,Blackgram,urd,rajasthan,,,urd,,urd,,624.2179668263589,8739.051535569024,-7910.718464430976
Rajasthan,261.1,62.52,Sandy Loam,8964.5,15000,21,78,19,27.16159076,6.92009048,Blackgram,urd,rajasthan,,,urd,,urd,,727.9642749352756,10919.464124029135,1954.9641240291348
Rajasthan,466.48,75.33,Clay,70019.21,45000,57,60,17,26.23773129,7.504608385,Blackgram,urd,rajasthan,,,urd,,urd,,847.9802578844676,38159.111604801044,-31860.098395198962
Rajasthan,505.91,65.59,Loam,31646.06,38000,56,75,15,30.20157245,7.152272256,Blackgram,urd,rajasthan,,,urd,,urd,,710.3121362110436,26991.861176019658,-4654.198823980343
Rajasthan,586.09,60.73,Sandy Loam,30587.37,65000,49,72,15,31.55846339,7.137004749,Blackgram,urd,rajasthan,,,urd,,urd,,617.4348287568672,40133.263869196366,9545.893869196367
Rajasthan,292.54,71.48,Clay,10529.34,55000,24,80,19,29.67892453,6.808041722,Blackgram,urd,rajasthan,,,urd,,urd,,839.7578722540787,46186.682973974326,35657.34297397433
Rajasthan,530.82,64.13,Clay,55893.41,60000,49,76,18,27.05365239,7.393631868,Blackgram,urd,rajasthan,,,urd,,urd,,899.4189025582243,53965.13415349346,-1928.2758465065417
Rajasthan,1070.53,57.37,Loam,6602.31,3200,28,68,19,34.63880966,7.69950698,Blackgram,urd,rajasthan,,,urd,,urd,,662.8457979453593,2121.1065534251497,-4481.203446574851
Rajasthan,207.4,78.88,Black Soil,101152.64,15000,55,78,21,33.39438752,6.602888249,Blackgram,urd,rajasthan,,,urd,,urd,,669.5249443558805,10042.874165338208,-91109.7658346618
Rajasthan,1341.06,69.78,Black Soil,81610.15,18000,50,64,25,28.84079155,6.734447425,Blackgram,urd,rajasthan,,,urd,,urd,,937.5386936897761,16875.696486415967,-64734.45351358403
Rajasthan,452.42,56.2,Sandy Loam,41500.7,22000,34,80,19,31.49338309,6.521217963,Blackgram,urd,rajasthan,,,urd,,urd,,723.559019504216,15918.298429092754,-25582.40157090724
Rajasthan,729.05,60.43,Sandy Loam,7122.6,16000,20,68,23,25.54960633,7.707332484,Blackgram,urd,rajasthan,,,urd,,urd,,873.9060736527615,13982.497178444184,6859.897178444184
Rajasthan,369.79,52.55,Black Soil,7579.89,14000,55,67,16,34.37329112,6.596719015,Blackgram,urd,rajasthan,,,urd,,urd,,625.741614217604,8760.382599046456,1180.4925990464553
Rajasthan,521.56,63.62,Black Soil,10532.32,15000,23,70,15,34.6008247,7.403623355,Blackgram,urd,rajasthan,,,urd,,urd,,611.2450937528662,9168.676406292992,-1363.6435937070073
Rajasthan,538.54,62.72,Sandy Loam,20815.98,45000,53,74,15,29.43463808,7.517097,Blackgram,urd,rajasthan,,,urd,,urd,,695.4053913366146,31293.242610147656,10477.262610147656
Rajasthan,829.93,67.67,Loam,21944.96,38000,26,67,16,29.10713092,7.17620823,Blackgram,urd,rajasthan,,,urd,,urd,,763.1893100455997,29001.193781732785,7056.233781732786
Rajasthan,763.1,59.26,Loam,4953.96,65000,33,80,22,28.57006111,6.593961761,Blackgram,urd,rajasthan,,,urd,,urd,,764.3832704289041,49684.912577878764,44730.952577878765
Rajasthan,481.06,48.68,Black Soil,8872.74,55000,37,79,19,27.54384835,7.143942758,Blackgram,urd,rajasthan,,,urd,,urd,,762.4993960859874,41937.46678472931,33064.72678472931
Rajasthan,981.51,75.64,Loam,60956.72,60000,33,75,21,33.04687968,6.690655045,Blackgram,urd,rajasthan,,,urd,,urd,,751.8939701054251,45113.6382063255,-15843.0817936745
Rajasthan,1109.42,56.21,Sandy Loam,18659.37,3200,22,55,20,33.95309131,7.423530351,Blackgram,urd,rajasthan,,,urd,,urd,,846.7089880968186,2709.4687619098195,-15949.90123809018
Rajasthan,458.0,62.63,Loam,111523.53,15000,20,68,17,30.11873003,6.578714843,Blackgram,urd,rajasthan,,,urd,,urd,,844.8432363437672,12672.648545156508,-98850.88145484349
Rajasthan,872.25,67.66,Loam,78925.02,18000,43,68,20,29.57812712,7.497469256,Blackgram,urd,rajasthan,,,urd,,urd,,779.8918073897565,14038.052533015616,-64886.96746698439
Rajasthan,260.35,65.62,Black Soil,102106.98,22000,44,76,22,27.26458947,7.775306272,Blackgram,urd,rajasthan,,,urd,,urd,,723.3382229261866,15913.440904376106,-86193.53909562388
Rajasthan,363.66,65.34,Loam,11987.04,16000,34,60,16,31.35730791,7.322555223,Blackgram,urd,rajasthan,,,urd,,urd,,718.8541544311078,11501.666470897724,-485.37352910227673
Rajasthan,238.52,75.19,Clay,6624.59,14000,21,72,17,31.52104732,7.580527339,Blackgram,urd,rajasthan,,,urd,,urd,,675.0196762819498,9450.275467947298,2825.685467947298
Rajasthan,338.86,67.72,Black Soil,11054.43,15000,25,68,19,29.39982732,7.108450121,Blackgram,urd,rajasthan,,,urd,,urd,,724.4061285409404,10866.091928114105,-188.33807188589526
Rajasthan,408.45,56.29,Clay,46706.24,45000,41,62,15,29.38400259,7.358974541,Blackgram,urd,rajasthan,,,urd,,urd,,771.69511539579,34726.280192810555,-11979.959807189443
Rajasthan,512.6,68.78,Black Soil,11111.02,38000,28,65,23,28.38686534,7.405176138,Blackgram,urd,rajasthan,,,urd,,urd,,803.954991262201,30550.28966796364,19439.26966796364
Rajasthan,611.76,69.7,Sandy Loam,32598.79,65000,35,64,15,28.47442276,6.500144962,Blackgram,urd,rajasthan,,,urd,,urd,,703.4639094447347,45725.15411390775,13126.364113907752
Rajasthan,244.72,73.95,Loam,50898.07,55000,52,58,16,30.64095781,7.167435834,Blackgram,urd,rajasthan,,,urd,,urd,,732.6537079734403,40295.95393853922,-10602.11606146078
Rajasthan,613.11,64.9,Clay,26622.18,60000,58,75,25,25.25596239,7.261791753,Blackgram,urd,rajasthan,,,urd,,urd,,922.7766860295441,55366.60116177265,28744.421161772647
Rajasthan,1054.51,60.83,Clay,10059.97,3200,34,66,19,32.97030511,7.586642101,Blackgram,urd,rajasthan,,,urd,,urd,,735.8891106816673,2354.845154181335,-7705.124845818664
Rajasthan,227.9,61.51,Black Soil,20354.63,15000,52,70,16,33.66855394,7.534811833,Blackgram,urd,rajasthan,,,urd,,urd,,612.2270244206733,9183.405366310099,-11171.224633689902
Rajasthan,998.55,61.5,Clay,7966.01,18000,23,57,19,32.83963757,7.251000789,Blackgram,urd,rajasthan,,,urd,,urd,,856.0987035277441,15409.776663499393,7443.766663499393
Rajasthan,283.67,63.76,Sandy Loam,32728.01,22000,42,58,25,27.45853567,6.513620918,Blackgram,urd,rajasthan,,,urd,,urd,,718.1816216329348,15799.995675924567,-16928.014324075433
Rajasthan,739.8,62.46,Black Soil,11007.24,16000,37,62,17,25.68576704,7.121254928,Blackgram,urd,rajasthan,,,urd,,urd,,971.2799093956054,15540.478550329686,4533.238550329686
Rajasthan,363.12,70.87,Sandy Loam,7023.79,14000,44,75,22,30.0328403,7.574561547,Blackgram,urd,rajasthan,,,urd,,urd,,864.011472817999,12096.160619451985,5072.370619451985
Rajasthan,516.57,66.63,Loam,8822.91,15000,21,80,20,28.20667264,7.350869792,Blackgram,urd,rajasthan,,,urd,,urd,,710.7680936842443,10661.521405263666,1838.6114052636658
Rajasthan,494.21,68.44,Sandy Loam,35295.85,45000,56,76,16,28.27265858,7.513151076,Blackgram,urd,rajasthan,,,urd,,urd,,654.9016062951472,29470.57228328162,-5825.277716718378
Rajasthan,636.49,56.08,Sandy Loam,9206.08,38000,29,76,15,28.5417236,7.025607706,Blackgram,urd,rajasthan,,,urd,,urd,,824.0710289686107,31314.699100807207,22108.619100807206
Rajasthan,609.92,72.58,Black Soil,22537.94,65000,43,61,20,26.87187036,6.804253866,Blackgram,urd,rajasthan,,,urd,,urd,,901.192129381314,58577.48840978541,36039.548409785406
Rajasthan,301.71,47.67,Sandy Loam,8261.4,55000,55,60,15,32.79766751,7.163043872,Blackgram,urd,rajasthan,,,urd,,urd,,627.2450539389279,34498.47796664103,26237.07796664103
Rajasthan,758.66,70.87,Clay,73051.56,60000,44,63,15,26.42333018,7.338929556,Blackgram,urd,rajasthan,,,urd,,urd,,990.7506398134434,59445.0383888066,-13606.521611193399
Rajasthan,1097.66,56.05,Loam,6081.95,3200,29,67,21,29.79181107,6.621323612,Blackgram,urd,rajasthan,,,urd,,urd,,770.9473869142685,2467.031638125659,-3614.918361874341
Rajasthan,293.7,69.45,Clay,20847.6,15000,47,63,16,27.44003279,6.661870999,Blackgram,urd,rajasthan,,,urd,,urd,,797.8301969269266,11967.452953903901,-8880.147046096097
Karnataka,864.73,56.02,Sandy Loam,23569.29,18000,40,68,17,34.1262979,7.733149554,Blackgram,urd,karnataka,,,urd,,urd,,681.8001337931328,12272.40240827639,-11296.887591723611
Karnataka,318.92,82.36,Black Soil,3379.35,22000,58,61,15,30.94908189,7.402891666,Blackgram,urd,karnataka,,,urd,,urd,,788.3381996782015,17343.440392920435,13964.090392920434
Karnataka,493.02,65.7,Loam,52483.4,16000,41,74,18,28.75751783,6.599147298,Blackgram,urd,karnataka,,,urd,,urd,,922.8438838315367,14765.502141304587,-37717.89785869542
Karnataka,284.94,55.66,Black Soil,75926.18,14000,58,79,17,27.24766491,7.04174124,Blackgram,urd,karnataka,,,urd,,urd,,676.5799659439145,9472.119523214804,-66454.06047678519
Karnataka,454.63,66.25,Sandy Loam,57593.62,15000,27,62,24,28.63005477,7.353876754,Blackgram,urd,karnataka,,,urd,,urd,,707.8251848315466,10617.3777724732,-46976.2422275268
Karnataka,433.28,48.98,Loam,11061.47,45000,27,60,17,26.41768321,7.026795359,Blackgram,urd,karnataka,,,urd,,urd,,845.6004985342674,38052.02243404203,26990.55243404203
Karnataka,494.87,72.28,Black Soil,17865.03,38000,52,65,20,32.81705216,6.814301033,Blackgram,urd,karnataka,,,urd,,urd,,682.9308381826452,25951.37185094052,8086.34185094052
Karnataka,507.17,61.39,Sandy Loam,9185.19,65000,44,55,25,29.6321052,7.42160832,Blackgram,urd,karnataka,,,urd,,urd,,735.6940404533765,47820.11262946947,38634.92262946947
Karnataka,258.44,61.36,Sandy Loam,61293.82,55000,21,62,24,33.49077065,6.847382891,Blackgram,urd,karnataka,,,urd,,urd,,642.6953403161923,35348.24371739058,-25945.57628260942
Karnataka,648.65,70.58,Clay,22410.92,60000,60,59,22,31.86847286,7.191522601,Blackgram,urd,karnataka,,,urd,,urd,,605.2235336156319,36313.41201693792,13902.492016937918
Karnataka,1008.52,52.22,Sandy Loam,5559.4,3200,33,77,21,30.32992227,7.01285529,Blackgram,urd,karnataka,,,urd,,urd,,852.4981497573374,2727.9940792234797,-2831.40592077652
Karnataka,252.22,70.68,Clay,15749.24,15000,59,58,17,28.546224,7.368318809,Blackgram,urd,karnataka,,,urd,,urd,,654.3215542585093,9814.82331387764,-5934.41668612236
Karnataka,786.25,63.19,Clay,36884.13,18000,29,63,17,30.02629908,7.26154329,Blackgram,urd,karnataka,,,urd,,urd,,766.048138644714,13788.866495604852,-23095.263504395145
Karnataka,230.83,58.77,Loam,44745.63,22000,59,63,18,31.65531175,6.52669158,Blackgram,urd,karnataka,,,urd,,urd,,748.1881885937476,16460.14014906245,-28285.48985093755
Karnataka,289.88,79.32,Loam,8611.57,16000,29,70,15,30.33499674,6.872594461,Blackgram,urd,karnataka,,,urd,,urd,,608.5002649221882,9736.004238755011,1124.4342387550114
Karnataka,250.89,57.6,Loam,41214.4,14000,58,73,16,33.36984395,6.874142175,Blackgram,urd,karnataka,,,urd,,urd,,689.847733077026,9657.868263078364,-31556.531736921635
Karnataka,297.25,55.78,Sandy Loam,13361.02,15000,55,77,22,31.4345059,7.76061831,Blackgram,urd,karnataka,,,urd,,urd,,628.9352348629546,9434.02852294432,-3926.9914770556807
Karnataka,309.58,69.55,Clay,29918.4,45000,42,79,23,27.71678273,6.781841984,Blackgram,urd,karnataka,,,urd,,urd,,729.3991964046359,32822.96383820861,2904.563838208611
Karnataka,489.31,84.55,Black Soil,80059.18,38000,44,77,21,32.63918668,7.326980454,Blackgram,urd,karnataka,,,urd,,urd,,739.5282061741518,28102.07183461777,-51957.10816538222
Karnataka,394.01,70.46,Clay,12802.66,65000,38,62,25,32.7477393,7.453975408,Blackgram,urd,karnataka,,,urd,,urd,,690.5418431016241,44885.21980160556,32082.559801605563
Karnataka,229.69,46.52,Clay,163184.88,55000,32,76,15,28.05153602,7.604110177,Lentil,lentil,karnataka,,,lentil,,lentil,,2397.056932036428,131838.13126200356,-31346.748737996444
Karnataka,416.72,58.63,Black Soil,20289.48,60000,13,61,22,19.44084326,7.728832424,Lentil,lentil,karnataka,,,lentil,,lentil,,2522.7723061967763,151366.33837180657,131076.85837180656
Karnataka,791.01,40.29,Black Soil,6525.25,3200,38,60,20,29.84823072,7.491217102,Lentil,lentil,karnataka,,,lentil,,lentil,,2520.685989993915,8066.195167980529,1540.9451679805288
Karnataka,239.05,54.27,Clay,20010.39,15000,11,74,17,21.36383757,6.633864582,Lentil,lentil,karnataka,,,lentil,,lentil,,2196.584954094635,32948.774311419525,12938.384311419526
Karnataka,1297.94,64.66,Sandy Loam,46628.29,18000,37,71,16,26.28663931,7.324863481,Lentil,lentil,karnataka,,,lentil,,lentil,,2976.411820397106,53575.41276714791,6947.122767147906
Karnataka,518.74,72.16,Black Soil,15198.77,22000,29,71,18,22.17499963,6.410441476,Lentil,lentil,karnataka,,,lentil,,lentil,,2402.6230986262544,52857.7081697776,37658.9381697776
Karnataka,728.88,58.88,Clay,18005.19,16000,2,72,18,26.57597546,7.836719564,Lentil,lentil,karnataka,,,lentil,,lentil,,3558.1570683132504,56930.51309301201,38925.323093012004
Karnataka,444.43,63.34,Black Soil,4909.13,14000,6,59,21,26.58972517,6.139215944,Lentil,lentil,karnataka,,,lentil,,lentil,,2896.670860919946,40553.392052879244,35644.26205287925
Karnataka,561.85,71.09,Sandy Loam,25745.21,15000,13,64,20,19.1345771,6.590571088,Lentil,lentil,karnataka,,,lentil,,lentil,,2170.0218735940207,32550.328103910313,6805.118103910314
Karnataka,657.83,63.98,Black Soil,45431.5,45000,8,58,17,28.75273118,7.286049978,Lentil,lentil,karnataka,,,lentil,,lentil,,2305.6723760799828,103755.25692359921,58323.75692359921
Karnataka,780.29,52.54,Sandy Loam,6847.05,38000,6,77,20,25.78746268,6.058306161,Lentil,lentil,karnataka,,,lentil,,lentil,,2998.753704655276,113952.64077690049,107105.59077690048
Karnataka,600.57,73.91,Black Soil,14672.71,65000,2,75,22,23.89271875,6.658605362,Lentil,lentil,karnataka,,,lentil,,lentil,,2968.936479439261,192980.87116355196,178308.16116355197
Karnataka,403.98,57.72,Clay,6776.89,55000,3,69,23,28.67408774,7.299360767,Lentil,lentil,karnataka,,,lentil,,lentil,,2573.032618409041,141516.79401249724,134739.90401249722
Karnataka,731.44,70.88,Clay,99451.08,60000,27,80,24,28.42062847,7.815210661,Lentil,lentil,karnataka,,,lentil,,lentil,,2607.349177695042,156440.95066170252,56989.87066170252
Karnataka,1468.26,68.49,Loam,29501.89,3200,39,78,15,21.35499456,5.925391795,Lentil,lentil,karnataka,,,lentil,,lentil,,3226.731499396994,10325.54079807038,-19176.349201929617
Karnataka,362.11,47.05,Black Soil,36014.6,15000,40,79,17,21.12695586,6.403683619,Lentil,lentil,karnataka,,,lentil,,lentil,,2459.937364524504,36899.06046786756,884.4604678675605
Karnataka,901.68,74.42,Loam,14941.05,18000,37,62,22,24.02037872,7.397546271,Lentil,lentil,karnataka,,,lentil,,lentil,,3038.4871536805376,54692.768766249676,39751.71876624967
Karnataka,334.82,89.86,Loam,68088.65,22000,31,60,24,25.40474421,7.722335992,Lentil,lentil,karnataka,,,lentil,,lentil,,1927.5290650810316,42405.63943178269,-25683.0105682173
Karnataka,617.52,74.64,Loam,20103.14,16000,22,67,22,29.03017561,7.475926645,Lentil,lentil,karnataka,,,lentil,,lentil,,2527.5226848096786,40440.36295695486,20337.222956954858
Karnataka,353.92,64.57,Sandy Loam,20578.07,14000,3,78,18,20.21368219,6.887130053,Lentil,lentil,karnataka,,,lentil,,lentil,,2202.459787033135,30834.437018463886,10256.367018463887
Karnataka,445.12,63.16,Clay,4362.93,15000,4,80,16,29.19585548,7.441976825,Lentil,lentil,karnataka,,,lentil,,lentil,,2482.581570785183,37238.72356177774,32875.79356177774
Karnataka,555.1,73.19,Loam,9860.08,45000,13,61,24,18.29783597,7.629910253,Lentil,lentil,karnataka,,,lentil,,lentil,,3082.997622085321,138734.89299383943,128874.81299383943
Karnataka,563.11,74.49,Black Soil,8516.92,38000,12,66,20,27.41434987,7.336117221,Lentil,lentil,karnataka,,,lentil,,lentil,,2750.007698149951,104500.29252969813,95983.37252969813
Karnataka,576.85,63.67,Loam,6873.3,65000,4,61,21,24.84063998,6.75020529,Lentil,lentil,karnataka,,,lentil,,lentil,,2765.101350532585,179731.58778461805,172858.28778461806
Karnataka,324.78,55.34,Loam,46940.96,55000,9,60,21,29.94413861,7.52178027,Lentil,lentil,karnataka,,,lentil,,lentil,,2488.604797655965,136873.26387107806,89932.30387107807
Karnataka,559.05,67.25,Sandy Loam,8325.02,60000,18,66,22,25.87990287,6.347379185,Lentil,lentil,karnataka,,,lentil,,lentil,,2883.911965704475,173034.7179422685,164709.6979422685
Karnataka,1250.21,61.98,Black Soil,3708.15,3200,32,56,18,20.0467711,7.135251532,Lentil,lentil,karnataka,,,lentil,,lentil,,3200.348702885319,10241.115849233021,6532.965849233022
Karnataka,269.96,57.38,Sandy Loam,12247.89,15000,6,72,15,22.99451999,7.670178119,Lentil,lentil,karnataka,,,lentil,,lentil,,2512.5041203260907,37687.56180489136,25439.67180489136
Karnataka,1343.04,73.71,Loam,57456.06,18000,15,77,20,25.13163619,7.399749291,Lentil,lentil,karnataka,,,lentil,,lentil,,4158.8256567306,74858.8618211508,17402.801821150802
Karnataka,383.79,56.29,Loam,72657.47,22000,0,65,24,28.49584395,7.841496029,Lentil,lentil,karnataka,,,lentil,,lentil,,2094.190339596473,46072.187471122415,-26585.282528877586
Karnataka,564.67,58.5,Sandy Loam,8213.96,16000,30,79,22,18.28766124,6.254216611,Lentil,lentil,karnataka,,,lentil,,lentil,,2509.419556902819,40150.7129104451,31936.752910445102
Karnataka,271.08,46.61,Clay,88477.53,14000,3,63,16,24.38041875,6.868881708,Lentil,lentil,karnataka,,,lentil,,lentil,,2279.7596697958415,31916.635377141778,-56560.89462285822
Karnataka,504.36,55.69,Sandy Loam,80397.46,15000,2,78,23,21.31852148,7.320514721,Lentil,lentil,karnataka,,,lentil,,lentil,,2650.9702279064727,39764.55341859709,-40632.906581402916
Karnataka,706.98,56.9,Clay,68780.99,45000,10,78,18,18.54141834,6.296976913,Lentil,lentil,karnataka,,,lentil,,lentil,,2287.2907973833194,102928.08588224938,34147.09588224937
Karnataka,633.19,67.2,Black Soil,10265.45,38000,14,67,25,25.28710601,7.241151936,Lentil,lentil,karnataka,,,lentil,,lentil,,2731.541022198804,103798.55884355455,93533.10884355455
Karnataka,632.14,74.04,Loam,6152.57,65000,39,65,23,25.43459777,7.685959305,Lentil,lentil,karnataka,,,lentil,,lentil,,2691.244806906195,174930.9124489027,168778.3424489027
Karnataka,380.48,57.96,Loam,7691.44,55000,19,72,15,28.83600962,6.890760124,Lentil,lentil,karnataka,,,lentil,,lentil,,2703.292802991282,148681.10416452048,140989.66416452048
Karnataka,805.5,51.49,Clay,10523.54,60000,18,57,21,27.37659643,6.155915975,Lentil,lentil,karnataka,,,lentil,,lentil,,3057.2773681568583,183436.6420894115,172913.1020894115
Karnataka,1513.21,60.13,Black Soil,13116.06,3200,31,58,15,28.31886863,6.167855382,Lentil,lentil,karnataka,,,lentil,,lentil,,2924.5860707017964,9358.675426245749,-3757.3845737542506
Karnataka,337.02,70.1,Sandy Loam,5944.8,15000,28,58,25,27.4818649,6.861640036,Lentil,lentil,karnataka,,,lentil,,lentil,,2546.450511593555,38196.75767390332,32251.95767390332
Maharashtra,1127.73,52.04,Sandy Loam,11052.39,18000,5,65,19,18.28072173,6.978361689,Lentil,lentil,maharashtra,,,lentil,,lentil,,2649.4256098102874,47689.660976585175,36637.270976585176
Maharashtra,369.72,64.29,Loam,20292.88,22000,16,65,19,27.61204997,7.043160241,Lentil,lentil,maharashtra,,,lentil,,lentil,,2199.3266836929606,48385.18704124513,28092.30704124513
Maharashtra,663.35,53.23,Black Soil,16711.48,16000,34,65,19,23.43974653,5.94239222,Lentil,lentil,maharashtra,,,lentil,,lentil,,2646.3314133711674,42341.30261393868,25629.82261393868
Maharashtra,310.39,62.2,Black Soil,5253.36,14000,14,69,19,20.95628486,7.239455147,Lentil,lentil,maharashtra,,,lentil,,lentil,,2290.1100589214207,32061.540824899887,26808.180824899886
Maharashtra,368.51,60.08,Loam,23874.42,15000,22,55,16,23.7937153,6.516317561,Lentil,lentil,maharashtra,,,lentil,,lentil,,3197.7676314655755,47966.51447198363,24092.094471983633
Maharashtra,606.1,70.92,Loam,4899.18,45000,24,61,17,22.6371424,6.233269045,Lentil,lentil,maharashtra,,,lentil,,lentil,,2813.2668019435096,126597.00608745792,121697.82608745791
Maharashtra,696.97,55.67,Clay,6359.74,38000,2,79,15,21.53577883,7.505283615,Lentil,lentil,maharashtra,,,lentil,,lentil,,2287.233539097027,86914.87448568703,80555.13448568703
Maharashtra,755.48,61.35,Clay,13215.43,65000,26,63,17,29.87854588,6.950300686,Lentil,lentil,maharashtra,,,lentil,,lentil,,2555.0917167760067,166080.96159044042,152865.53159044043
Maharashtra,321.23,74.5,Black Soil,6008.22,55000,27,61,15,25.2653291,6.958054839,Lentil,lentil,maharashtra,,,lentil,,lentil,,2879.099522298932,158350.47372644124,152342.25372644124
Maharashtra,808.44,75.38,Sandy Loam,6865.96,60000,24,70,16,25.17885316,6.54803469,Lentil,lentil,maharashtra,,,lentil,,lentil,,3664.2907256240196,219857.4435374412,212991.4835374412
Maharashtra,1689.09,67.02,Black Soil,6056.08,3200,13,74,25,24.12192608,6.461618577,Lentil,lentil,maharashtra,,,lentil,,lentil,,3151.8947128464465,10086.063081108628,4029.9830811086285
Maharashtra,385.31,65.61,Loam,27061.92,15000,6,64,23,23.33565221,7.065264073,Lentil,lentil,maharashtra,,,lentil,,lentil,,2095.0892938851894,31426.33940827784,4364.419408277841
Maharashtra,1311.48,67.76,Sandy Loam,10645.89,18000,12,58,23,21.74600081,6.765091462,Lentil,lentil,maharashtra,,,lentil,,lentil,,3924.613137636124,70643.03647745024,59997.14647745024
Maharashtra,387.39,65.17,Loam,17908.51,22000,32,79,22,27.60195453,5.91645379,Lentil,lentil,maharashtra,,,lentil,,lentil,,2546.9353424062233,56032.57753293691,38124.06753293691
Maharashtra,777.35,68.87,Black Soil,7391.51,16000,6,68,18,24.388717,6.711341147,Lentil,lentil,maharashtra,,,lentil,,lentil,,2753.424147780889,44054.786364494226,36663.276364494224
Maharashtra,360.78,62.73,Black Soil,20592.55,14000,10,79,20,24.98287462,6.379881442,Lentil,lentil,maharashtra,,,lentil,,lentil,,2757.9883518302054,38611.836925622876,18019.286925622877
Maharashtra,612.93,70.68,Sandy Loam,17572.75,15000,38,77,22,28.234829,6.313284268,Lentil,lentil,maharashtra,,,lentil,,lentil,,1962.0604787303826,29430.90718095574,11858.157180955739
Maharashtra,554.69,70.54,Loam,73334.89,45000,17,74,17,26.03026959,7.393210848,Lentil,lentil,maharashtra,,,lentil,,lentil,,2726.1979736137905,122678.90881262058,49344.018812620576
Maharashtra,798.71,63.88,Loam,55182.69,38000,26,68,24,28.04849594,7.504930973,Lentil,lentil,maharashtra,,,lentil,,lentil,,2872.3263253252585,109148.40036235983,53965.71036235982
Maharashtra,855.26,68.6,Clay,111359.15,65000,23,75,17,24.87425505,7.198076286,Lentil,lentil,maharashtra,,,lentil,,lentil,,3348.512814224664,217653.33292460316,106294.18292460317
Maharashtra,332.3,52.47,Loam,20323.24,55000,32,78,22,23.97081395,7.007037515,Lentil,lentil,maharashtra,,,lentil,,lentil,,2284.0143531565104,125620.78942360806,105297.54942360806
Maharashtra,874.92,75.6,Sandy Loam,69993.15,60000,19,79,19,20.06003985,6.677262562,Lentil,lentil,maharashtra,,,lentil,,lentil,,2836.274174477622,170176.45046865733,100183.30046865734
Maharashtra,1374.89,73.24,Loam,37066.46,3200,22,60,18,19.59221047,6.74398035,Lentil,lentil,maharashtra,,,lentil,,lentil,,2901.898204732692,9286.074255144615,-27780.385744855383
Maharashtra,354.12,65.55,Sandy Loam,5734.14,15000,28,69,16,29.77013109,6.547361618,Lentil,lentil,maharashtra,,,lentil,,lentil,,2451.845163200435,36777.67744800652,31043.537448006522
Maharashtra,1001.93,79.61,Clay,6891.23,18000,1,67,21,27.52135365,6.551577598,Lentil,lentil,maharashtra,,,lentil,,lentil,,2766.6115173645276,49799.007312561494,42907.77731256149
Maharashtra,283.84,59.59,Black Soil,12611.22,22000,12,67,23,25.62896213,6.585020303,Lentil,lentil,maharashtra,,,lentil,,lentil,,2434.296103965214,53554.514287234706,40943.294287234705
Maharashtra,528.43,53.82,Black Soil,18952.95,16000,36,67,20,20.39078312,6.924042372,Lentil,lentil,maharashtra,,,lentil,,lentil,,2274.194701801743,36387.11522882789,17434.16522882789
Maharashtra,288.96,71.99,Clay,4120.49,14000,28,70,21,25.39038396,7.437373666,Lentil,lentil,maharashtra,,,lentil,,lentil,,2685.513127888553,37597.18379043974,33476.69379043974
Maharashtra,363.8,63.78,Loam,14701.6,15000,12,71,19,24.91079638,7.142611056,Lentil,lentil,maharashtra,,,lentil,,lentil,,2855.7950491706542,42836.92573755982,28135.32573755982
Maharashtra,551.0,58.93,Black Soil,12177.56,45000,22,68,16,27.70496805,7.74672376,Lentil,lentil,maharashtra,,,lentil,,lentil,,2494.0255239667613,112231.14857850426,100053.58857850426
Maharashtra,571.11,66.74,Sandy Loam,22665.73,38000,26,66,22,18.06486101,6.300479414,Lentil,lentil,maharashtra,,,lentil,,lentil,,2423.2756543083465,92084.47486371717,69418.74486371718
Maharashtra,594.8,66.83,Loam,7162.81,65000,16,65,16,18.13027797,6.078724107,Lentil,lentil,maharashtra,,,lentil,,lentil,,2059.2699233033222,133852.54501471596,126689.73501471596
Maharashtra,276.85,64.57,Loam,20057.2,55000,14,59,22,23.82723528,6.76660668,Lentil,lentil,maharashtra,,,lentil,,lentil,,2463.490104560975,135491.9557508536,115434.75575085361
Maharashtra,749.75,76.26,Sandy Loam,9402.18,60000,33,59,19,23.19305333,7.641024177,Lentil,lentil,maharashtra,,,lentil,,lentil,,2779.705957403465,166782.3574442079,157380.17744420792
Maharashtra,1090.62,75.43,Black Soil,62409.39,3200,21,63,17,25.08966129,6.559681838,Lentil,lentil,maharashtra,,,lentil,,lentil,,4148.959600779107,13276.670722493142,-49132.719277506854
Maharashtra,249.98,71.74,Black Soil,21133.74,15000,0,69,21,25.86928193,7.072923306,Lentil,lentil,maharashtra,,,lentil,,lentil,,2231.5135121464214,33472.70268219632,12338.962682196321
Maharashtra,1630.19,73.66,Loam,5914.65,18000,10,75,17,18.43966037,7.732194788,Lentil,lentil,maharashtra,,,lentil,,lentil,,3630.3520248619993,65346.33644751599,59431.68644751599
Maharashtra,500.97,51.77,Clay,81729.06,22000,30,61,18,27.14911056,6.157782589,Lentil,lentil,maharashtra,,,lentil,,lentil,,2821.0290704022923,62062.63954885043,-19666.42045114957
Maharashtra,854.33,65.0,Sandy Loam,13571.17,16000,0,74,17,23.33375853,7.240988401,Lentil,lentil,maharashtra,,,lentil,,lentil,,3035.411797439515,48566.58875903224,34995.41875903224
Maharashtra,438.12,54.18,Sandy Loam,21005.37,14000,35,74,22,26.7230014,6.898905799,Lentil,lentil,maharashtra,,,lentil,,lentil,,3073.509478745842,43029.13270244179,22023.762702441792
Maharashtra,498.84,54.45,Loam,31109.97,15000,7,63,24,19.55750776,6.818681086,Lentil,lentil,maharashtra,,,lentil,,lentil,,2562.677334285673,38440.1600142851,7330.190014285101
Maharashtra,655.28,53.63,Black Soil,48831.94,45000,9,56,17,26.13708256,6.261937875,Lentil,lentil,maharashtra,,,lentil,,lentil,,2876.2919468657947,129433.13760896077,80601.19760896076
Maharashtra,890.15,52.03,Black Soil,9598.84,38000,14,74,15,27.99990346,6.493036868,Lentil,lentil,maharashtra,,,lentil,,lentil,,2867.0665924143846,108948.53051174662,99349.69051174662
Maharashtra,952.43,54.61,Sandy Loam,4589.52,65000,14,76,20,29.05941162,7.042474679,Lentil,lentil,maharashtra,,,lentil,,lentil,,3237.0428643053588,210407.7861798483,205818.26617984832
Maharashtra,399.89,53.59,Black Soil,3334.58,55000,36,65,16,25.71269843,7.692013657,Lentil,lentil,maharashtra,,,lentil,,lentil,,2806.052417749241,154332.88297620826,150998.30297620827
Maharashtra,1074.15,68.53,Black Soil,11415.69,60000,28,67,21,21.79792649,6.250994223,Lentil,lentil,maharashtra,,,lentil,,lentil,,2843.0935500462124,170585.61300277273,159169.92300277273
Maharashtra,1872.22,58.95,Sandy Loam,28415.31,3200,28,79,16,24.70626432,6.052184881,Lentil,lentil,maharashtra,,,lentil,,lentil,,3203.962908351295,10252.681306724144,-18162.62869327586
Maharashtra,511.8,59.52,Black Soil,4009.81,15000,40,61,22,20.94981756,7.002216044,Lentil,lentil,maharashtra,,,lentil,,lentil,,2496.321320000591,37444.819800008874,33435.00980000888
Maharashtra,1047.31,65.95,Black Soil,11827.39,18000,10,70,19,24.84918386,7.272427638,Lentil,lentil,maharashtra,,,lentil,,lentil,,2954.58232417439,53182.48183513903,41355.09183513903
Maharashtra,322.87,63.37,Clay,35002.86,22000,12,80,19,21.91041045,5.962001484,Lentil,lentil,maharashtra,,,lentil,,lentil,,2360.643018002138,51934.146396047036,16931.286396047035
Maharashtra,455.06,57.02,Sandy Loam,26836.45,16000,37,77,20,25.93381964,7.080506001,Lentil,lentil,maharashtra,,,lentil,,lentil,,2982.952928235142,47727.24685176227,20890.79685176227
Maharashtra,262.31,50.88,Loam,39322.51,14000,0,67,22,29.82112112,6.593798387,Lentil,lentil,maharashtra,,,lentil,,lentil,,2181.4197641718993,30539.876698406588,-8782.633301593414
Maharashtra,376.43,57.35,Sandy Loam,10590.99,15000,7,73,25,27.52185591,7.28805662,Lentil,lentil,maharashtra,,,lentil,,lentil,,2467.0415210365636,37005.62281554846,26414.63281554846
Maharashtra,516.3,66.48,Sandy Loam,42878.85,45000,10,56,18,27.99627907,7.32710972,Lentil,lentil,maharashtra,,,lentil,,lentil,,2600.4371569654318,117019.67206344442,74140.82206344442
Maharashtra,522.88,60.01,Black Soil,28176.28,38000,39,70,15,20.76774783,6.366355781,Lentil,lentil,maharashtra,,,lentil,,lentil,,2732.0261717644985,103816.99452705095,75640.71452705095
Maharashtra,715.23,74.46,Black Soil,9900.41,65000,26,56,22,23.05276444,7.011121216,Lentil,lentil,maharashtra,,,lentil,,lentil,,2211.949918933566,143776.74473068182,133876.33473068182
Maharashtra,188.0,68.03,Black Soil,8547.95,55000,9,77,17,21.65845777,6.280725549,Lentil,lentil,maharashtra,,,lentil,,lentil,,2163.685787355391,119002.71830454649,110454.7683045465
Maharashtra,535.53,46.46,Black Soil,6822.15,60000,4,59,19,26.25070298,7.621494566,Lentil,lentil,maharashtra,,,lentil,,lentil,,2658.6669421340416,159520.0165280425,152697.8665280425
Maharashtra,1126.35,54.87,Sandy Loam,38796.19,3200,34,73,15,20.97195263,7.630424083,Lentil,lentil,maharashtra,,,lentil,,lentil,,3289.267737419027,10525.656759740887,-28270.533240259116
Maharashtra,327.47,82.73,Black Soil,44511.84,15000,33,77,15,23.89736406,7.802212437,Lentil,lentil,maharashtra,,,lentil,,lentil,,2323.6467990773945,34854.701986160915,-9657.138013839081
UttarPradesh,734.56,65.67,Loam,33791.94,18000,2,24,38,24.55981624,5.922935513,Pomegranate,pomegranate,uttarpradesh,10.0,,pomegranate,,pomegranate,,10000.0,180000.0,146208.06
UttarPradesh,322.31,66.5,Black Soil,14009.15,22000,6,18,37,19.65690085,5.937649578,Pomegranate,pomegranate,uttarpradesh,10.0,,pomegranate,,pomegranate,,10000.0,220000.0,205990.85
UttarPradesh,464.54,65.4,Clay,8683.26,16000,8,26,36,18.78359608,6.804781106,Pomegranate,pomegranate,uttarpradesh,10.0,,pomegranate,,pomegranate,,10000.0,160000.0,151316.74
UttarPradesh,302.79,64.27,Clay,25273.98,14000,37,18,39,24.1469628,6.424670614,Pomegranate,pomegranate,uttarpradesh,10.0,,pomegranate,,pomegranate,,10000.0,140000.0,114726.02
UttarPradesh,447.51,62.74,Black Soil,146941.7,15000,0,27,38,22.44581266,6.738016221,Pomegranate,pomegranate,uttarpradesh,10.0,,pomegranate,,pomegranate,,10000.0,150000.0,3058.2999999999884
UttarPradesh,411.71,64.12,Clay,4721.92,45000,31,25,38,24.96273236,6.497366677,Pomegranate,pomegranate,uttarpradesh,10.0,,pomegranate,,pomegranate,,10000.0,450000.0,445278.08
UttarPradesh,506.93,71.23,Clay,20438.4,38000,21,21,38,22.5526059,6.327673765,Pomegranate,pomegranate,uttarpradesh,10.0,,pomegranate,,pomegranate,,10000.0,380000.0,359561.6
UttarPradesh,511.03,64.75,Sandy Loam,26883.8,65000,6,30,40,22.77035608,6.36137446,Pomegranate,pomegranate,uttarpradesh,10.0,,pomegranate,,pomegranate,,10000.0,650000.0,623116.2
UttarPradesh,291.17,47.45,Black Soil,9382.11,55000,25,27,41,19.20090378,6.923509371,Pomegranate,pomegranate,uttarpradesh,10.0,,pomegranate,,pomegranate,,10000.0,550000.0,540617.89
UttarPradesh,537.98,52.8,Loam,27941.75,60000,15,11,38,23.12808226,6.630646083,Pomegranate,pomegranate,uttarpradesh,10.0,,pomegranate,,pomegranate,,10000.0,600000.0,572058.25
UttarPradesh,1025.43,58.81,Clay,6219.48,3200,14,5,36,24.92639065,5.832525853,Pomegranate,pomegranate,uttarpradesh,10.0,,pomegranate,,pomegranate,,10000.0,32000.0,25780.52
UttarPradesh,263.18,50.48,Black Soil,55701.95,15000,16,10,41,24.77464458,6.738993954,Pomegranate,pomegranate,uttarpradesh,10.0,,pomegranate,,pomegranate,,10000.0,150000.0,94298.05
UttarPradesh,1343.55,55.22,Sandy Loam,18932.07,18000,36,7,37,19.8671184,5.782435567,Pomegranate,pomegranate,uttarpradesh,10.0,,pomegranate,,pomegranate,,10000.0,180000.0,161067.93
UttarPradesh,357.76,74.56,Loam,46341.2,22000,4,20,41,24.26601316,6.537042717,Pomegranate,pomegranate,uttarpradesh,10.0,,pomegranate,,pomegranate,,10000.0,220000.0,173658.8
UttarPradesh,577.64,74.23,Clay,15385.05,16000,29,22,40,23.62600218,6.145104401,Pomegranate,pomegranate,uttarpradesh,10.0,,pomegranate,,pomegranate,,10000.0,160000.0,144614.95
UttarPradesh,406.01,61.0,Sandy Loam,15551.65,14000,16,15,42,19.67832052,6.890784045,Pomegranate,pomegranate,uttarpradesh,10.0,,pomegranate,,pomegranate,,10000.0,140000.0,124448.35
UttarPradesh,415.45,59.71,Sandy Loam,10705.17,15000,18,27,41,22.36509395,7.175344328,Pomegranate,pomegranate,uttarpradesh,10.0,,pomegranate,,pomegranate,,10000.0,150000.0,139294.83
UttarPradesh,564.97,74.0,Sandy Loam,3430.3,45000,11,18,42,21.57936934,5.938528744,Pomegranate,pomegranate,uttarpradesh,10.0,,pomegranate,,pomegranate,,10000.0,450000.0,446569.7
UttarPradesh,554.37,75.61,Loam,39582.89,38000,5,15,38,18.26233221,5.709380472,Pomegranate,pomegranate,uttarpradesh,10.0,,pomegranate,,pomegranate,,10000.0,380000.0,340417.11
UttarPradesh,593.31,42.71,Clay,25651.94,65000,18,23,44,23.71028128,6.184400085,Pomegranate,pomegranate,uttarpradesh,10.0,,pomegranate,,pomegranate,,10000.0,650000.0,624348.06
UttarPradesh,364.0,79.38,Black Soil,8397.18,55000,9,8,40,22.48720144,6.553509673,Pomegranate,pomegranate,uttarpradesh,10.0,,pomegranate,,pomegranate,,10000.0,550000.0,541602.82
UttarPradesh,714.65,61.76,Loam,54097.74,60000,40,27,45,21.6602498,5.885638185,Pomegranate,pomegranate,uttarpradesh,10.0,,pomegranate,,pomegranate,,10000.0,600000.0,545902.26
UttarPradesh,1520.33,84.54,Sandy Loam,167676.15,3200,22,23,44,20.13037175,6.143874691,Pomegranate,pomegranate,uttarpradesh,10.0,,pomegranate,,pomegranate,,10000.0,32000.0,-135676.15
UttarPradesh,303.18,61.95,Black Soil,13505.55,15000,9,16,39,18.41164435,6.101198974,Pomegranate,pomegranate,uttarpradesh,10.0,,pomegranate,,pomegranate,,10000.0,150000.0,136494.45
UttarPradesh,518.14,68.68,Sandy Loam,8641.68,18000,12,29,40,19.68291173,6.594037135,Pomegranate,pomegranate,uttarpradesh,10.0,,pomegranate,,pomegranate,,10000.0,180000.0,171358.32
UttarPradesh,206.29,69.05,Black Soil,68991.96,22000,0,17,42,23.20242586,6.859840821,Pomegranate,pomegranate,uttarpradesh,10.0,,pomegranate,,pomegranate,,10000.0,220000.0,151008.03999999998
UttarPradesh,307.46,66.47,Loam,46168.53,16000,2,21,44,18.92157197,6.56893406,Pomegranate,pomegranate,uttarpradesh,10.0,,pomegranate,,pomegranate,,10000.0,160000.0,113831.47
UttarPradesh,146.41,67.38,Loam,30439.23,14000,28,6,40,22.10621387,6.769855664,Pomegranate,pomegranate,uttarpradesh,10.0,,pomegranate,,pomegranate,,10000.0,140000.0,109560.77
UttarPradesh,220.92,64.32,Clay,83649.69,15000,8,23,44,18.47412402,7.130837931,Pomegranate,pomegranate,uttarpradesh,10.0,,pomegranate,,pomegranate,,10000.0,150000.0,66350.31
UttarPradesh,294.14,49.1,Black Soil,7881.61,45000,29,16,36,19.81069447,5.740338002,Pomegranate,pomegranate,uttarpradesh,10.0,,pomegranate,,pomegranate,,10000.0,450000.0,442118.39
UttarPradesh,275.05,77.11,Sandy Loam,4236.98,38000,17,18,43,24.4880844,5.843005428,Pomegranate,pomegranate,uttarpradesh,10.0,,pomegranate,,pomegranate,,10000.0,380000.0,375763.02
UttarPradesh,377.43,54.71,Sandy Loam,22151.16,65000,34,21,42,18.75927679,6.648687274,Pomegranate,pomegranate,uttarpradesh,10.0,,pomegranate,,pomegranate,,10000.0,650000.0,627848.84
UttarPradesh,134.18,63.98,Loam,77933.39,55000,21,23,42,19.54128063,6.902751061,Pomegranate,pomegranate,uttarpradesh,10.0,,pomegranate,,pomegranate,,10000.0,550000.0,472066.61
UttarPradesh,362.69,58.03,Sandy Loam,19533.68,60000,25,17,40,18.91251245,6.608023872,Pomegranate,pomegranate,uttarpradesh,10.0,,pomegranate,,pomegranate,,10000.0,600000.0,580466.32
UttarPradesh,659.24,62.48,Clay,16161.9,3200,8,25,36,19.91330523,6.828522375,Pomegranate,pomegranate,uttarpradesh,10.0,,pomegranate,,pomegranate,,10000.0,32000.0,15838.1
UttarPradesh,152.76,73.32,Clay,58855.84,15000,26,18,42,19.72620525,6.910374919,Pomegranate,pomegranate,uttarpradesh,10.0,,pomegranate,,pomegranate,,10000.0,150000.0,91144.16
UttarPradesh,797.47,62.57,Clay,119945.24,18000,4,19,42,23.83185873,6.306605528,Pomegranate,pomegranate,uttarpradesh,10.0,,pomegranate,,pomegranate,,10000.0,180000.0,60054.759999999995
UttarPradesh,303.41,70.9,Clay,72206.31,22000,36,24,41,24.94467632,7.009180374,Pomegranate,pomegranate,uttarpradesh,10.0,,pomegranate,,pomegranate,,10000.0,220000.0,147793.69
UttarPradesh,388.77,64.29,Clay,6884.54,16000,5,24,40,24.692258,6.297907579,Pomegranate,pomegranate,uttarpradesh,10.0,,pomegranate,,pomegranate,,10000.0,160000.0,153115.46
UttarPradesh,235.19,47.56,Loam,7401.16,14000,19,17,39,24.72485577,6.728599215,Pomegranate,pomegranate,uttarpradesh,10.0,,pomegranate,,pomegranate,,10000.0,140000.0,132598.84
UttarPradesh,326.58,76.13,Sandy Loam,4955.22,15000,39,30,38,20.12644921,6.965156738,Pomegranate,pomegranate,uttarpradesh,10.0,,pomegranate,,pomegranate,,10000.0,150000.0,145044.78
UttarPradesh,371.68,69.32,Clay,4667.01,45000,5,29,44,21.02432943,5.578095745,Pomegranate,pomegranate,uttarpradesh,10.0,,pomegranate,,pomegranate,,10000.0,450000.0,445332.99
UttarPradesh,396.76,82.54,Loam,58492.27,38000,4,24,43,22.40423537,7.199504273,Pomegranate,pomegranate,uttarpradesh,10.0,,pomegranate,,pomegranate,,10000.0,380000.0,321507.73
UttarPradesh,385.75,69.55,Sandy Loam,11505.71,65000,38,21,35,20.33691147,5.841367187,Pomegranate,pomegranate,uttarpradesh,10.0,,pomegranate,,pomegranate,,10000.0,650000.0,638494.29
UttarPradesh,200.18,55.34,Black Soil,17420.58,55000,37,11,36,24.24779615,6.710143266,Pomegranate,pomegranate,uttarpradesh,10.0,,pomegranate,,pomegranate,,10000.0,550000.0,532579.42
UttarPradesh,513.56,67.78,Black Soil,67324.31,60000,9,25,41,24.81530144,5.972714857,Pomegranate,pomegranate,uttarpradesh,10.0,,pomegranate,,pomegranate,,10000.0,600000.0,532675.69
UttarPradesh,780.06,68.08,Loam,27139.41,3200,29,22,43,19.66329768,5.561851831,Pomegranate,pomegranate,uttarpradesh,10.0,,pomegranate,,pomegranate,,10000.0,32000.0,4860.59
UttarPradesh,238.49,64.0,Sandy Loam,32975.04,15000,5,21,38,22.43377991,6.107054808,Pomegranate,pomegranate,uttarpradesh,10.0,,pomegranate,,pomegranate,,10000.0,150000.0,117024.95999999999
UttarPradesh,947.9,77.8,Loam,6425.18,18000,22,26,38,22.92052307,6.988035315,Pomegranate,pomegranate,uttarpradesh,10.0,,pomegranate,,pomegranate,,10000.0,180000.0,173574.82
UttarPradesh,258.04,57.01,Black Soil,10480.25,22000,4,18,37,22.91843172,7.13147457,Pomegranate,pomegranate,uttarpradesh,10.0,,pomegranate,,pomegranate,,10000.0,220000.0,209519.75
UttarPradesh,428.99,65.51,Sandy Loam,8876.51,16000,21,6,41,24.88244467,7.086947687,Pomegranate,pomegranate,uttarpradesh,10.0,,pomegranate,,pomegranate,,10000.0,160000.0,151123.49
UttarPradesh,210.05,55.21,Clay,10760.26,14000,29,21,45,23.40981539,6.749260456,Pomegranate,pomegranate,uttarpradesh,10.0,,pomegranate,,pomegranate,,10000.0,140000.0,129239.74
UttarPradesh,287.53,57.77,Black Soil,35191.09,15000,23,5,44,21.20725375,7.16300467,Pomegranate,pomegranate,uttarpradesh,10.0,,pomegranate,,pomegranate,,10000.0,150000.0,114808.91
UttarPradesh,355.91,61.7,Loam,61530.57,45000,13,7,43,18.20230419,7.013481515,Pomegranate,pomegranate,uttarpradesh,10.0,,pomegranate,,pomegranate,,10000.0,450000.0,388469.43
UttarPradesh,447.1,72.57,Clay,7454.2,38000,5,13,37,22.34375696,5.648243649,Pomegranate,pomegranate,uttarpradesh,10.0,,pomegranate,,pomegranate,,10000.0,380000.0,372545.8
UttarPradesh,527.56,51.77,Clay,35131.34,65000,27,24,41,24.32770134,6.610251186,Pomegranate,pomegranate,uttarpradesh,10.0,,pomegranate,,pomegranate,,10000.0,650000.0,614868.66
UttarPradesh,213.8,70.34,Sandy Loam,8999.58,55000,7,23,35,19.75088482,7.054313823,Pomegranate,pomegranate,uttarpradesh,10.0,,pomegranate,,pomegranate,,10000.0,550000.0,541000.42
UttarPradesh,624.95,74.47,Clay,21579.84,60000,12,20,39,19.86173586,6.026999326,Pomegranate,pomegranate,uttarpradesh,10.0,,pomegranate,,pomegranate,,10000.0,600000.0,578420.16
UttarPradesh,882.93,63.88,Sandy Loam,88299.81,3200,4,19,43,18.07132963,5.779427402,Pomegranate,pomegranate,uttarpradesh,10.0,,pomegranate,,pomegranate,,10000.0,32000.0,-56299.81
UttarPradesh,195.93,51.36,Sandy Loam,74956.25,15000,3,9,45,23.89162561,6.535244251,Pomegranate,pomegranate,uttarpradesh,10.0,,pomegranate,,pomegranate,,10000.0,150000.0,75043.75
MadhyaPradesh,1569.91,64.48,Sandy Loam,12554.49,18000,1,27,36,23.98598756,5.684995235,Pomegranate,pomegranate,madhyapradesh,10.0,,pomegranate,,pomegranate,,10000.0,180000.0,167445.51
MadhyaPradesh,534.62,78.84,Sandy Loam,7502.05,22000,23,30,44,20.93892916,6.12476108,Pomegranate,pomegranate,madhyapradesh,10.0,,pomegranate,,pomegranate,,10000.0,220000.0,212497.95
MadhyaPradesh,789.12,62.45,Loam,10913.45,16000,24,21,42,20.82210727,6.999014379,Pomegranate,pomegranate,madhyapradesh,10.0,,pomegranate,,pomegranate,,10000.0,160000.0,149086.55
MadhyaPradesh,494.1,57.66,Clay,48510.82,14000,13,30,37,20.86474944,6.277148771,Pomegranate,pomegranate,madhyapradesh,10.0,,pomegranate,,pomegranate,,10000.0,140000.0,91489.18
MadhyaPradesh,652.94,76.67,Clay,65842.52,15000,40,11,44,24.45840036,6.322396027,Pomegranate,pomegranate,madhyapradesh,10.0,,pomegranate,,pomegranate,,10000.0,150000.0,84157.48
MadhyaPradesh,702.58,65.99,Sandy Loam,30103.77,45000,21,9,40,24.51147697,5.956401828,Pomegranate,pomegranate,madhyapradesh,10.0,,pomegranate,,pomegranate,,10000.0,450000.0,419896.23
MadhyaPradesh,915.86,62.72,Loam,6109.02,38000,3,27,44,24.56811204,6.591302797,Pomegranate,pomegranate,madhyapradesh,10.0,,pomegranate,,pomegranate,,10000.0,380000.0,373890.98
MadhyaPradesh,913.74,70.0,Loam,64648.12,65000,40,29,42,24.63228709,7.104094929,Pomegranate,pomegranate,madhyapradesh,10.0,,pomegranate,,pomegranate,,10000.0,650000.0,585351.88
MadhyaPradesh,442.7,87.71,Sandy Loam,11443.55,55000,14,25,40,20.07386547,6.407872061,Pomegranate,pomegranate,madhyapradesh,10.0,,pomegranate,,pomegranate,,10000.0,550000.0,538556.45
MadhyaPradesh,947.63,63.35,Clay,57522.51,60000,38,14,37,21.80523051,6.658402594,Pomegranate,pomegranate,madhyapradesh,10.0,,pomegranate,,pomegranate,,10000.0,600000.0,542477.49
MadhyaPradesh,1662.46,73.13,Black Soil,16128.92,3200,34,9,36,22.8122645,6.276038961,Pomegranate,pomegranate,madhyapradesh,10.0,,pomegranate,,pomegranate,,10000.0,32000.0,15871.08
MadhyaPradesh,428.59,78.24,Loam,36891.09,15000,32,14,37,22.73031253,6.825256236,Pomegranate,pomegranate,madhyapradesh,10.0,,pomegranate,,pomegranate,,10000.0,150000.0,113108.91
MadhyaPradesh,1056.03,64.72,Sandy Loam,28906.7,18000,18,21,35,23.2801227,6.368560522,Pomegranate,pomegranate,madhyapradesh,10.0,,pomegranate,,pomegranate,,10000.0,180000.0,151093.3
MadhyaPradesh,306.81,72.62,Sandy Loam,35956.02,22000,8,23,38,19.30106297,7.005410734,Pomegranate,pomegranate,madhyapradesh,10.0,,pomegranate,,pomegranate,,10000.0,220000.0,184043.98
MadhyaPradesh,512.25,59.34,Clay,63636.83,16000,15,6,41,19.0087067,6.897368477,Pomegranate,pomegranate,madhyapradesh,10.0,,pomegranate,,pomegranate,,10000.0,160000.0,96363.17
MadhyaPradesh,321.37,47.11,Black Soil,8077.89,14000,0,5,36,24.35193812,6.152906502,Pomegranate,pomegranate,madhyapradesh,10.0,,pomegranate,,pomegranate,,10000.0,140000.0,131922.11
MadhyaPradesh,551.25,69.56,Black Soil,15321.82,15000,22,9,44,24.72235539,5.744361602,Pomegranate,pomegranate,madhyapradesh,10.0,,pomegranate,,pomegranate,,10000.0,150000.0,134678.18
MadhyaPradesh,454.74,59.12,Loam,23740.57,45000,14,8,43,21.92513945,7.051654924,Pomegranate,pomegranate,madhyapradesh,10.0,,pomegranate,,pomegranate,,10000.0,450000.0,426259.43
MadhyaPradesh,574.54,64.11,Black Soil,14107.95,38000,31,11,45,24.83954414,6.034612928,Pomegranate,pomegranate,madhyapradesh,10.0,,pomegranate,,pomegranate,,10000.0,380000.0,365892.05
MadhyaPradesh,628.65,62.97,Black Soil,50497.44,65000,39,17,45,18.09691127,6.924490731,Pomegranate,pomegranate,madhyapradesh,10.0,,pomegranate,,pomegranate,,10000.0,650000.0,599502.56
MadhyaPradesh,286.95,63.27,Clay,23056.95,55000,10,5,42,20.24104904,6.887005997,Pomegranate,pomegranate,madhyapradesh,10.0,,pomegranate,,pomegranate,,10000.0,550000.0,526943.05
MadhyaPradesh,619.11,56.86,Clay,9474.1,60000,8,28,38,23.22594,6.8444019,Pomegranate,pomegranate,madhyapradesh,10.0,,pomegranate,,pomegranate,,10000.0,600000.0,590525.9
MadhyaPradesh,1104.04,76.12,Sandy Loam,23317.63,3200,32,13,42,23.50128217,5.786058032,Pomegranate,pomegranate,madhyapradesh,10.0,,pomegranate,,pomegranate,,10000.0,32000.0,8682.369999999999
MadhyaPradesh,271.53,63.32,Sandy Loam,62596.25,15000,18,9,40,19.44623085,5.627186257,Pomegranate,pomegranate,madhyapradesh,10.0,,pomegranate,,pomegranate,,10000.0,150000.0,87403.75
MadhyaPradesh,733.38,57.42,Clay,11670.44,18000,20,27,41,20.51343484,5.700088663,Pomegranate,pomegranate,madhyapradesh,10.0,,pomegranate,,pomegranate,,10000.0,180000.0,168329.56
MadhyaPradesh,317.55,67.98,Loam,33045.91,22000,39,25,36,18.90223032,5.567805185,Pomegranate,pomegranate,madhyapradesh,10.0,,pomegranate,,pomegranate,,10000.0,220000.0,186954.09
MadhyaPradesh,367.06,51.58,Clay,25810.42,16000,20,7,45,18.90592319,6.077886012,Pomegranate,pomegranate,madhyapradesh,10.0,,pomegranate,,pomegranate,,10000.0,160000.0,134189.58000000002
MadhyaPradesh,235.51,59.22,Loam,92062.32,14000,11,10,45,22.63045168,6.397995609,Pomegranate,pomegranate,madhyapradesh,10.0,,pomegranate,,pomegranate,,10000.0,140000.0,47937.67999999999
MadhyaPradesh,411.44,72.4,Black Soil,5320.78,15000,40,18,43,19.38603815,5.767372539,Pomegranate,pomegranate,madhyapradesh,10.0,,pomegranate,,pomegranate,,10000.0,150000.0,144679.22
MadhyaPradesh,500.91,75.79,Clay,9958.25,45000,3,26,39,24.38318965,7.079973241,Pomegranate,pomegranate,madhyapradesh,10.0,,pomegranate,,pomegranate,,10000.0,450000.0,440041.75
MadhyaPradesh,373.91,66.37,Loam,27770.45,38000,9,16,36,23.77989026,5.893332378,Pomegranate,pomegranate,madhyapradesh,10.0,,pomegranate,,pomegranate,,10000.0,380000.0,352229.55
MadhyaPradesh,612.16,67.27,Black Soil,11012.78,65000,30,20,38,22.59890174,7.058222596,Pomegranate,pomegranate,madhyapradesh,10.0,,pomegranate,,pomegranate,,10000.0,650000.0,638987.22
MadhyaPradesh,266.62,51.27,Black Soil,15328.39,55000,40,9,41,24.37766782,5.78270695,Pomegranate,pomegranate,madhyapradesh,10.0,,pomegranate,,pomegranate,,10000.0,550000.0,534671.61
MadhyaPradesh,613.69,65.27,Clay,7873.33,60000,40,30,35,20.89273273,6.269663963,Pomegranate,pomegranate,madhyapradesh,10.0,,pomegranate,,pomegranate,,10000.0,600000.0,592126.67
MadhyaPradesh,998.89,74.33,Sandy Loam,15474.67,3200,32,25,35,18.09903225,5.892913826,Pomegranate,pomegranate,madhyapradesh,10.0,,pomegranate,,pomegranate,,10000.0,32000.0,16525.33
MadhyaPradesh,255.25,66.6,Clay,56249.08,15000,33,23,45,20.00218987,7.116538883,Pomegranate,pomegranate,madhyapradesh,10.0,,pomegranate,,pomegranate,,10000.0,150000.0,93750.92
MadhyaPradesh,769.86,59.49,Black Soil,11099.96,18000,4,14,41,19.85139326,6.430163481,Pomegranate,pomegranate,madhyapradesh,10.0,,pomegranate,,pomegranate,,10000.0,180000.0,168900.04
MadhyaPradesh,196.12,56.67,Sandy Loam,48947.16,22000,13,17,45,21.25433607,7.159520979,Pomegranate,pomegranate,madhyapradesh,10.0,,pomegranate,,pomegranate,,10000.0,220000.0,171052.84
MadhyaPradesh,474.56,51.94,Loam,15545.28,16000,39,24,39,23.65374106,6.431265737,Pomegranate,pomegranate,madhyapradesh,10.0,,pomegranate,,pomegranate,,10000.0,160000.0,144454.72
MadhyaPradesh,193.72,60.85,Black Soil,11013.16,14000,8,28,37,23.88404783,6.082571701,Pomegranate,pomegranate,madhyapradesh,10.0,,pomegranate,,pomegranate,,10000.0,140000.0,128986.84
MadhyaPradesh,290.56,51.95,Black Soil,19689.68,15000,91,94,46,29.36792366,6.149934034,Banana,banana,madhyapradesh,26.85112785404081,,banana,,banana,26.85112785404081,26851.127854040817,402766.91781061224,383077.23781061225
MadhyaPradesh,243.79,52.49,Clay,74807.27,45000,105,95,50,27.33368994,5.849076099,Banana,banana,madhyapradesh,26.85112785404081,,banana,,banana,26.85112785404081,26851.127854040817,1208300.7534318366,1133493.4834318366
MadhyaPradesh,374.12,56.48,Sandy Loam,9829.73,38000,108,92,53,27.40053601,6.276800323,Banana,banana,madhyapradesh,26.85112785404081,,banana,,banana,26.85112785404081,26851.127854040817,1020342.858453551,1010513.128453551
MadhyaPradesh,346.56,88.27,Loam,35021.79,65000,86,76,54,29.3159075,5.926824754,Banana,banana,madhyapradesh,26.85112785404081,,banana,,banana,26.85112785404081,26851.127854040817,1745323.310512653,1710301.520512653
MadhyaPradesh,217.58,66.91,Black Soil,58239.51,55000,80,77,49,26.05433004,5.519088423,Banana,banana,madhyapradesh,26.85112785404081,,banana,,banana,26.85112785404081,26851.127854040817,1476812.0319722448,1418572.5219722448
MadhyaPradesh,414.28,70.32,Black Soil,13764.86,60000,93,94,53,25.86632408,6.079178788,Banana,banana,madhyapradesh,26.85112785404081,,banana,,banana,26.85112785404081,26851.127854040817,1611067.671242449,1597302.8112424489
MadhyaPradesh,852.67,72.29,Loam,151163.74,3200,90,92,55,27.00932084,6.13465588,Banana,banana,madhyapradesh,26.85112785404081,,banana,,banana,26.85112785404081,26851.127854040817,85923.60913293061,-65240.13086706938
MadhyaPradesh,182.88,66.34,Black Soil,15599.01,15000,108,89,53,29.55054817,5.808497604,Banana,banana,madhyapradesh,26.85112785404081,,banana,,banana,26.85112785404081,26851.127854040817,402766.91781061224,387167.90781061223
MadhyaPradesh,899.89,78.35,Sandy Loam,11786.08,18000,108,88,55,26.28845991,5.891458107,Banana,banana,madhyapradesh,26.85112785404081,,banana,,banana,26.85112785404081,26851.127854040817,483320.30137273466,471534.22137273464
MadhyaPradesh,298.42,82.06,Sandy Loam,32060.56,22000,105,77,52,29.16226551,5.816622479,Banana,banana,madhyapradesh,26.85112785404081,,banana,,banana,26.85112785404081,26851.127854040817,590724.8127888979,558664.2527888978
MadhyaPradesh,519.17,53.2,Sandy Loam,48599.26,16000,118,88,52,28.65003945,5.843163161,Banana,banana,madhyapradesh,26.85112785404081,,banana,,banana,26.85112785404081,26851.127854040817,429618.04566465307,381018.78566465306
MadhyaPradesh,273.71,64.9,Black Soil,8905.16,14000,101,87,54,29.07311132,6.376756633,Banana,banana,madhyapradesh,26.85112785404081,,banana,,banana,26.85112785404081,26851.127854040817,375915.7899565714,367010.62995657144
MadhyaPradesh,346.02,71.47,Clay,8399.23,15000,95,75,50,28.08166093,5.623615687,Banana,banana,madhyapradesh,26.85112785404081,,banana,,banana,26.85112785404081,26851.127854040817,402766.91781061224,394367.68781061226
MadhyaPradesh,328.01,77.65,Sandy Loam,56580.36,45000,106,85,53,27.1994597,5.91505509,Banana,banana,madhyapradesh,26.85112785404081,,banana,,banana,26.85112785404081,26851.127854040817,1208300.7534318366,1151720.3934318365
MadhyaPradesh,427.31,79.43,Black Soil,14935.56,38000,86,95,49,28.05484146,6.458714879,Banana,banana,madhyapradesh,26.85112785404081,,banana,,banana,26.85112785404081,26851.127854040817,1020342.858453551,1005407.2984535509
MadhyaPradesh,450.17,66.46,Black Soil,34598.0,65000,83,79,55,25.14748006,5.565028635,Banana,banana,madhyapradesh,26.85112785404081,,banana,,banana,26.85112785404081,26851.127854040817,1745323.310512653,1710725.310512653
MadhyaPradesh,251.79,68.34,Sandy Loam,14302.66,55000,85,95,47,25.94019018,6.211833161,Banana,banana,madhyapradesh,26.85112785404081,,banana,,banana,26.85112785404081,26851.127854040817,1476812.0319722448,1462509.371972245
MadhyaPradesh,656.16,66.64,Loam,79176.44,60000,109,79,45,27.66752761,6.490074429,Banana,banana,madhyapradesh,26.85112785404081,,banana,,banana,26.85112785404081,26851.127854040817,1611067.671242449,1531891.231242449
MadhyaPradesh,937.84,65.16,Loam,48770.46,3200,100,76,45,25.56703012,5.590236025,Banana,banana,madhyapradesh,26.85112785404081,,banana,,banana,26.85112785404081,26851.127854040817,85923.60913293061,37153.14913293061
MadhyaPradesh,243.91,82.84,Sandy Loam,6799.99,15000,117,86,48,28.6956201,6.225225239,Banana,banana,madhyapradesh,26.85112785404081,,banana,,banana,26.85112785404081,26851.127854040817,402766.91781061224,395966.92781061225
Gujarat,924.53,69.01,Sandy Loam,66643.03,18000,114,94,53,26.33544853,6.190757459,Banana,banana,gujarat,66.0674912990909,66067.4912990909,banana,66.0674912990909,banana,26.85112785404081,66067.4912990909,1189214.8433836363,1122571.8133836363
Gujarat,255.64,75.7,Clay,8902.64,22000,110,78,50,25.93730186,5.915568968,Banana,banana,gujarat,66.0674912990909,66067.4912990909,banana,66.0674912990909,banana,26.85112785404081,66067.4912990909,1453484.80858,1444582.16858
Gujarat,509.73,72.7,Black Soil,3627.92,16000,94,70,48,25.13686519,6.195152442,Banana,banana,gujarat,66.0674912990909,66067.4912990909,banana,66.0674912990909,banana,26.85112785404081,66067.4912990909,1057079.8607854545,1053451.9407854546
Gujarat,233.02,60.26,Loam,31509.87,14000,80,71,47,27.50527651,6.156373499,Banana,banana,gujarat,66.0674912990909,66067.4912990909,banana,66.0674912990909,banana,26.85112785404081,66067.4912990909,924944.8781872727,893435.0081872727
Gujarat,275.36,54.3,Loam,24616.86,15000,114,79,51,26.21009246,6.313197204,Banana,banana,gujarat,66.0674912990909,66067.4912990909,banana,66.0674912990909,banana,26.85112785404081,66067.4912990909,991012.3694863636,966395.5094863636
Gujarat,363.44,66.15,Sandy Loam,36233.56,45000,88,78,45,29.10403455,6.324270089,Banana,banana,gujarat,66.0674912990909,66067.4912990909,banana,66.0674912990909,banana,26.85112785404081,66067.4912990909,2973037.108459091,2936803.5484590908
Gujarat,480.04,70.8,Black Soil,10055.25,38000,112,73,48,29.2440638,5.707488987,Banana,banana,gujarat,66.0674912990909,66067.4912990909,banana,66.0674912990909,banana,26.85112785404081,66067.4912990909,2510564.6693654545,2500509.4193654545
Gujarat,654.72,73.32,Clay,262639.05,65000,117,76,47,25.56202173,6.119216009,Banana,banana,gujarat,66.0674912990909,66067.4912990909,banana,66.0674912990909,banana,26.85112785404081,66067.4912990909,4294386.934440909,4031747.884440909
Gujarat,277.04,61.28,Sandy Loam,30215.65,55000,111,87,48,26.3985515,5.571401169,Banana,banana,gujarat,66.0674912990909,66067.4912990909,banana,66.0674912990909,banana,26.85112785404081,66067.4912990909,3633712.02145,3603496.37145
Gujarat,580.25,63.54,Black Soil,5133.37,60000,89,83,47,28.09577643,5.63127166,Banana,banana,gujarat,66.0674912990909,66067.4912990909,banana,66.0674912990909,banana,26.85112785404081,66067.4912990909,3964049.4779454544,3958916.1079454543
Gujarat,917.69,64.59,Sandy Loam,17582.57,3200,93,91,47,27.84767901,6.101241579,Banana,banana,gujarat,66.0674912990909,66067.4912990909,banana,66.0674912990909,banana,26.85112785404081,66067.4912990909,211415.9721570909,193833.4021570909
Gujarat,254.55,59.94,Sandy Loam,58075.03,15000,92,81,52,27.39341554,6.438137279,Banana,banana,gujarat,66.0674912990909,66067.4912990909,banana,66.0674912990909,banana,26.85112785404081,66067.4912990909,991012.3694863636,932937.3394863636
Gujarat,1078.72,56.42,Black Soil,42411.61,18000,105,74,45,25.14517635,6.098369122,Banana,banana,gujarat,66.0674912990909,66067.4912990909,banana,66.0674912990909,banana,26.85112785404081,66067.4912990909,1189214.8433836363,1146803.2333836362
Gujarat,332.51,50.68,Sandy Loam,10693.51,22000,102,71,48,28.65456263,5.695267822,Banana,banana,gujarat,66.0674912990909,66067.4912990909,banana,66.0674912990909,banana,26.85112785404081,66067.4912990909,1453484.80858,1442791.29858
Gujarat,517.6,63.51,Loam,14356.9,16000,94,91,51,29.16093424,5.618094446,Banana,banana,gujarat,66.0674912990909,66067.4912990909,banana,66.0674912990909,banana,26.85112785404081,66067.4912990909,1057079.8607854545,1042722.9607854545
Gujarat,283.42,52.15,Sandy Loam,14536.52,14000,116,71,47,27.57278064,6.435785799,Banana,banana,gujarat,66.0674912990909,66067.4912990909,banana,66.0674912990909,banana,26.85112785404081,66067.4912990909,924944.8781872727,910408.3581872727
Gujarat,373.98,72.78,Loam,4226.05,15000,117,79,49,25.40909896,6.176644228,Banana,banana,gujarat,66.0674912990909,66067.4912990909,banana,66.0674912990909,banana,26.85112785404081,66067.4912990909,991012.3694863636,986786.3194863636
Gujarat,607.07,52.85,Sandy Loam,11970.86,45000,119,72,55,25.99069521,6.220643671,Banana,banana,gujarat,66.0674912990909,66067.4912990909,banana,66.0674912990909,banana,26.85112785404081,66067.4912990909,2973037.108459091,2961066.248459091
Gujarat,547.83,82.66,Loam,11836.02,38000,99,73,53,26.29039046,5.871702211,Banana,banana,gujarat,66.0674912990909,66067.4912990909,banana,66.0674912990909,banana,26.85112785404081,66067.4912990909,2510564.6693654545,2498728.6493654544
Gujarat,555.07,55.47,Black Soil,10389.71,65000,91,84,52,29.14827211,6.390741836,Banana,banana,gujarat,66.0674912990909,66067.4912990909,banana,66.0674912990909,banana,26.85112785404081,66067.4912990909,4294386.934440909,4283997.224440909
Gujarat,366.48,55.58,Clay,7194.01,55000,80,90,47,26.59743595,6.21084479,Banana,banana,gujarat,66.0674912990909,66067.4912990909,banana,66.0674912990909,banana,26.85112785404081,66067.4912990909,3633712.02145,3626518.01145
Gujarat,706.69,48.53,Loam,124970.56,60000,101,70,48,25.36059237,6.012696655,Banana,banana,gujarat,66.0674912990909,66067.4912990909,banana,66.0674912990909,banana,26.85112785404081,66067.4912990909,3964049.4779454544,3839078.9179454544
Gujarat,1030.3,60.12,Black Soil,19159.91,3200,108,89,53,29.12036889,5.908770059,Banana,banana,gujarat,66.0674912990909,66067.4912990909,banana,66.0674912990909,banana,26.85112785404081,66067.4912990909,211415.9721570909,192256.0621570909
Gujarat,330.34,64.67,Black Soil,12306.01,15000,100,80,52,27.53911354,6.049801781,Banana,banana,gujarat,66.0674912990909,66067.4912990909,banana,66.0674912990909,banana,26.85112785404081,66067.4912990909,991012.3694863636,978706.3594863636
Gujarat,1270.8,83.96,Clay,9750.76,18000,109,91,53,29.66727337,6.010095853,Banana,banana,gujarat,66.0674912990909,66067.4912990909,banana,66.0674912990909,banana,26.85112785404081,66067.4912990909,1189214.8433836363,1179464.0833836363
Gujarat,421.89,65.01,Loam,3643.85,22000,82,78,46,25.05802193,5.738678895,Banana,banana,gujarat,66.0674912990909,66067.4912990909,banana,66.0674912990909,banana,26.85112785404081,66067.4912990909,1453484.80858,1449840.9585799999
Gujarat,620.87,62.6,Loam,56937.76,16000,106,70,55,25.86824781,5.74055541,Banana,banana,gujarat,66.0674912990909,66067.4912990909,banana,66.0674912990909,banana,26.85112785404081,66067.4912990909,1057079.8607854545,1000142.1007854545
Gujarat,437.54,67.15,Sandy Loam,10753.27,14000,90,86,52,25.85036988,5.793260262,Banana,banana,gujarat,66.0674912990909,66067.4912990909,banana,66.0674912990909,banana,26.85112785404081,66067.4912990909,924944.8781872727,914191.6081872727
Gujarat,532.15,64.25,Clay,10518.46,15000,83,95,50,26.51682337,5.50947065,Banana,banana,gujarat,66.0674912990909,66067.4912990909,banana,66.0674912990909,banana,26.85112785404081,66067.4912990909,991012.3694863636,980493.9094863636
Gujarat,529.72,83.21,Clay,10292.73,45000,119,90,48,28.66725136,5.986442306,Banana,banana,gujarat,66.0674912990909,66067.4912990909,banana,66.0674912990909,banana,26.85112785404081,66067.4912990909,2973037.108459091,2962744.378459091
Gujarat,693.8,67.43,Black Soil,17148.2,38000,107,72,45,28.14938935,5.790768046,Banana,banana,gujarat,66.0674912990909,66067.4912990909,banana,66.0674912990909,banana,26.85112785404081,66067.4912990909,2510564.6693654545,2493416.4693654543
Gujarat,931.47,75.4,Loam,78556.73,65000,116,81,55,26.42313317,5.915546415,Banana,banana,gujarat,66.0674912990909,66067.4912990909,banana,66.0674912990909,banana,26.85112785404081,66067.4912990909,4294386.934440909,4215830.2044409085
Gujarat,401.1,79.01,Clay,28572.38,55000,101,75,50,26.59386409,6.242528278,Banana,banana,gujarat,66.0674912990909,66067.4912990909,banana,66.0674912990909,banana,26.85112785404081,66067.4912990909,3633712.02145,3605139.64145
Gujarat,855.78,63.88,Clay,235074.68,60000,93,81,50,27.71822477,6.036079266,Banana,banana,gujarat,66.0674912990909,66067.4912990909,banana,66.0674912990909,banana,26.85112785404081,66067.4912990909,3964049.4779454544,3728974.7979454543
Gujarat,1457.71,77.48,Sandy Loam,10788.74,3200,95,75,45,28.98333432,5.829898502,Banana,banana,gujarat,66.0674912990909,66067.4912990909,banana,66.0674912990909,banana,26.85112785404081,66067.4912990909,211415.9721570909,200627.2321570909
Gujarat,284.86,76.55,Black Soil,44526.67,15000,107,71,55,29.42017919,6.088064451,Banana,banana,gujarat,66.0674912990909,66067.4912990909,banana,66.0674912990909,banana,26.85112785404081,66067.4912990909,991012.3694863636,946485.6994863636
Gujarat,1170.74,70.86,Black Soil,4092.98,18000,83,94,47,27.39872329,6.469370954,Banana,banana,gujarat,66.0674912990909,66067.4912990909,banana,66.0674912990909,banana,26.85112785404081,66067.4912990909,1189214.8433836363,1185121.8633836363
Gujarat,350.74,63.36,Clay,21891.03,22000,102,73,54,26.4020227,5.720726906,Banana,banana,gujarat,66.0674912990909,66067.4912990909,banana,66.0674912990909,banana,26.85112785404081,66067.4912990909,1453484.80858,1431593.77858
Gujarat,655.94,66.81,Sandy Loam,21834.74,16000,86,79,45,27.81251452,5.80766417,Banana,banana,gujarat,66.0674912990909,66067.4912990909,banana,66.0674912990909,banana,26.85112785404081,66067.4912990909,1057079.8607854545,1035245.1207854545
Gujarat,286.69,73.65,Sandy Loam,4426.87,14000,117,86,53,25.19640218,5.703381728,Banana,banana,gujarat,66.0674912990909,66067.4912990909,banana,66.0674912990909,banana,26.85112785404081,66067.4912990909,924944.8781872727,920518.0081872727
Gujarat,457.96,58.08,Sandy Loam,32995.65,15000,111,79,53,28.31193338,6.165001278,Banana,banana,gujarat,66.0674912990909,66067.4912990909,banana,66.0674912990909,banana,26.85112785404081,66067.4912990909,991012.3694863636,958016.7194863636
Gujarat,658.39,57.0,Black Soil,104741.62,45000,95,74,50,25.90113128,6.002481605,Banana,banana,gujarat,66.0674912990909,66067.4912990909,banana,66.0674912990909,banana,26.85112785404081,66067.4912990909,2973037.108459091,2868295.4884590907
Gujarat,716.6,62.25,Clay,13346.01,38000,91,75,55,27.48612983,6.212369363,Banana,banana,gujarat,66.0674912990909,66067.4912990909,banana,66.0674912990909,banana,26.85112785404081,66067.4912990909,2510564.6693654545,2497218.6593654547
Gujarat,645.65,78.55,Sandy Loam,20346.33,65000,93,83,46,29.38254012,5.765308943,Banana,banana,gujarat,66.0674912990909,66067.4912990909,banana,66.0674912990909,banana,26.85112785404081,66067.4912990909,4294386.934440909,4274040.604440909
Gujarat,280.5,66.98,Sandy Loam,26726.4,55000,92,85,51,29.22118628,5.740764682,Banana,banana,gujarat,66.0674912990909,66067.4912990909,banana,66.0674912990909,banana,26.85112785404081,66067.4912990909,3633712.02145,3606985.62145
Gujarat,846.47,67.91,Clay,12171.21,60000,104,80,54,27.09062164,5.879119455,Banana,banana,gujarat,66.0674912990909,66067.4912990909,banana,66.0674912990909,banana,26.85112785404081,66067.4912990909,3964049.4779454544,3951878.2679454545
Gujarat,1157.71,64.22,Black Soil,70168.99,3200,103,72,51,26.12643374,6.099478745,Banana,banana,gujarat,66.0674912990909,66067.4912990909,banana,66.0674912990909,banana,26.85112785404081,66067.4912990909,211415.9721570909,141246.9821570909
Gujarat,300.65,67.8,Black Soil,11389.17,15000,92,75,45,29.01207743,5.674403359,Banana,banana,gujarat,66.0674912990909,66067.4912990909,banana,66.0674912990909,banana,26.85112785404081,66067.4912990909,991012.3694863636,979623.1994863636
Gujarat,847.68,59.3,Sandy Loam,6048.7,18000,93,85,49,27.96799119,5.694243847,Banana,banana,gujarat,66.0674912990909,66067.4912990909,banana,66.0674912990909,banana,26.85112785404081,66067.4912990909,1189214.8433836363,1183166.1433836364
Gujarat,211.83,68.53,Loam,18582.99,22000,120,87,52,28.0764455,5.905494703,Banana,banana,gujarat,66.0674912990909,66067.4912990909,banana,66.0674912990909,banana,26.85112785404081,66067.4912990909,1453484.80858,1434901.81858
Gujarat,332.99,51.79,Black Soil,11568.24,16000,108,72,46,25.16278237,6.110844721,Banana,banana,gujarat,66.0674912990909,66067.4912990909,banana,66.0674912990909,banana,26.85112785404081,66067.4912990909,1057079.8607854545,1045511.6207854545
Gujarat,200.01,71.12,Sandy Loam,18515.47,14000,105,88,54,25.78749808,6.020445317,Banana,banana,gujarat,66.0674912990909,66067.4912990909,banana,66.0674912990909,banana,26.85112785404081,66067.4912990909,924944.8781872727,906429.4081872727
Gujarat,321.11,60.85,Sandy Loam,5375.9,15000,98,79,50,25.34119774,6.435917308,Banana,banana,gujarat,66.0674912990909,66067.4912990909,banana,66.0674912990909,banana,26.85112785404081,66067.4912990909,991012.3694863636,985636.4694863636
Gujarat,294.84,67.09,Sandy Loam,3058.39,45000,111,88,55,29.44795403,5.505393833,Banana,banana,gujarat,66.0674912990909,66067.4912990909,banana,66.0674912990909,banana,26.85112785404081,66067.4912990909,2973037.108459091,2969978.7184590907
Gujarat,393.52,66.02,Loam,5824.81,38000,97,74,45,26.47522633,5.677719902,Banana,banana,gujarat,66.0674912990909,66067.4912990909,banana,66.0674912990909,banana,26.85112785404081,66067.4912990909,2510564.6693654545,2504739.8593654544
Gujarat,353.03,68.18,Black Soil,8251.77,65000,95,82,48,27.39489579,5.719014989,Banana,banana,gujarat,66.0674912990909,66067.4912990909,banana,66.0674912990909,banana,26.85112785404081,66067.4912990909,4294386.934440909,4286135.164440909
Gujarat,157.23,73.95,Sandy Loam,8292.84,55000,89,91,55,25.08347445,6.275572298,Banana,banana,gujarat,66.0674912990909,66067.4912990909,banana,66.0674912990909,banana,26.85112785404081,66067.4912990909,3633712.02145,3625419.18145
Gujarat,390.2,61.44,Black Soil,40092.06,60000,89,85,55,26.6719835,6.275384607,Banana,banana,gujarat,66.0674912990909,66067.4912990909,banana,66.0674912990909,banana,26.85112785404081,66067.4912990909,3964049.4779454544,3923957.4179454544
Gujarat,669.39,68.65,Clay,99398.38,3200,118,88,51,25.44926208,6.201911642,Banana,banana,gujarat,66.0674912990909,66067.4912990909,banana,66.0674912990909,banana,26.85112785404081,66067.4912990909,211415.9721570909,112017.5921570909
Gujarat,212.97,68.44,Sandy Loam,49373.16,15000,101,92,45,28.22776705,5.758054257,Banana,banana,gujarat,66.0674912990909,66067.4912990909,banana,66.0674912990909,banana,26.85112785404081,66067.4912990909,991012.3694863636,941639.2094863636
Bihar,1295.88,76.48,Sandy Loam,24954.75,18000,99,92,47,28.1279509,6.323933647,Banana,banana,bihar,18.219697241,18219.697241,banana,18.219697241,banana,26.85112785404081,18219.697241,327954.55033800006,302999.80033800006
Bihar,347.71,70.58,Loam,30062.24,22000,82,77,46,28.9470467,5.901100841,Banana,banana,bihar,18.219697241,18219.697241,banana,18.219697241,banana,26.85112785404081,18219.697241,400833.33930200007,370771.0993020001
Bihar,715.91,67.17,Clay,22528.77,16000,90,86,55,27.96236771,5.644486582,Banana,banana,bihar,18.219697241,18219.697241,banana,18.219697241,banana,26.85112785404081,18219.697241,291515.155856,268986.385856
Bihar,359.09,68.06,Loam,26889.35,14000,95,88,52,28.00316034,6.235461772,Banana,banana,bihar,18.219697241,18219.697241,banana,18.219697241,banana,26.85112785404081,18219.697241,255075.76137400002,228186.41137400002
Bihar,463.22,69.1,Clay,20905.82,15000,104,73,46,29.1400919,6.28236237,Banana,banana,bihar,18.219697241,18219.697241,banana,18.219697241,banana,26.85112785404081,18219.697241,273295.458615,252389.638615
Bihar,658.57,65.06,Clay,6893.94,45000,102,73,52,27.9122104,6.356090905,Banana,banana,bihar,18.219697241,18219.697241,banana,18.219697241,banana,26.85112785404081,18219.697241,819886.3758450001,812992.4358450002
Bihar,794.07,56.02,Loam,8552.38,38000,100,74,52,25.43480512,5.837258235,Banana,banana,bihar,18.219697241,18219.697241,banana,18.219697241,banana,26.85112785404081,18219.697241,692348.495158,683796.115158
Bihar,837.73,90.2,Sandy Loam,28089.25,65000,94,89,48,28.55980972,5.653437902,Banana,banana,bihar,18.219697241,18219.697241,banana,18.219697241,banana,26.85112785404081,18219.697241,1184280.3206650002,1156191.0706650002
Bihar,412.87,60.63,Black Soil,21792.86,55000,99,70,46,26.59580783,5.727469947,Banana,banana,bihar,18.219697241,18219.697241,banana,18.219697241,banana,26.85112785404081,18219.697241,1002083.3482550001,980290.4882550001
Bihar,1069.58,65.08,Clay,70693.18,60000,112,87,48,27.19711623,6.200111068,Banana,banana,bihar,18.219697241,18219.697241,banana,18.219697241,banana,26.85112785404081,18219.697241,1093181.83446,1022488.6544600001
Bihar,1602.17,80.1,Clay,8487.56,3200,117,82,45,25.29391516,5.614471478,Banana,banana,bihar,18.219697241,18219.697241,banana,18.219697241,banana,26.85112785404081,18219.697241,58303.031171200004,49815.471171200006
Bihar,456.79,69.64,Black Soil,6279.84,15000,96,86,51,29.90888522,6.257369799,Banana,banana,bihar,18.219697241,18219.697241,banana,18.219697241,banana,26.85112785404081,18219.697241,273295.458615,267015.618615
Bihar,953.15,66.38,Clay,46999.89,18000,113,85,45,27.94972463,6.037430836,Banana,banana,bihar,18.219697241,18219.697241,banana,18.219697241,banana,26.85112785404081,18219.697241,327954.55033800006,280954.66033800005
Bihar,253.27,66.36,Sandy Loam,11553.98,22000,105,93,46,25.01018457,5.760457558,Banana,banana,bihar,18.219697241,18219.697241,banana,18.219697241,banana,26.85112785404081,18219.697241,400833.33930200007,389279.3593020001
Bihar,605.49,59.56,Loam,27636.45,16000,85,89,51,29.21144871,6.158164422,Banana,banana,bihar,18.219697241,18219.697241,banana,18.219697241,banana,26.85112785404081,18219.697241,291515.155856,263878.705856
Bihar,342.76,59.51,Clay,32617.02,14000,108,94,47,27.35911627,6.387431383,Banana,banana,bihar,18.219697241,18219.697241,banana,18.219697241,banana,26.85112785404081,18219.697241,255075.76137400002,222458.74137400003
Bihar,395.2,63.7,Loam,9790.86,15000,92,81,52,28.0106804,5.891413895,Banana,banana,bihar,18.219697241,18219.697241,banana,18.219697241,banana,26.85112785404081,18219.697241,273295.458615,263504.598615
Bihar,520.34,69.77,Black Soil,23488.24,45000,110,71,54,28.67208915,5.725418961,Banana,banana,bihar,18.219697241,18219.697241,banana,18.219697241,banana,26.85112785404081,18219.697241,819886.3758450001,796398.1358450002
Bihar,613.09,57.66,Loam,15392.49,38000,82,75,55,27.34585147,6.281069505,Banana,banana,bihar,18.219697241,18219.697241,banana,18.219697241,banana,26.85112785404081,18219.697241,692348.495158,676956.005158
Bihar,696.88,62.94,Black Soil,119193.02,65000,117,81,53,29.50704598,5.507641778,Banana,banana,bihar,18.219697241,18219.697241,banana,18.219697241,banana,26.85112785404081,18219.697241,1184280.3206650002,1065087.3006650002
Bihar,272.61,64.88,Sandy Loam,13597.52,55000,2,40,27,29.73770045,5.954626604,Mango,mango,bihar,8.0,,mango,,mango,,8000.0,440000.0,426402.48
Bihar,753.99,74.35,Loam,21882.31,60000,39,24,31,33.55695561,4.757114897,Mango,mango,bihar,8.0,,mango,,mango,,8000.0,480000.0,458117.69
Bihar,1315.58,51.46,Loam,18008.67,3200,21,26,27,27.00315545,5.699586972,Mango,mango,bihar,8.0,,mango,,mango,,8000.0,25600.0,7591.330000000002
Bihar,269.06,73.5,Sandy Loam,15498.49,15000,25,22,25,33.56150184,5.977413803,Mango,mango,bihar,8.0,,mango,,mango,,8000.0,120000.0,104501.51
Bihar,713.93,73.29,Black Soil,8422.71,18000,0,21,32,35.89855625,6.430139436,Mango,mango,bihar,8.0,,mango,,mango,,8000.0,144000.0,135577.29
Bihar,162.65,67.51,Black Soil,4509.7,22000,20,19,35,34.17719782,6.113935087,Mango,mango,bihar,8.0,,mango,,mango,,8000.0,176000.0,171490.3
Bihar,351.14,64.25,Clay,15426.51,16000,19,21,34,30.01592643,5.074272692,Mango,mango,bihar,8.0,,mango,,mango,,8000.0,128000.0,112573.49
Bihar,167.75,66.2,Sandy Loam,7949.98,14000,18,17,31,31.74592134,5.667507706,Mango,mango,bihar,8.0,,mango,,mango,,8000.0,112000.0,104050.02
Bihar,290.08,68.59,Black Soil,46500.93,15000,11,36,33,35.99009679,5.978634285,Mango,mango,bihar,8.0,,mango,,mango,,8000.0,120000.0,73499.07
Bihar,331.31,65.59,Sandy Loam,8718.03,45000,30,28,30,31.86641378,5.064613314,Mango,mango,bihar,8.0,,mango,,mango,,8000.0,360000.0,351281.97
Bihar,334.75,55.03,Clay,11436.97,38000,18,19,27,27.75518664,4.772385986,Mango,mango,bihar,8.0,,mango,,mango,,8000.0,304000.0,292563.03
Bihar,384.7,86.01,Sandy Loam,29023.85,65000,23,23,27,34.72413192,5.161148592,Mango,mango,bihar,8.0,,mango,,mango,,8000.0,520000.0,490976.15
Bihar,170.73,60.61,Clay,11574.89,55000,37,30,34,27.53907547,6.797779227,Mango,mango,bihar,8.0,,mango,,mango,,8000.0,440000.0,428425.11
Bihar,257.88,64.02,Black Soil,24910.76,60000,11,27,30,27.69637763,6.39474303,Mango,mango,bihar,8.0,,mango,,mango,,8000.0,480000.0,455089.24
Bihar,591.02,53.78,Sandy Loam,6286.47,3200,12,19,31,27.25373364,5.566704378,Mango,mango,bihar,8.0,,mango,,mango,,8000.0,25600.0,19313.53
Bihar,184.05,58.96,Black Soil,98605.29,15000,3,28,33,30.33723921,5.755049971,Mango,mango,bihar,8.0,,mango,,mango,,8000.0,120000.0,21394.710000000006
Bihar,1026.87,73.36,Loam,59948.73,18000,37,38,32,31.85744939,5.417340525,Mango,mango,bihar,8.0,,mango,,mango,,8000.0,144000.0,84051.26999999999
Bihar,349.52,63.8,Clay,7241.65,22000,26,37,30,35.39986338,6.166173834,Mango,mango,bihar,8.0,,mango,,mango,,8000.0,176000.0,168758.35
Bihar,396.54,69.14,Sandy Loam,26508.02,16000,14,18,30,29.80747243,5.191265116,Mango,mango,bihar,8.0,,mango,,mango,,8000.0,128000.0,101491.98
Bihar,285.17,66.66,Loam,5886.92,14000,40,16,35,34.16438906,4.954739564,Mango,mango,bihar,8.0,,mango,,mango,,8000.0,112000.0,106113.08
Bihar,327.39,64.76,Black Soil,11980.06,15000,4,20,25,28.93270187,5.664587011,Mango,mango,bihar,8.0,,mango,,mango,,8000.0,120000.0,108019.94
Bihar,463.66,88.56,Black Soil,37799.91,45000,36,25,33,27.98392787,5.548584852,Mango,mango,bihar,8.0,,mango,,mango,,8000.0,360000.0,322200.08999999997
Bihar,479.12,65.25,Sandy Loam,49367.01,38000,30,17,31,31.20478173,6.804437106,Mango,mango,bihar,8.0,,mango,,mango,,8000.0,304000.0,254632.99
Bihar,515.89,73.97,Loam,60351.84,65000,28,37,28,32.13409675,6.097869767,Mango,mango,bihar,8.0,,mango,,mango,,8000.0,520000.0,459648.16000000003
Bihar,314.1,72.19,Sandy Loam,15412.68,55000,38,15,30,28.91862016,5.075504537,Mango,mango,bihar,8.0,,mango,,mango,,8000.0,440000.0,424587.32
Bihar,543.07,74.07,Clay,54731.53,60000,12,37,30,31.09779147,4.546466109,Mango,mango,bihar,8.0,,mango,,mango,,8000.0,480000.0,425268.47
Bihar,1172.8,80.01,Loam,13585.15,3200,38,19,31,34.73823882,5.855119268,Mango,mango,bihar,8.0,,mango,,mango,,8000.0,25600.0,12014.85
Bihar,231.26,49.55,Sandy Loam,205544.61,15000,8,33,29,29.98080499,6.442393461,Mango,mango,bihar,8.0,,mango,,mango,,8000.0,120000.0,-85544.60999999999
Bihar,1262.95,75.89,Black Soil,7551.89,18000,15,27,28,33.80398664,4.507523551,Mango,mango,bihar,8.0,,mango,,mango,,8000.0,144000.0,136448.11
Bihar,448.85,60.59,Sandy Loam,40077.72,22000,34,16,25,30.07202564,6.10729559,Mango,mango,bihar,8.0,,mango,,mango,,8000.0,176000.0,135922.28
Bihar,507.43,58.67,Loam,7334.6,16000,11,36,31,27.92063282,6.47544932,Mango,mango,bihar,8.0,,mango,,mango,,8000.0,128000.0,120665.4
Bihar,311.34,76.95,Sandy Loam,10114.58,14000,33,29,34,31.40948821,6.832979509,Mango,mango,bihar,8.0,,mango,,mango,,8000.0,112000.0,101885.42
Bihar,364.92,56.63,Clay,8598.54,15000,12,31,26,35.7877738,5.395275719,Mango,mango,bihar,8.0,,mango,,mango,,8000.0,120000.0,111401.45999999999
Bihar,506.37,74.01,Clay,60320.32,45000,12,34,28,33.36140093,6.13526938,Mango,mango,bihar,8.0,,mango,,mango,,8000.0,360000.0,299679.68
Bihar,601.41,77.13,Clay,20636.02,38000,5,16,31,35.96054636,4.555688532,Mango,mango,bihar,8.0,,mango,,mango,,8000.0,304000.0,283363.98
Bihar,654.38,69.77,Sandy Loam,33471.49,65000,1,30,29,28.33333307,6.434197756,Mango,mango,bihar,8.0,,mango,,mango,,8000.0,520000.0,486528.51
Bihar,321.12,77.66,Black Soil,16349.97,55000,16,35,31,32.27652024,5.316875978,Mango,mango,bihar,8.0,,mango,,mango,,8000.0,440000.0,423650.03
Bihar,638.92,41.97,Clay,20283.38,60000,35,18,26,31.99490489,5.279388967,Mango,mango,bihar,8.0,,mango,,mango,,8000.0,480000.0,459716.62
Bihar,1146.3,80.78,Loam,40964.5,3200,4,40,26,27.58258929,6.720041791,Mango,mango,bihar,8.0,,mango,,mango,,8000.0,25600.0,-15364.5
Bihar,329.73,65.69,Black Soil,45320.02,15000,9,29,34,29.38471637,5.72742254,Mango,mango,bihar,8.0,,mango,,mango,,8000.0,120000.0,74679.98000000001
Rajasthan,1486.6,72.79,Sandy Loam,51935.36,18000,2,38,33,32.38697531,4.691396195,Mango,mango,rajasthan,8.0,,mango,,mango,,8000.0,144000.0,92064.64
Rajasthan,417.09,68.43,Loam,48668.38,22000,26,32,32,30.91471455,6.810186079,Mango,mango,rajasthan,8.0,,mango,,mango,,8000.0,176000.0,127331.62
Rajasthan,757.62,60.06,Clay,5411.97,16000,34,38,31,35.37775595,6.454045329,Mango,mango,rajasthan,8.0,,mango,,mango,,8000.0,128000.0,122588.03
Rajasthan,357.16,82.7,Clay,62065.79,14000,5,32,33,32.32362177,5.842763773,Mango,mango,rajasthan,8.0,,mango,,mango,,8000.0,112000.0,49934.21
Rajasthan,432.99,59.72,Sandy Loam,17020.03,15000,31,29,26,28.22373428,5.024124684,Mango,mango,rajasthan,8.0,,mango,,mango,,8000.0,120000.0,102979.97
Rajasthan,676.16,57.76,Black Soil,16620.49,45000,34,34,35,27.27433181,6.422710539,Mango,mango,rajasthan,8.0,,mango,,mango,,8000.0,360000.0,343379.51
Rajasthan,741.5,48.18,Clay,3812.09,38000,36,19,32,27.10710832,4.94295037,Mango,mango,rajasthan,8.0,,mango,,mango,,8000.0,304000.0,300187.91
Rajasthan,698.63,66.86,Black Soil,3237.05,65000,7,17,26,34.89226666,6.414526606,Mango,mango,rajasthan,8.0,,mango,,mango,,8000.0,520000.0,516762.95
Rajasthan,327.52,51.62,Black Soil,5067.61,55000,38,15,27,33.7462686,6.777788126,Mango,mango,rajasthan,8.0,,mango,,mango,,8000.0,440000.0,434932.39
Rajasthan,791.63,54.14,Black Soil,6493.45,60000,5,19,25,27.3511056,6.441328044,Mango,mango,rajasthan,8.0,,mango,,mango,,8000.0,480000.0,473506.55
Rajasthan,1240.46,58.31,Black Soil,11962.94,3200,37,36,26,32.89300162,4.650536197,Mango,mango,rajasthan,8.0,,mango,,mango,,8000.0,25600.0,13637.06
Rajasthan,352.65,55.27,Loam,86521.95,15000,21,31,32,35.38598705,5.254532213,Mango,mango,rajasthan,8.0,,mango,,mango,,8000.0,120000.0,33478.05
Rajasthan,1084.83,64.68,Black Soil,21559.35,18000,37,36,27,27.5529736,5.910634533,Mango,mango,rajasthan,8.0,,mango,,mango,,8000.0,144000.0,122440.65
Rajasthan,352.95,65.64,Sandy Loam,7993.58,22000,23,23,30,32.82141065,4.755273631,Mango,mango,rajasthan,8.0,,mango,,mango,,8000.0,176000.0,168006.42
Rajasthan,469.49,79.71,Loam,48620.84,16000,36,26,26,30.17294105,6.814630246,Mango,mango,rajasthan,8.0,,mango,,mango,,8000.0,128000.0,79379.16
Rajasthan,277.83,64.83,Sandy Loam,53528.67,14000,24,33,35,29.26382931,5.342866119,Mango,mango,rajasthan,8.0,,mango,,mango,,8000.0,112000.0,58471.33
Rajasthan,357.99,78.87,Clay,92176.76,15000,26,18,30,32.06097197,6.336234624,Mango,mango,rajasthan,8.0,,mango,,mango,,8000.0,120000.0,27823.240000000005
Rajasthan,410.13,80.82,Loam,33998.32,45000,22,17,26,28.69818144,4.754435025,Mango,mango,rajasthan,8.0,,mango,,mango,,8000.0,360000.0,326001.68
Rajasthan,537.48,60.84,Black Soil,35671.9,38000,11,34,32,29.14305008,6.831706773,Mango,mango,rajasthan,8.0,,mango,,mango,,8000.0,304000.0,268328.1
Rajasthan,470.96,63.39,Loam,35814.63,65000,29,35,28,28.3471611,6.967417766,Mango,mango,rajasthan,8.0,,mango,,mango,,8000.0,520000.0,484185.37
Rajasthan,283.64,61.4,Loam,28151.96,55000,22,28,26,27.67256197,4.947683034,Mango,mango,rajasthan,8.0,,mango,,mango,,8000.0,440000.0,411848.04
Rajasthan,346.28,84.01,Black Soil,10014.93,60000,23,24,32,28.1218093,5.630619901,Mango,mango,rajasthan,8.0,,mango,,mango,,8000.0,480000.0,469985.07
Rajasthan,1004.65,57.94,Sandy Loam,37545.39,3200,1,35,34,30.79375683,6.27339822,Mango,mango,rajasthan,8.0,,mango,,mango,,8000.0,25600.0,-11945.39
Rajasthan,259.8,55.25,Clay,20196.14,15000,2,24,34,28.89409382,6.472774648,Mango,mango,rajasthan,8.0,,mango,,mango,,8000.0,120000.0,99803.86
Rajasthan,1271.86,72.42,Black Soil,61311.86,18000,39,37,25,33.33024826,6.953246506,Mango,mango,rajasthan,8.0,,mango,,mango,,8000.0,144000.0,82688.14
Rajasthan,420.4,62.53,Black Soil,44577.41,22000,15,36,27,27.78912455,5.643710216,Mango,mango,rajasthan,8.0,,mango,,mango,,8000.0,176000.0,131422.59
Rajasthan,842.77,64.37,Black Soil,17177.77,16000,3,18,31,31.65333432,6.392313973,Mango,mango,rajasthan,8.0,,mango,,mango,,8000.0,128000.0,110822.23
Rajasthan,336.64,67.04,Loam,4298.26,14000,8,38,32,29.75150773,4.981816523,Mango,mango,rajasthan,8.0,,mango,,mango,,8000.0,112000.0,107701.74
Rajasthan,727.67,53.01,Clay,9600.64,15000,33,31,34,31.32995611,5.421265283,Mango,mango,rajasthan,8.0,,mango,,mango,,8000.0,120000.0,110399.36
Rajasthan,626.45,58.27,Sandy Loam,43958.18,45000,14,29,32,35.63627319,6.942520105,Mango,mango,rajasthan,8.0,,mango,,mango,,8000.0,360000.0,316041.82
Rajasthan,865.57,56.8,Clay,39367.89,38000,18,20,26,31.66524687,5.435840509,Mango,mango,rajasthan,8.0,,mango,,mango,,8000.0,304000.0,264632.11
Rajasthan,768.53,80.83,Black Soil,6048.43,65000,9,21,32,32.26935342,5.870116071,Mango,mango,rajasthan,8.0,,mango,,mango,,8000.0,520000.0,513951.57
Rajasthan,461.34,55.96,Clay,12024.21,55000,20,30,27,27.81005614,4.74910393,Mango,mango,rajasthan,8.0,,mango,,mango,,8000.0,440000.0,427975.79
Rajasthan,962.57,51.57,Clay,34776.26,60000,9,38,25,34.58561471,5.497946899,Mango,mango,rajasthan,8.0,,mango,,mango,,8000.0,480000.0,445223.74
Rajasthan,1630.98,60.38,Loam,17601.71,3200,26,24,34,31.27180992,6.811291098,Mango,mango,rajasthan,8.0,,mango,,mango,,8000.0,25600.0,7998.290000000001
Rajasthan,434.23,50.07,Black Soil,27243.38,15000,31,36,29,33.93679864,6.460542749,Mango,mango,rajasthan,8.0,,mango,,mango,,8000.0,120000.0,92756.62
Rajasthan,866.94,60.77,Black Soil,7147.03,18000,14,18,35,31.09154239,4.791146778,Mango,mango,rajasthan,8.0,,mango,,mango,,8000.0,144000.0,136852.97
Rajasthan,220.58,49.5,Black Soil,7801.57,22000,40,16,35,31.89356292,6.4841522,Mango,mango,rajasthan,8.0,,mango,,mango,,8000.0,176000.0,168198.43
Rajasthan,475.16,55.82,Clay,62984.54,16000,28,27,34,32.45465292,6.526654345,Mango,mango,rajasthan,8.0,,mango,,mango,,8000.0,128000.0,65015.46
Rajasthan,253.92,61.34,Sandy Loam,3167.0,14000,0,17,30,35.47478322,6.279133738,Mango,mango,rajasthan,8.0,,mango,,mango,,8000.0,112000.0,108833.0
Rajasthan,323.74,60.58,Sandy Loam,27444.49,15000,1,29,29,27.32961444,6.052026047,Mango,mango,rajasthan,8.0,,mango,,mango,,8000.0,120000.0,92555.51
Rajasthan,424.89,70.75,Loam,145483.84,45000,2,36,31,30.90225239,5.73171945,Mango,mango,rajasthan,8.0,,mango,,mango,,8000.0,360000.0,214516.16
Rajasthan,553.81,57.18,Black Soil,10947.53,38000,12,27,26,29.09382275,5.32307197,Mango,mango,rajasthan,8.0,,mango,,mango,,8000.0,304000.0,293052.47
Rajasthan,431.29,63.28,Loam,9678.37,65000,7,28,35,30.02086169,4.66910839,Mango,mango,rajasthan,8.0,,mango,,mango,,8000.0,520000.0,510321.63
Rajasthan,234.75,66.63,Clay,9514.46,55000,0,36,26,34.13072188,5.101206389,Mango,mango,rajasthan,8.0,,mango,,mango,,8000.0,440000.0,430485.54
Rajasthan,346.91,71.95,Loam,54645.7,60000,26,35,31,33.44619894,5.339556562,Mango,mango,rajasthan,8.0,,mango,,mango,,8000.0,480000.0,425354.3
Rajasthan,831.31,62.9,Loam,8973.26,3200,27,21,30,35.3915464,5.061081874,Mango,mango,rajasthan,8.0,,mango,,mango,,8000.0,25600.0,16626.739999999998
Rajasthan,239.83,71.66,Loam,51617.31,15000,22,38,31,31.53356352,5.821106036,Mango,mango,rajasthan,8.0,,mango,,mango,,8000.0,120000.0,68382.69
Rajasthan,1235.88,66.3,Loam,34337.49,18000,22,18,31,30.7645515,5.956027059,Mango,mango,rajasthan,8.0,,mango,,mango,,8000.0,144000.0,109662.51000000001
Rajasthan,427.88,69.14,Black Soil,14902.88,22000,28,23,28,30.01821337,5.676032581,Mango,mango,rajasthan,8.0,,mango,,mango,,8000.0,176000.0,161097.12
Rajasthan,653.52,67.48,Clay,26990.63,16000,7,31,27,31.32863689,6.524114355,Mango,mango,rajasthan,8.0,,mango,,mango,,8000.0,128000.0,101009.37
Rajasthan,243.2,53.06,Clay,24687.24,14000,29,34,26,33.88004781,6.273953676,Mango,mango,rajasthan,8.0,,mango,,mango,,8000.0,112000.0,87312.76
Rajasthan,547.39,58.73,Sandy Loam,15344.48,15000,8,37,33,28.07802689,6.128167757,Mango,mango,rajasthan,8.0,,mango,,mango,,8000.0,120000.0,104655.52
Rajasthan,595.48,66.83,Sandy Loam,55389.41,45000,39,16,27,35.53845018,4.934964765,Mango,mango,rajasthan,8.0,,mango,,mango,,8000.0,360000.0,304610.58999999997
Rajasthan,442.17,41.45,Sandy Loam,13993.18,38000,40,24,25,28.70595247,5.445008416,Mango,mango,rajasthan,8.0,,mango,,mango,,8000.0,304000.0,290006.82
Rajasthan,772.38,51.81,Sandy Loam,10563.91,65000,19,38,26,31.48451729,4.525722333,Mango,mango,rajasthan,8.0,,mango,,mango,,8000.0,520000.0,509436.09
Rajasthan,390.11,70.52,Clay,12938.89,55000,21,21,30,27.69819273,5.403908328,Mango,mango,rajasthan,8.0,,mango,,mango,,8000.0,440000.0,427061.11
Rajasthan,884.34,61.78,Sandy Loam,9800.47,60000,22,18,33,30.41235793,6.621623545,Mango,mango,rajasthan,8.0,,mango,,mango,,8000.0,480000.0,470199.53
Rajasthan,1205.14,82.94,Loam,46455.97,3200,31,20,30,32.17752026,6.207495815,Mango,mango,rajasthan,8.0,,mango,,mango,,8000.0,25600.0,-20855.97
Rajasthan,363.24,73.24,Clay,13183.78,15000,18,26,31,32.6112614,5.418475257,Mango,mango,rajasthan,8.0,,mango,,mango,,8000.0,120000.0,106816.22
Karnataka,1040.25,67.22,Black Soil,4890.57,18000,24,130,195,29.99677232,6.112305667,Grapes,grapes,karnataka,10.0,,grapes,,grapes,,10000.0,180000.0,175109.43
Karnataka,275.69,74.6,Black Soil,3872.18,22000,13,144,204,30.7280404,6.092241627,Grapes,grapes,karnataka,10.0,,grapes,,grapes,,10000.0,220000.0,216127.82
Karnataka,489.91,61.9,Sandy Loam,4302.6,16000,22,123,205,32.44577836,5.896343436,Grapes,grapes,karnataka,10.0,,grapes,,grapes,,10000.0,160000.0,155697.4
Karnataka,231.49,62.91,Black Soil,8784.6,14000,36,125,196,37.46566825,6.15526103,Grapes,grapes,karnataka,10.0,,grapes,,grapes,,10000.0,140000.0,131215.4
Karnataka,439.51,75.92,Sandy Loam,10947.18,15000,24,131,196,22.03296178,5.732453638,Grapes,grapes,karnataka,10.0,,grapes,,grapes,,10000.0,150000.0,139052.82
Karnataka,519.5,66.56,Black Soil,10832.95,45000,2,123,198,39.64851881,6.253034534,Grapes,grapes,karnataka,10.0,,grapes,,grapes,,10000.0,450000.0,439167.05
Karnataka,641.66,63.39,Clay,22289.67,38000,35,140,197,16.77557314,6.106190557,Grapes,grapes,karnataka,10.0,,grapes,,grapes,,10000.0,380000.0,357710.33
Karnataka,602.04,57.34,Black Soil,12399.09,65000,11,122,195,12.14190714,5.647202395,Grapes,grapes,karnataka,10.0,,grapes,,grapes,,10000.0,650000.0,637600.91
Karnataka,244.95,45.13,Black Soil,75150.5,55000,6,123,203,12.7567962,6.130310493,Grapes,grapes,karnataka,10.0,,grapes,,grapes,,10000.0,550000.0,474849.5
Karnataka,627.74,68.23,Clay,7082.11,60000,17,134,204,39.04071989,6.499604931,Grapes,grapes,karnataka,10.0,,grapes,,grapes,,10000.0,600000.0,592917.89
Karnataka,1166.8,73.45,Clay,14807.38,3200,25,130,197,39.70772192,5.554831977,Grapes,grapes,karnataka,10.0,,grapes,,grapes,,10000.0,32000.0,17192.620000000003
Karnataka,277.64,69.64,Loam,11533.31,15000,27,145,205,9.467960445,5.800242694,Grapes,grapes,karnataka,10.0,,grapes,,grapes,,10000.0,150000.0,138466.69
Karnataka,724.5,51.1,Black Soil,107194.53,18000,9,122,201,29.58748357,5.570290539,Grapes,grapes,karnataka,10.0,,grapes,,grapes,,10000.0,180000.0,72805.47
Karnataka,212.19,50.32,Clay,15511.34,22000,16,139,203,17.82803682,6.27564088,Grapes,grapes,karnataka,10.0,,grapes,,grapes,,10000.0,220000.0,204488.66
Karnataka,333.7,68.97,Clay,29313.17,16000,32,141,204,8.825674745,5.536645599,Grapes,grapes,karnataka,10.0,,grapes,,grapes,,10000.0,160000.0,130686.83
Karnataka,207.62,64.98,Clay,13392.06,14000,22,138,195,27.83487131,6.208196881,Grapes,grapes,karnataka,10.0,,grapes,,grapes,,10000.0,140000.0,126607.94
Karnataka,343.53,48.83,Loam,22562.71,15000,31,144,202,11.02105378,5.870600622,Grapes,grapes,karnataka,10.0,,grapes,,grapes,,10000.0,150000.0,127437.29000000001
Karnataka,300.4,58.43,Sandy Loam,31908.82,45000,3,136,205,17.5862944,6.334771461,Grapes,grapes,karnataka,10.0,,grapes,,grapes,,10000.0,450000.0,418091.18
Karnataka,399.52,70.53,Clay,27397.36,38000,28,122,197,19.89363946,5.856575335,Grapes,grapes,karnataka,10.0,,grapes,,grapes,,10000.0,380000.0,352602.64
Karnataka,345.39,63.14,Sandy Loam,4876.01,65000,4,136,204,29.93707596,5.898944282,Grapes,grapes,karnataka,10.0,,grapes,,grapes,,10000.0,650000.0,645123.99
Karnataka,157.93,81.61,Loam,98822.69,55000,39,145,201,36.73126647,5.775600435,Grapes,grapes,karnataka,10.0,,grapes,,grapes,,10000.0,550000.0,451177.31
Karnataka,473.42,63.22,Clay,21505.62,60000,38,132,197,20.42094753,5.931101816,Grapes,grapes,karnataka,10.0,,grapes,,grapes,,10000.0,600000.0,578494.38
Karnataka,886.63,75.89,Clay,12324.26,3200,36,133,198,25.51939719,6.2286454,Grapes,grapes,karnataka,10.0,,grapes,,grapes,,10000.0,32000.0,19675.739999999998
Karnataka,192.39,74.96,Clay,10461.62,15000,25,121,201,30.50734778,5.594240603,Grapes,grapes,karnataka,10.0,,grapes,,grapes,,10000.0,150000.0,139538.38
Karnataka,1474.58,70.36,Sandy Loam,36687.73,18000,15,125,199,18.4269936,5.569230319,Grapes,grapes,karnataka,10.0,,grapes,,grapes,,10000.0,180000.0,143312.27
Karnataka,383.63,75.15,Clay,24549.44,22000,24,140,205,12.087022,5.93202852,Grapes,grapes,karnataka,10.0,,grapes,,grapes,,10000.0,220000.0,195450.56
Karnataka,774.12,59.93,Loam,21042.52,16000,13,132,203,23.60115364,6.423216506,Grapes,grapes,karnataka,10.0,,grapes,,grapes,,10000.0,160000.0,138957.48
Karnataka,418.37,74.39,Black Soil,77754.17,14000,5,126,197,12.80000387,6.417500829,Grapes,grapes,karnataka,10.0,,grapes,,grapes,,10000.0,140000.0,62245.83
Karnataka,550.37,50.18,Clay,60501.75,15000,30,120,200,38.06099482,6.234904253,Grapes,grapes,karnataka,10.0,,grapes,,grapes,,10000.0,150000.0,89498.25
Karnataka,709.1,70.45,Clay,173124.12,45000,23,142,197,39.06555518,6.000573725,Grapes,grapes,karnataka,10.0,,grapes,,grapes,,10000.0,450000.0,276875.88
Karnataka,734.69,70.65,Sandy Loam,9519.21,38000,26,135,203,33.78372897,5.685102769,Grapes,grapes,karnataka,10.0,,grapes,,grapes,,10000.0,380000.0,370480.79
Karnataka,786.76,75.31,Black Soil,11627.81,65000,7,126,203,16.76201707,5.662140095,Grapes,grapes,karnataka,10.0,,grapes,,grapes,,10000.0,650000.0,638372.19
Karnataka,423.28,60.59,Sandy Loam,56191.07,55000,32,139,198,35.89307536,6.358186848,Grapes,grapes,karnataka,10.0,,grapes,,grapes,,10000.0,550000.0,493808.93
Karnataka,846.17,65.11,Sandy Loam,13371.23,60000,9,141,202,21.01245395,6.119495295,Grapes,grapes,karnataka,10.0,,grapes,,grapes,,10000.0,600000.0,586628.77
Karnataka,1135.34,59.05,Black Soil,5013.08,3200,20,142,196,10.89875873,6.207600783,Grapes,grapes,karnataka,10.0,,grapes,,grapes,,10000.0,32000.0,26986.92
Karnataka,347.85,61.97,Loam,36216.55,15000,32,129,201,16.36251869,6.48754639,Grapes,grapes,karnataka,10.0,,grapes,,grapes,,10000.0,150000.0,113783.45
Karnataka,1144.7,59.02,Black Soil,59638.18,18000,3,134,199,20.28370163,5.81717753,Grapes,grapes,karnataka,10.0,,grapes,,grapes,,10000.0,180000.0,120361.82
Karnataka,412.4,72.71,Clay,97956.58,22000,38,138,204,25.11108456,6.325480034,Grapes,grapes,karnataka,10.0,,grapes,,grapes,,10000.0,220000.0,122043.42
Karnataka,420.83,59.87,Sandy Loam,7431.98,16000,14,131,198,33.4641162,5.562790949,Grapes,grapes,karnataka,10.0,,grapes,,grapes,,10000.0,160000.0,152568.02
Karnataka,285.89,49.56,Loam,73783.56,14000,20,122,204,11.7976469,6.487369687,Grapes,grapes,karnataka,10.0,,grapes,,grapes,,10000.0,140000.0,66216.44
Karnataka,456.76,65.82,Clay,81195.67,15000,40,126,201,11.36300891,6.116982944,Grapes,grapes,karnataka,10.0,,grapes,,grapes,,10000.0,150000.0,68804.33
Karnataka,373.33,69.06,Clay,4347.1,45000,36,128,204,25.23542319,5.695792761,Grapes,grapes,karnataka,10.0,,grapes,,grapes,,10000.0,450000.0,445652.9
Karnataka,643.37,57.15,Sandy Loam,37871.17,38000,11,132,197,15.99050693,5.734317007,Grapes,grapes,karnataka,10.0,,grapes,,grapes,,10000.0,380000.0,342128.83
Karnataka,662.26,76.85,Black Soil,21800.67,65000,0,137,195,22.4359017,6.329499832,Grapes,grapes,karnataka,10.0,,grapes,,grapes,,10000.0,650000.0,628199.33
Karnataka,348.29,55.9,Clay,23887.42,55000,19,123,200,34.76086052,6.167013532,Grapes,grapes,karnataka,10.0,,grapes,,grapes,,10000.0,550000.0,526112.58
Karnataka,644.99,74.14,Sandy Loam,8789.21,60000,31,136,197,31.11047251,5.653776058,Grapes,grapes,karnataka,10.0,,grapes,,grapes,,10000.0,600000.0,591210.79
Karnataka,1064.17,80.44,Black Soil,24517.76,3200,4,134,200,28.57828803,5.840256272,Grapes,grapes,karnataka,10.0,,grapes,,grapes,,10000.0,32000.0,7482.240000000002
Karnataka,364.4,57.39,Clay,58891.53,15000,39,139,201,41.18664903,5.539980812,Grapes,grapes,karnataka,10.0,,grapes,,grapes,,10000.0,150000.0,91108.47
Karnataka,1212.97,62.38,Sandy Loam,6707.3,18000,8,127,196,27.02766138,5.833302165,Grapes,grapes,karnataka,10.0,,grapes,,grapes,,10000.0,180000.0,173292.7
Karnataka,370.84,55.07,Black Soil,3907.16,22000,39,138,203,21.19339319,6.399433771,Grapes,grapes,karnataka,10.0,,grapes,,grapes,,10000.0,220000.0,216092.84
Karnataka,593.63,76.81,Black Soil,11084.46,16000,32,120,204,10.38004759,6.138958698,Grapes,grapes,karnataka,10.0,,grapes,,grapes,,10000.0,160000.0,148915.54
Karnataka,301.52,76.13,Clay,47226.35,14000,12,142,203,31.3115978,5.972850838,Grapes,grapes,karnataka,10.0,,grapes,,grapes,,10000.0,140000.0,92773.65
Karnataka,441.09,63.11,Sandy Loam,21951.42,15000,8,133,195,20.46657776,6.456079585,Grapes,grapes,karnataka,10.0,,grapes,,grapes,,10000.0,150000.0,128048.58
Karnataka,633.85,54.27,Clay,29466.55,45000,8,139,199,29.36947679,6.336426667,Grapes,grapes,karnataka,10.0,,grapes,,grapes,,10000.0,450000.0,420533.45
Karnataka,584.21,53.18,Black Soil,4059.46,38000,21,134,202,10.72302459,6.425419926,Grapes,grapes,karnataka,10.0,,grapes,,grapes,,10000.0,380000.0,375940.54
Karnataka,625.11,53.6,Loam,19654.01,65000,40,140,195,14.97846952,6.294395676,Grapes,grapes,karnataka,10.0,,grapes,,grapes,,10000.0,650000.0,630345.99
Karnataka,357.27,70.85,Loam,27287.36,55000,39,127,202,15.3246651,6.477768039,Grapes,grapes,karnataka,10.0,,grapes,,grapes,,10000.0,550000.0,522712.64
Karnataka,829.93,67.18,Loam,13771.4,60000,19,120,195,18.73932187,5.931538447,Grapes,grapes,karnataka,10.0,,grapes,,grapes,,10000.0,600000.0,586228.6
Karnataka,1361.13,65.13,Black Soil,8009.45,3200,21,139,201,19.3642553,5.980598579,Grapes,grapes,karnataka,10.0,,grapes,,grapes,,10000.0,32000.0,23990.55
Karnataka,367.38,64.66,Clay,12556.52,15000,17,136,195,41.20733624,6.389783283,Grapes,grapes,karnataka,10.0,,grapes,,grapes,,10000.0,150000.0,137443.48
Maharashtra,1162.38,62.04,Clay,14727.11,18000,33,139,203,33.34214482,5.693287415,Grapes,grapes,maharashtra,10.0,,grapes,,grapes,,10000.0,180000.0,165272.89
Maharashtra,382.08,53.74,Clay,6451.64,22000,22,133,201,23.81995682,6.00299607,Grapes,grapes,maharashtra,10.0,,grapes,,grapes,,10000.0,220000.0,213548.36
Maharashtra,609.63,54.68,Black Soil,14097.86,16000,32,130,196,40.66012294,6.372959542,Grapes,grapes,maharashtra,10.0,,grapes,,grapes,,10000.0,160000.0,145902.14
Maharashtra,296.71,73.85,Loam,5933.98,14000,37,135,205,11.82768186,5.510924849,Grapes,grapes,maharashtra,10.0,,grapes,,grapes,,10000.0,140000.0,134066.02
Maharashtra,585.16,64.08,Black Soil,10844.37,15000,15,140,195,13.28504331,5.69945282,Grapes,grapes,maharashtra,10.0,,grapes,,grapes,,10000.0,150000.0,139155.63
Maharashtra,563.55,53.63,Black Soil,12916.69,45000,39,132,196,35.83089092,5.778594403,Grapes,grapes,maharashtra,10.0,,grapes,,grapes,,10000.0,450000.0,437083.31
Maharashtra,605.22,70.69,Loam,12341.75,38000,40,121,199,26.18159716,6.315586313,Grapes,grapes,maharashtra,10.0,,grapes,,grapes,,10000.0,380000.0,367658.25
Maharashtra,773.16,56.19,Black Soil,32587.93,65000,40,132,202,24.57558351,5.971813006,Grapes,grapes,maharashtra,10.0,,grapes,,grapes,,10000.0,650000.0,617412.07
Maharashtra,360.09,60.19,Loam,51130.7,55000,29,142,203,29.67229086,5.891195653,Grapes,grapes,maharashtra,10.0,,grapes,,grapes,,10000.0,550000.0,498869.3
Maharashtra,902.39,54.2,Sandy Loam,125003.53,60000,32,121,199,39.37102553,6.129812716,Grapes,grapes,maharashtra,10.0,,grapes,,grapes,,10000.0,600000.0,474996.47
Maharashtra,1238.23,72.93,Sandy Loam,44031.76,3200,6,140,205,17.66558428,6.313085601,Grapes,grapes,maharashtra,10.0,,grapes,,grapes,,10000.0,32000.0,-12031.760000000002
Maharashtra,348.6,65.77,Black Soil,54783.22,15000,8,120,196,24.06679352,6.053662544,Grapes,grapes,maharashtra,10.0,,grapes,,grapes,,10000.0,150000.0,95216.78
Maharashtra,1224.12,73.91,Loam,31839.19,18000,34,133,202,15.31413469,5.804799142,Grapes,grapes,maharashtra,10.0,,grapes,,grapes,,10000.0,180000.0,148160.81
Maharashtra,444.83,71.15,Clay,10698.58,22000,35,135,199,21.77466746,6.400719746,Grapes,grapes,maharashtra,10.0,,grapes,,grapes,,10000.0,220000.0,209301.42
Maharashtra,757.98,81.51,Clay,11114.8,16000,16,145,199,26.91624843,5.953966361,Grapes,grapes,maharashtra,10.0,,grapes,,grapes,,10000.0,160000.0,148885.2
Maharashtra,363.8,67.17,Sandy Loam,183919.04,14000,8,136,201,41.65602996,5.609255992,Grapes,grapes,maharashtra,10.0,,grapes,,grapes,,10000.0,140000.0,-43919.04000000001
Maharashtra,427.46,81.13,Sandy Loam,10342.72,15000,25,129,195,17.98667801,5.777271492,Grapes,grapes,maharashtra,10.0,,grapes,,grapes,,10000.0,150000.0,139657.28
Maharashtra,614.88,45.16,Loam,34501.32,45000,16,130,201,29.12033769,5.682395429,Grapes,grapes,maharashtra,10.0,,grapes,,grapes,,10000.0,450000.0,415498.68
Maharashtra,721.03,54.88,Black Soil,41710.35,38000,39,129,203,34.38922481,5.863996687,Grapes,grapes,maharashtra,10.0,,grapes,,grapes,,10000.0,380000.0,338289.65
Maharashtra,626.88,58.32,Clay,16644.71,65000,38,135,203,41.36106301,6.444373116,Grapes,grapes,maharashtra,10.0,,grapes,,grapes,,10000.0,650000.0,633355.29
Maharashtra,298.12,63.02,Clay,14620.65,55000,33,120,205,35.12158265,5.550832178,Grapes,grapes,maharashtra,10.0,,grapes,,grapes,,10000.0,550000.0,535379.35
Maharashtra,741.77,54.83,Loam,49872.53,60000,35,125,204,19.6491772,6.107741788,Grapes,grapes,maharashtra,10.0,,grapes,,grapes,,10000.0,600000.0,550127.47
Maharashtra,1172.33,73.7,Loam,19682.58,3200,1,132,200,16.27852801,5.620745638,Grapes,grapes,maharashtra,10.0,,grapes,,grapes,,10000.0,32000.0,12317.419999999998
Maharashtra,393.11,72.6,Black Soil,13341.87,15000,39,140,203,21.11903604,6.349875906,Grapes,grapes,maharashtra,10.0,,grapes,,grapes,,10000.0,150000.0,136658.13
Maharashtra,810.37,72.03,Black Soil,21028.0,18000,28,145,202,19.2077707,6.484323189,Grapes,grapes,maharashtra,10.0,,grapes,,grapes,,10000.0,180000.0,158972.0
Maharashtra,291.48,53.85,Black Soil,59283.66,22000,6,128,200,25.96308415,5.838748311,Grapes,grapes,maharashtra,10.0,,grapes,,grapes,,10000.0,220000.0,160716.34
Maharashtra,505.04,75.95,Loam,56197.65,16000,6,139,199,25.67385024,6.29099842,Grapes,grapes,maharashtra,10.0,,grapes,,grapes,,10000.0,160000.0,103802.35
Maharashtra,282.08,62.77,Clay,37548.14,14000,29,122,196,41.94865736,5.638328481,Grapes,grapes,maharashtra,10.0,,grapes,,grapes,,10000.0,140000.0,102451.86
Maharashtra,415.78,68.93,Black Soil,21615.35,15000,37,144,197,11.18994268,6.415555956,Grapes,grapes,maharashtra,10.0,,grapes,,grapes,,10000.0,150000.0,128384.65
Maharashtra,487.3,62.49,Sandy Loam,6337.51,45000,38,120,197,17.5438296,6.323722572,Grapes,grapes,maharashtra,10.0,,grapes,,grapes,,10000.0,450000.0,443662.49
Maharashtra,472.56,70.27,Loam,6362.56,38000,38,141,198,13.05809741,5.757009965,Grapes,grapes,maharashtra,10.0,,grapes,,grapes,,10000.0,380000.0,373637.44
Maharashtra,521.43,66.93,Loam,12503.62,65000,14,121,203,9.724457611,6.158689406,Grapes,grapes,maharashtra,10.0,,grapes,,grapes,,10000.0,650000.0,637496.38
Maharashtra,295.55,67.35,Clay,32377.87,55000,6,125,204,27.92004934,5.733539807,Grapes,grapes,maharashtra,10.0,,grapes,,grapes,,10000.0,550000.0,517622.13
Maharashtra,737.32,85.47,Black Soil,6854.26,60000,32,138,197,9.535585543,5.908724337,Grapes,grapes,maharashtra,10.0,,grapes,,grapes,,10000.0,600000.0,593145.74
Maharashtra,1092.42,66.72,Loam,6788.64,3200,11,124,204,13.42988625,6.361141107,Grapes,grapes,maharashtra,10.0,,grapes,,grapes,,10000.0,32000.0,25211.36
Maharashtra,298.27,72.61,Sandy Loam,104219.96,15000,23,138,200,9.851242629,5.96537863,Grapes,grapes,maharashtra,10.0,,grapes,,grapes,,10000.0,150000.0,45780.03999999999
Maharashtra,1517.54,61.81,Loam,78348.8,18000,40,143,201,24.97256132,6.476757723,Grapes,grapes,maharashtra,10.0,,grapes,,grapes,,10000.0,180000.0,101651.2
Maharashtra,486.57,60.91,Sandy Loam,19181.9,22000,6,142,202,27.23708304,6.224542938,Grapes,grapes,maharashtra,10.0,,grapes,,grapes,,10000.0,220000.0,200818.1
Maharashtra,1021.83,78.19,Clay,52852.36,16000,37,124,195,18.70679077,6.209928251,Grapes,grapes,maharashtra,10.0,,grapes,,grapes,,10000.0,160000.0,107147.64
Maharashtra,459.87,61.46,Clay,51180.84,14000,35,134,204,9.949929082,5.841138354,Grapes,grapes,maharashtra,10.0,,grapes,,grapes,,10000.0,140000.0,88819.16
Maharashtra,568.09,76.65,Black Soil,17370.09,15000,119,25,51,26.47330219,6.283818329,Watermelon,watermelon,maharashtra,25.0,,watermelon,,watermelon,,25000.0,375000.0,357629.91
Maharashtra,639.7,61.9,Sandy Loam,9804.01,45000,119,19,55,25.18780042,6.818261383,Watermelon,watermelon,maharashtra,25.0,,watermelon,,watermelon,,25000.0,1125000.0,1115195.99
Maharashtra,816.82,73.01,Clay,50988.16,38000,105,30,50,25.29954705,6.37620108,Watermelon,watermelon,maharashtra,25.0,,watermelon,,watermelon,,25000.0,950000.0,899011.84
Maharashtra,737.9,48.62,Black Soil,18174.81,65000,114,8,50,24.74631269,6.581587932,Watermelon,watermelon,maharashtra,25.0,,watermelon,,watermelon,,25000.0,1625000.0,1606825.19
Maharashtra,547.48,54.5,Sandy Loam,83525.97,55000,93,22,52,26.58740671,6.932739726,Watermelon,watermelon,maharashtra,25.0,,watermelon,,watermelon,,25000.0,1375000.0,1291474.03
Maharashtra,875.87,68.29,Clay,7768.77,60000,80,26,55,24.53442564,6.140099215,Watermelon,watermelon,maharashtra,25.0,,watermelon,,watermelon,,25000.0,1500000.0,1492231.23
Maharashtra,1828.12,73.11,Loam,6200.84,3200,85,27,45,26.0713757,6.467095849,Watermelon,watermelon,maharashtra,25.0,,watermelon,,watermelon,,25000.0,80000.0,73799.16
Maharashtra,429.95,44.36,Sandy Loam,28739.84,15000,85,22,53,25.96534238,6.849471704,Watermelon,watermelon,maharashtra,25.0,,watermelon,,watermelon,,25000.0,375000.0,346260.16
Maharashtra,846.43,60.38,Loam,4174.16,18000,82,22,45,26.22338015,6.512196212,Watermelon,watermelon,maharashtra,25.0,,watermelon,,watermelon,,25000.0,450000.0,445825.84
Maharashtra,331.45,78.36,Clay,8273.73,22000,118,13,54,24.41311871,6.039584629,Watermelon,watermelon,maharashtra,25.0,,watermelon,,watermelon,,25000.0,550000.0,541726.27
Maharashtra,592.86,59.09,Sandy Loam,54615.38,16000,83,25,53,26.49195283,6.057697106,Watermelon,watermelon,maharashtra,25.0,,watermelon,,watermelon,,25000.0,400000.0,345384.62
Maharashtra,254.6,65.51,Black Soil,18884.99,14000,86,15,47,24.04355803,6.423898762,Watermelon,watermelon,maharashtra,25.0,,watermelon,,watermelon,,25000.0,350000.0,331115.01
Maharashtra,464.24,67.82,Loam,41751.29,15000,101,10,47,25.5421695,6.936997681,Watermelon,watermelon,maharashtra,25.0,,watermelon,,watermelon,,25000.0,375000.0,333248.71
Maharashtra,482.89,75.62,Sandy Loam,5191.56,45000,119,9,50,26.74550678,6.251286661,Watermelon,watermelon,maharashtra,25.0,,watermelon,,watermelon,,25000.0,1125000.0,1119808.44
Maharashtra,535.48,73.04,Black Soil,97237.33,38000,104,17,46,25.7131428,6.190015912,Watermelon,watermelon,maharashtra,25.0,,watermelon,,watermelon,,25000.0,950000.0,852762.67
Maharashtra,589.88,48.64,Sandy Loam,25404.13,65000,95,12,51,25.76484262,6.681606702,Watermelon,watermelon,maharashtra,25.0,,watermelon,,watermelon,,25000.0,1625000.0,1599595.87
Maharashtra,250.55,57.65,Black Soil,9105.62,55000,102,14,52,26.79489868,6.51075991,Watermelon,watermelon,maharashtra,25.0,,watermelon,,watermelon,,25000.0,1375000.0,1365894.38
Maharashtra,526.31,62.49,Clay,17755.76,60000,109,21,55,24.9004602,6.770278088,Watermelon,watermelon,maharashtra,25.0,,watermelon,,watermelon,,25000.0,1500000.0,1482244.24
Maharashtra,949.31,59.54,Black Soil,68348.55,3200,81,18,50,26.80750629,6.429788073,Watermelon,watermelon,maharashtra,25.0,,watermelon,,watermelon,,25000.0,80000.0,11651.449999999997
Maharashtra,317.97,59.54,Sandy Loam,23352.93,15000,103,17,51,25.11189154,6.209888345,Watermelon,watermelon,maharashtra,25.0,,watermelon,,watermelon,,25000.0,375000.0,351647.07
UttarPradesh,857.45,77.34,Loam,14477.39,18000,105,14,50,26.2148837,6.419052193,Watermelon,watermelon,uttarpradesh,25.0,,watermelon,,watermelon,,25000.0,450000.0,435522.61
UttarPradesh,372.09,73.36,Sandy Loam,55727.45,22000,97,8,52,24.9103226,6.237861736,Watermelon,watermelon,uttarpradesh,25.0,,watermelon,,watermelon,,25000.0,550000.0,494272.55
UttarPradesh,440.38,83.65,Black Soil,21125.04,16000,120,19,49,25.79448878,6.762471629,Watermelon,watermelon,uttarpradesh,25.0,,watermelon,,watermelon,,25000.0,400000.0,378874.96
UttarPradesh,303.37,74.95,Clay,5172.93,14000,95,16,55,25.26931156,6.612847999,Watermelon,watermelon,uttarpradesh,25.0,,watermelon,,watermelon,,25000.0,350000.0,344827.07
UttarPradesh,342.91,74.83,Black Soil,41519.11,15000,83,29,52,25.76402693,6.704688865,Watermelon,watermelon,uttarpradesh,25.0,,watermelon,,watermelon,,25000.0,375000.0,333480.89
UttarPradesh,387.16,52.77,Sandy Loam,45207.62,45000,83,9,45,25.85483596,6.049609892,Watermelon,watermelon,uttarpradesh,25.0,,watermelon,,watermelon,,25000.0,1125000.0,1079792.38
UttarPradesh,615.95,63.65,Loam,5842.13,38000,91,21,50,24.33528185,6.762030215,Watermelon,watermelon,uttarpradesh,25.0,,watermelon,,watermelon,,25000.0,950000.0,944157.87
UttarPradesh,536.28,59.6,Sandy Loam,19139.87,65000,116,5,54,25.37601283,6.65398725,Watermelon,watermelon,uttarpradesh,25.0,,watermelon,,watermelon,,25000.0,1625000.0,1605860.13
UttarPradesh,257.73,64.63,Sandy Loam,4986.33,55000,112,28,54,24.86094646,6.738030547,Watermelon,watermelon,uttarpradesh,25.0,,watermelon,,watermelon,,25000.0,1375000.0,1370013.67
UttarPradesh,693.59,62.25,Loam,28852.48,60000,88,29,51,24.71885473,6.095689937,Watermelon,watermelon,uttarpradesh,25.0,,watermelon,,watermelon,,25000.0,1500000.0,1471147.52
UttarPradesh,976.19,70.66,Loam,72069.71,3200,118,15,45,24.21495706,6.538006356,Watermelon,watermelon,uttarpradesh,25.0,,watermelon,,watermelon,,25000.0,80000.0,7930.289999999994
UttarPradesh,262.1,59.67,Black Soil,19925.26,15000,92,21,48,25.81692236,6.377427122,Watermelon,watermelon,uttarpradesh,25.0,,watermelon,,watermelon,,25000.0,375000.0,355074.74
UttarPradesh,1132.96,65.37,Black Soil,10628.04,18000,106,14,45,24.47018505,6.417011754,Watermelon,watermelon,uttarpradesh,25.0,,watermelon,,watermelon,,25000.0,450000.0,439371.96
UttarPradesh,325.95,60.94,Loam,10763.56,22000,99,5,47,24.13078816,6.649086972,Watermelon,watermelon,uttarpradesh,25.0,,watermelon,,watermelon,,25000.0,550000.0,539236.44
UttarPradesh,691.0,70.09,Sandy Loam,33142.94,16000,98,8,51,26.1793464,6.25933595,Watermelon,watermelon,uttarpradesh,25.0,,watermelon,,watermelon,,25000.0,400000.0,366857.06
UttarPradesh,328.68,77.69,Loam,15004.85,14000,108,22,46,26.17668721,6.121168559,Watermelon,watermelon,uttarpradesh,25.0,,watermelon,,watermelon,,25000.0,350000.0,334995.15
UttarPradesh,491.95,62.81,Sandy Loam,18706.15,15000,119,7,55,26.03867719,6.031424482,Watermelon,watermelon,uttarpradesh,25.0,,watermelon,,watermelon,,25000.0,375000.0,356293.85
UttarPradesh,631.98,58.48,Loam,67101.77,45000,117,27,48,26.53259325,6.835268184,Watermelon,watermelon,uttarpradesh,25.0,,watermelon,,watermelon,,25000.0,1125000.0,1057898.23
UttarPradesh,667.09,53.15,Black Soil,13825.86,38000,109,10,53,26.81938687,6.551750306,Watermelon,watermelon,uttarpradesh,25.0,,watermelon,,watermelon,,25000.0,950000.0,936174.14
UttarPradesh,644.03,62.52,Loam,37473.33,65000,80,16,46,25.50405534,6.940236218,Watermelon,watermelon,uttarpradesh,25.0,,watermelon,,watermelon,,25000.0,1625000.0,1587526.67
UttarPradesh,260.96,52.51,Clay,6083.5,55000,100,18,52,26.20234499,6.87606733,Watermelon,watermelon,uttarpradesh,25.0,,watermelon,,watermelon,,25000.0,1375000.0,1368916.5
UttarPradesh,848.15,71.58,Clay,82149.34,60000,91,7,53,25.13735887,6.457216535,Watermelon,watermelon,uttarpradesh,25.0,,watermelon,,watermelon,,25000.0,1500000.0,1417850.66
UttarPradesh,1399.3,87.29,Black Soil,55149.96,3200,86,6,53,25.92030221,6.921847888,Watermelon,watermelon,uttarpradesh,25.0,,watermelon,,watermelon,,25000.0,80000.0,24850.04
UttarPradesh,397.66,43.19,Clay,3478.35,15000,107,5,52,26.6634609,6.881425746,Watermelon,watermelon,uttarpradesh,25.0,,watermelon,,watermelon,,25000.0,375000.0,371521.65
UttarPradesh,578.8,55.27,Sandy Loam,122779.79,18000,103,16,49,24.06731461,6.915717008,Watermelon,watermelon,uttarpradesh,25.0,,watermelon,,watermelon,,25000.0,450000.0,327220.21
UttarPradesh,156.9,72.66,Black Soil,63305.78,22000,101,20,48,24.6774157,6.206247494,Watermelon,watermelon,uttarpradesh,25.0,,watermelon,,watermelon,,25000.0,550000.0,486694.22
UttarPradesh,249.35,62.56,Loam,17939.62,16000,85,25,47,26.11440416,6.29542477,Watermelon,watermelon,uttarpradesh,25.0,,watermelon,,watermelon,,25000.0,400000.0,382060.38
UttarPradesh,178.44,53.56,Black Soil,6670.42,14000,84,7,51,26.81530456,6.399669044,Watermelon,watermelon,uttarpradesh,25.0,,watermelon,,watermelon,,25000.0,350000.0,343329.58
UttarPradesh,197.5,58.33,Black Soil,5378.98,15000,102,28,54,25.15623099,6.862157042,Watermelon,watermelon,uttarpradesh,25.0,,watermelon,,watermelon,,25000.0,375000.0,369621.02
UttarPradesh,208.87,64.74,Black Soil,178835.47,45000,98,25,52,25.2801372,6.224066378,Watermelon,watermelon,uttarpradesh,25.0,,watermelon,,watermelon,,25000.0,1125000.0,946164.53
UttarPradesh,318.88,61.67,Sandy Loam,48506.43,38000,97,25,50,26.22005978,6.093814669,Watermelon,watermelon,uttarpradesh,25.0,,watermelon,,watermelon,,25000.0,950000.0,901493.57
UttarPradesh,340.6,72.29,Clay,18914.6,65000,90,16,45,24.92093261,6.291540278,Watermelon,watermelon,uttarpradesh,25.0,,watermelon,,watermelon,,25000.0,1625000.0,1606085.4
UttarPradesh,186.21,76.48,Black Soil,41715.87,55000,95,12,46,26.21667586,6.32281728,Watermelon,watermelon,uttarpradesh,25.0,,watermelon,,watermelon,,25000.0,1375000.0,1333284.13
UttarPradesh,368.3,69.99,Clay,10829.34,60000,82,23,49,26.81383586,6.873283991,Watermelon,watermelon,uttarpradesh,25.0,,watermelon,,watermelon,,25000.0,1500000.0,1489170.66
UttarPradesh,706.98,64.06,Loam,150316.91,3200,82,25,51,24.31334971,6.074209622,Watermelon,watermelon,uttarpradesh,25.0,,watermelon,,watermelon,,25000.0,80000.0,-70316.91
UttarPradesh,142.98,62.6,Sandy Loam,8301.98,15000,110,28,46,24.29105004,6.49889585,Watermelon,watermelon,uttarpradesh,25.0,,watermelon,,watermelon,,25000.0,375000.0,366698.02
UttarPradesh,838.04,72.72,Black Soil,15434.2,18000,118,21,51,24.42998931,6.678805092,Watermelon,watermelon,uttarpradesh,25.0,,watermelon,,watermelon,,25000.0,450000.0,434565.8
UttarPradesh,273.33,59.0,Black Soil,5688.31,22000,120,20,45,25.66576039,6.114128685,Watermelon,watermelon,uttarpradesh,25.0,,watermelon,,watermelon,,25000.0,550000.0,544311.69
UttarPradesh,340.49,70.42,Black Soil,15331.57,16000,91,7,52,25.07803672,6.405054243,Watermelon,watermelon,uttarpradesh,25.0,,watermelon,,watermelon,,25000.0,400000.0,384668.43
UttarPradesh,198.88,50.13,Black Soil,6937.7,14000,81,6,55,24.88910524,6.110142735,Watermelon,watermelon,uttarpradesh,25.0,,watermelon,,watermelon,,25000.0,350000.0,343062.3
UttarPradesh,401.44,49.05,Clay,124797.4,15000,101,13,54,25.42900869,6.828982708,Watermelon,watermelon,uttarpradesh,25.0,,watermelon,,watermelon,,25000.0,375000.0,250202.6
UttarPradesh,415.17,49.64,Sandy Loam,16955.44,45000,101,17,55,24.37118217,6.451499764,Watermelon,watermelon,uttarpradesh,25.0,,watermelon,,watermelon,,25000.0,1125000.0,1108044.56
UttarPradesh,444.67,56.83,Clay,3344.38,38000,111,6,53,26.4930645,6.313512999,Watermelon,watermelon,uttarpradesh,25.0,,watermelon,,watermelon,,25000.0,950000.0,946655.62
UttarPradesh,468.81,70.36,Sandy Loam,5901.73,65000,107,10,49,25.83202912,6.755192025,Watermelon,watermelon,uttarpradesh,25.0,,watermelon,,watermelon,,25000.0,1625000.0,1619098.27
UttarPradesh,190.38,43.21,Black Soil,8191.38,55000,115,11,46,24.41592661,6.623167177,Watermelon,watermelon,uttarpradesh,25.0,,watermelon,,watermelon,,25000.0,1375000.0,1366808.62
UttarPradesh,485.09,76.69,Sandy Loam,3928.98,60000,84,25,52,24.37190239,6.12532356,Watermelon,watermelon,uttarpradesh,25.0,,watermelon,,watermelon,,25000.0,1500000.0,1496071.02
UttarPradesh,759.92,66.34,Black Soil,7518.58,3200,120,7,47,24.24782473,6.653867608,Watermelon,watermelon,uttarpradesh,25.0,,watermelon,,watermelon,,25000.0,80000.0,72481.42
UttarPradesh,237.59,56.42,Clay,32674.12,15000,91,12,46,24.64458469,6.343942518,Watermelon,watermelon,uttarpradesh,25.0,,watermelon,,watermelon,,25000.0,375000.0,342325.88
UttarPradesh,812.9,64.14,Black Soil,10335.04,18000,89,22,52,24.89681131,6.217300786,Watermelon,watermelon,uttarpradesh,25.0,,watermelon,,watermelon,,25000.0,450000.0,439664.96
UttarPradesh,270.58,65.17,Black Soil,47072.69,22000,113,19,46,25.41864024,6.286387658,Watermelon,watermelon,uttarpradesh,25.0,,watermelon,,watermelon,,25000.0,550000.0,502927.31
UttarPradesh,345.44,51.97,Loam,27349.5,16000,97,22,50,26.26028739,6.7698938,Watermelon,watermelon,uttarpradesh,25.0,,watermelon,,watermelon,,25000.0,400000.0,372650.5
UttarPradesh,164.15,66.32,Clay,61761.99,14000,117,30,50,24.90123934,6.744966312,Watermelon,watermelon,uttarpradesh,25.0,,watermelon,,watermelon,,25000.0,350000.0,288238.01
UttarPradesh,334.77,73.38,Clay,4998.32,15000,90,14,52,24.84740848,6.391858432,Watermelon,watermelon,uttarpradesh,25.0,,watermelon,,watermelon,,25000.0,375000.0,370001.68
UttarPradesh,386.93,68.85,Loam,58877.54,45000,104,23,47,26.98212846,6.770434148,Watermelon,watermelon,uttarpradesh,25.0,,watermelon,,watermelon,,25000.0,1125000.0,1066122.46
UttarPradesh,524.28,67.79,Black Soil,58044.51,38000,81,16,45,26.90435747,6.727468157,Watermelon,watermelon,uttarpradesh,25.0,,watermelon,,watermelon,,25000.0,950000.0,891955.49
UttarPradesh,565.09,57.88,Clay,61150.42,65000,88,5,47,25.86475496,6.662244646,Watermelon,watermelon,uttarpradesh,25.0,,watermelon,,watermelon,,25000.0,1625000.0,1563849.58
UttarPradesh,203.95,75.94,Sandy Loam,17464.45,55000,92,7,45,26.70607759,6.944640222,Watermelon,watermelon,uttarpradesh,25.0,,watermelon,,watermelon,,25000.0,1375000.0,1357535.55
UttarPradesh,584.89,62.19,Loam,8882.22,60000,81,18,50,26.44019475,6.507110986,Watermelon,watermelon,uttarpradesh,25.0,,watermelon,,watermelon,,25000.0,1500000.0,1491117.78
UttarPradesh,940.17,76.54,Black Soil,10630.26,3200,111,5,55,26.283443,6.520663422,Watermelon,watermelon,uttarpradesh,25.0,,watermelon,,watermelon,,25000.0,80000.0,69369.74
UttarPradesh,266.43,65.67,Sandy Loam,25531.79,15000,108,23,51,26.84366082,6.106500787,Watermelon,watermelon,uttarpradesh,25.0,,watermelon,,watermelon,,25000.0,375000.0,349468.21
MadhyaPradesh,1789.26,56.45,Sandy Loam,18976.2,18000,113,30,50,26.03967219,6.277484043,Watermelon,watermelon,madhyapradesh,25.0,,watermelon,,watermelon,,25000.0,450000.0,431023.8
MadhyaPradesh,475.76,52.52,Clay,205584.73,22000,83,10,53,24.92994759,6.195142279,Watermelon,watermelon,madhyapradesh,25.0,,watermelon,,watermelon,,25000.0,550000.0,344415.27
MadhyaPradesh,930.66,66.8,Black Soil,33971.48,16000,101,11,51,25.50736962,6.792035575,Watermelon,watermelon,madhyapradesh,25.0,,watermelon,,watermelon,,25000.0,400000.0,366028.52
MadhyaPradesh,340.05,49.95,Loam,5277.28,14000,114,21,55,25.4438391,6.472756256,Watermelon,watermelon,madhyapradesh,25.0,,watermelon,,watermelon,,25000.0,350000.0,344722.72
MadhyaPradesh,604.93,63.05,Black Soil,4800.44,15000,99,6,45,26.12588914,6.000975617,Watermelon,watermelon,madhyapradesh,25.0,,watermelon,,watermelon,,25000.0,375000.0,370199.56
MadhyaPradesh,731.48,74.36,Black Soil,33600.38,45000,92,20,55,25.10474753,6.587791262,Watermelon,watermelon,madhyapradesh,25.0,,watermelon,,watermelon,,25000.0,1125000.0,1091399.62
MadhyaPradesh,807.83,61.95,Black Soil,67151.56,38000,92,7,48,26.27520631,6.956508826,Watermelon,watermelon,madhyapradesh,25.0,,watermelon,,watermelon,,25000.0,950000.0,882848.44
MadhyaPradesh,814.52,62.45,Loam,22675.79,65000,91,24,55,26.27061608,6.259086583,Watermelon,watermelon,madhyapradesh,25.0,,watermelon,,watermelon,,25000.0,1625000.0,1602324.21
MadhyaPradesh,527.88,60.25,Loam,22897.05,55000,110,21,54,26.73690828,6.747537642,Watermelon,watermelon,madhyapradesh,25.0,,watermelon,,watermelon,,25000.0,1375000.0,1352102.95
MadhyaPradesh,1006.74,56.22,Clay,94515.47,60000,112,25,51,25.04746944,6.932537231,Watermelon,watermelon,madhyapradesh,25.0,,watermelon,,watermelon,,25000.0,1500000.0,1405484.53
MadhyaPradesh,1749.16,58.09,Sandy Loam,7573.66,3200,89,25,54,24.69368934,6.353107393,Watermelon,watermelon,madhyapradesh,25.0,,watermelon,,watermelon,,25000.0,80000.0,72426.34
MadhyaPradesh,394.24,67.4,Loam,8346.11,15000,100,10,53,24.54356968,6.211748957,Watermelon,watermelon,madhyapradesh,25.0,,watermelon,,watermelon,,25000.0,375000.0,366653.89
MadhyaPradesh,1067.08,73.65,Black Soil,56349.08,18000,83,22,54,25.89762315,6.277245254,Watermelon,watermelon,madhyapradesh,25.0,,watermelon,,watermelon,,25000.0,450000.0,393650.92
MadhyaPradesh,345.05,69.02,Black Soil,8827.67,22000,95,14,50,26.6333118,6.560443519,Watermelon,watermelon,madhyapradesh,25.0,,watermelon,,watermelon,,25000.0,550000.0,541172.33
MadhyaPradesh,643.67,70.87,Loam,6099.47,16000,119,30,49,25.35794749,6.903020221,Watermelon,watermelon,madhyapradesh,25.0,,watermelon,,watermelon,,25000.0,400000.0,393900.53
MadhyaPradesh,292.0,60.28,Sandy Loam,9842.16,14000,97,12,47,25.28784623,6.765094964,Watermelon,watermelon,madhyapradesh,25.0,,watermelon,,watermelon,,25000.0,350000.0,340157.84
MadhyaPradesh,421.59,57.46,Clay,8704.09,15000,110,7,45,26.63838589,6.189213927,Watermelon,watermelon,madhyapradesh,25.0,,watermelon,,watermelon,,25000.0,375000.0,366295.91
MadhyaPradesh,533.31,68.87,Sandy Loam,15692.06,45000,96,18,50,25.3310446,6.904241707,Watermelon,watermelon,madhyapradesh,25.0,,watermelon,,watermelon,,25000.0,1125000.0,1109307.94
MadhyaPradesh,600.85,66.74,Black Soil,14727.58,38000,83,23,55,26.89750174,6.463271076,Watermelon,watermelon,madhyapradesh,25.0,,watermelon,,watermelon,,25000.0,950000.0,935272.42
MadhyaPradesh,665.75,65.67,Clay,154339.98,65000,120,24,47,26.98603693,6.260838965,Watermelon,watermelon,madhyapradesh,25.0,,watermelon,,watermelon,,25000.0,1625000.0,1470660.02
MadhyaPradesh,286.14,75.96,Loam,35550.24,55000,115,17,55,27.57826922,6.776533055,Muskmelon,muskmelon,madhyapradesh,20.0,,muskmelon,,muskmelon,,20000.0,1100000.0,1064449.76
MadhyaPradesh,708.31,58.29,Loam,7794.1,60000,114,27,48,27.82054812,6.528404378,Muskmelon,muskmelon,madhyapradesh,20.0,,muskmelon,,muskmelon,,20000.0,1200000.0,1192205.9
MadhyaPradesh,1614.46,52.49,Black Soil,52237.57,3200,101,25,52,29.09910406,6.750145572,Muskmelon,muskmelon,madhyapradesh,20.0,,muskmelon,,muskmelon,,20000.0,64000.0,11762.43
MadhyaPradesh,324.79,63.74,Loam,14681.21,15000,118,18,52,28.04943594,6.562832807,Muskmelon,muskmelon,madhyapradesh,20.0,,muskmelon,,muskmelon,,20000.0,300000.0,285318.79
MadhyaPradesh,774.62,65.94,Clay,48196.16,18000,95,26,45,29.91690582,6.117530021,Muskmelon,muskmelon,madhyapradesh,20.0,,muskmelon,,muskmelon,,20000.0,360000.0,311803.83999999997
MadhyaPradesh,369.49,61.85,Sandy Loam,75205.52,22000,81,25,49,29.86895762,6.076459669,Muskmelon,muskmelon,madhyapradesh,20.0,,muskmelon,,muskmelon,,20000.0,440000.0,364794.48
MadhyaPradesh,514.89,67.11,Black Soil,18883.46,16000,117,24,53,29.17220859,6.293486295,Muskmelon,muskmelon,madhyapradesh,20.0,,muskmelon,,muskmelon,,20000.0,320000.0,301116.54
MadhyaPradesh,304.7,52.11,Black Soil,21863.22,14000,114,30,51,29.24908541,6.069171847,Muskmelon,muskmelon,madhyapradesh,20.0,,muskmelon,,muskmelon,,20000.0,280000.0,258136.78
MadhyaPradesh,311.61,66.81,Black Soil,21904.29,15000,113,6,52,27.76317235,6.740983646,Muskmelon,muskmelon,madhyapradesh,20.0,,muskmelon,,muskmelon,,20000.0,300000.0,278095.71
MadhyaPradesh,488.28,67.7,Black Soil,45571.97,45000,108,26,52,28.82629037,6.201797639,Muskmelon,muskmelon,madhyapradesh,20.0,,muskmelon,,muskmelon,,20000.0,900000.0,854428.03
MadhyaPradesh,538.3,64.79,Black Soil,16617.29,38000,81,30,48,28.52379742,6.041027474,Muskmelon,muskmelon,madhyapradesh,20.0,,muskmelon,,muskmelon,,20000.0,760000.0,743382.71
MadhyaPradesh,555.69,70.49,Loam,59762.6,65000,115,9,52,29.06785065,6.019372459,Muskmelon,muskmelon,madhyapradesh,20.0,,muskmelon,,muskmelon,,20000.0,1300000.0,1240237.4
MadhyaPradesh,266.55,61.48,Loam,42279.55,55000,83,7,45,29.08417927,6.704104127,Muskmelon,muskmelon,madhyapradesh,20.0,,muskmelon,,muskmelon,,20000.0,1100000.0,1057720.45
MadhyaPradesh,568.82,49.99,Loam,39425.87,60000,84,21,55,28.47090661,6.494251024,Muskmelon,muskmelon,madhyapradesh,20.0,,muskmelon,,muskmelon,,20000.0,1200000.0,1160574.13
MadhyaPradesh,967.02,63.66,Sandy Loam,36204.22,3200,109,26,45,28.27973674,6.224535449,Muskmelon,muskmelon,madhyapradesh,20.0,,muskmelon,,muskmelon,,20000.0,64000.0,27795.78
MadhyaPradesh,238.29,61.66,Loam,8874.15,15000,95,27,55,28.47212559,6.160414414,Muskmelon,muskmelon,madhyapradesh,20.0,,muskmelon,,muskmelon,,20000.0,300000.0,291125.85
MadhyaPradesh,599.62,64.29,Clay,27246.44,18000,119,5,55,29.68846716,6.168757984,Muskmelon,muskmelon,madhyapradesh,20.0,,muskmelon,,muskmelon,,20000.0,360000.0,332753.56
MadhyaPradesh,204.23,66.65,Clay,12981.81,22000,110,14,51,27.02415146,6.085444691,Muskmelon,muskmelon,madhyapradesh,20.0,,muskmelon,,muskmelon,,20000.0,440000.0,427018.19
MadhyaPradesh,418.58,66.64,Clay,18913.42,16000,82,18,48,29.09588297,6.159050816,Muskmelon,muskmelon,madhyapradesh,20.0,,muskmelon,,muskmelon,,20000.0,320000.0,301086.58
MadhyaPradesh,174.13,64.53,Clay,76403.51,14000,87,14,48,29.69238699,6.606033244,Muskmelon,muskmelon,madhyapradesh,20.0,,muskmelon,,muskmelon,,20000.0,280000.0,203596.49
MadhyaPradesh,314.99,67.69,Black Soil,18658.35,15000,85,9,53,28.20619412,6.447662945,Muskmelon,muskmelon,madhyapradesh,20.0,,muskmelon,,muskmelon,,20000.0,300000.0,281341.65
MadhyaPradesh,336.07,77.18,Clay,135395.14,45000,100,6,53,29.05248036,6.105909623,Muskmelon,muskmelon,madhyapradesh,20.0,,muskmelon,,muskmelon,,20000.0,900000.0,764604.86
MadhyaPradesh,429.2,68.69,Clay,19923.24,38000,107,12,46,29.57240298,6.559763394,Muskmelon,muskmelon,madhyapradesh,20.0,,muskmelon,,muskmelon,,20000.0,760000.0,740076.76
MadhyaPradesh,415.76,74.3,Black Soil,24014.59,65000,91,13,47,29.10968327,6.14410903,Muskmelon,muskmelon,madhyapradesh,20.0,,muskmelon,,muskmelon,,20000.0,1300000.0,1275985.41
MadhyaPradesh,179.82,65.38,Loam,61852.87,55000,102,25,50,28.20480805,6.099662369,Muskmelon,muskmelon,madhyapradesh,20.0,,muskmelon,,muskmelon,,20000.0,1100000.0,1038147.13
MadhyaPradesh,494.31,61.98,Clay,18444.31,60000,117,25,53,29.11858526,6.413927319,Muskmelon,muskmelon,madhyapradesh,20.0,,muskmelon,,muskmelon,,20000.0,1200000.0,1181555.69
MadhyaPradesh,863.01,42.22,Black Soil,131751.3,3200,85,21,52,29.62800691,6.075144116,Muskmelon,muskmelon,madhyapradesh,20.0,,muskmelon,,muskmelon,,20000.0,64000.0,-67751.29999999999
MadhyaPradesh,154.67,71.21,Loam,16599.15,15000,104,25,55,29.81196601,6.123802502,Muskmelon,muskmelon,madhyapradesh,20.0,,muskmelon,,muskmelon,,20000.0,300000.0,283400.85
MadhyaPradesh,832.11,59.56,Clay,20875.64,18000,102,24,54,27.72338349,6.698468621,Muskmelon,muskmelon,madhyapradesh,20.0,,muskmelon,,muskmelon,,20000.0,360000.0,339124.36
MadhyaPradesh,318.22,77.51,Sandy Loam,127431.46,22000,116,25,50,29.26092798,6.088885814,Muskmelon,muskmelon,madhyapradesh,20.0,,muskmelon,,muskmelon,,20000.0,440000.0,312568.54
MadhyaPradesh,511.77,86.06,Loam,80534.06,16000,100,17,48,29.72791119,6.367800632,Muskmelon,muskmelon,madhyapradesh,20.0,,muskmelon,,muskmelon,,20000.0,320000.0,239465.94
MadhyaPradesh,262.14,51.28,Loam,5044.76,14000,110,25,54,28.91105641,6.425930938,Muskmelon,muskmelon,madhyapradesh,20.0,,muskmelon,,muskmelon,,20000.0,280000.0,274955.24
MadhyaPradesh,433.43,57.39,Clay,12077.74,15000,104,25,51,28.96361426,6.469983276,Muskmelon,muskmelon,madhyapradesh,20.0,,muskmelon,,muskmelon,,20000.0,300000.0,287922.26
MadhyaPradesh,384.62,52.31,Sandy Loam,22652.36,45000,107,11,54,28.59052369,6.094016338,Muskmelon,muskmelon,madhyapradesh,20.0,,muskmelon,,muskmelon,,20000.0,900000.0,877347.64
MadhyaPradesh,543.47,57.33,Black Soil,38574.32,38000,98,26,52,27.33897716,6.150090899,Muskmelon,muskmelon,madhyapradesh,20.0,,muskmelon,,muskmelon,,20000.0,760000.0,721425.68
MadhyaPradesh,517.96,86.89,Sandy Loam,11757.1,65000,88,17,52,29.90415889,6.646962425,Muskmelon,muskmelon,madhyapradesh,20.0,,muskmelon,,muskmelon,,20000.0,1300000.0,1288242.9
MadhyaPradesh,225.26,64.44,Black Soil,16951.04,55000,87,25,46,27.42711692,6.379690748,Muskmelon,muskmelon,madhyapradesh,20.0,,muskmelon,,muskmelon,,20000.0,1100000.0,1083048.96
MadhyaPradesh,637.88,73.1,Sandy Loam,55159.0,60000,120,8,46,29.55657523,6.732834334,Muskmelon,muskmelon,madhyapradesh,20.0,,muskmelon,,muskmelon,,20000.0,1200000.0,1144841.0
MadhyaPradesh,864.87,59.68,Black Soil,102378.22,3200,95,13,46,29.84070774,6.126019932,Muskmelon,muskmelon,madhyapradesh,20.0,,muskmelon,,muskmelon,,20000.0,64000.0,-38378.22
MadhyaPradesh,255.16,61.6,Black Soil,55231.38,15000,108,22,47,28.53545677,6.161123579,Muskmelon,muskmelon,madhyapradesh,20.0,,muskmelon,,muskmelon,,20000.0,300000.0,244768.62
Gujarat,776.69,69.17,Loam,11386.18,18000,82,13,52,27.11535046,6.442810053,Muskmelon,muskmelon,gujarat,20.0,,muskmelon,,muskmelon,,20000.0,360000.0,348613.82
Gujarat,326.73,74.3,Sandy Loam,6857.33,22000,120,23,55,27.84492803,6.732049075,Muskmelon,muskmelon,gujarat,20.0,,muskmelon,,muskmelon,,20000.0,440000.0,433142.67
Gujarat,550.86,70.03,Clay,13119.45,16000,110,22,47,29.03157242,6.243673725,Muskmelon,muskmelon,gujarat,20.0,,muskmelon,,muskmelon,,20000.0,320000.0,306880.55
Gujarat,298.27,72.03,Sandy Loam,28124.27,14000,95,23,45,27.82424457,6.266208727,Muskmelon,muskmelon,gujarat,20.0,,muskmelon,,muskmelon,,20000.0,280000.0,251875.73
Gujarat,340.58,72.71,Loam,22591.23,15000,106,10,49,27.72653142,6.350623739,Muskmelon,muskmelon,gujarat,20.0,,muskmelon,,muskmelon,,20000.0,300000.0,277408.77
Gujarat,482.67,61.42,Clay,37016.35,45000,99,12,52,28.69708334,6.002927293,Muskmelon,muskmelon,gujarat,20.0,,muskmelon,,muskmelon,,20000.0,900000.0,862983.65
Gujarat,469.88,81.87,Loam,195599.08,38000,106,20,51,29.73019662,6.342573112,Muskmelon,muskmelon,gujarat,20.0,,muskmelon,,muskmelon,,20000.0,760000.0,564400.92
Gujarat,473.79,70.44,Sandy Loam,4465.49,65000,83,11,53,29.54097171,6.163921248,Muskmelon,muskmelon,gujarat,20.0,,muskmelon,,muskmelon,,20000.0,1300000.0,1295534.51
Gujarat,279.07,68.63,Clay,9518.07,55000,117,19,55,28.80311922,6.121745389,Muskmelon,muskmelon,gujarat,20.0,,muskmelon,,muskmelon,,20000.0,1100000.0,1090481.93
Gujarat,632.08,57.29,Clay,45509.09,60000,98,26,49,27.29035669,6.130160473,Muskmelon,muskmelon,gujarat,20.0,,muskmelon,,muskmelon,,20000.0,1200000.0,1154490.91
Gujarat,773.81,52.84,Black Soil,42533.48,3200,113,20,48,27.46583649,6.440584681,Muskmelon,muskmelon,gujarat,20.0,,muskmelon,,muskmelon,,20000.0,64000.0,21466.519999999997
Gujarat,311.76,71.86,Clay,6377.77,15000,101,17,47,29.49401389,6.185053234,Muskmelon,muskmelon,gujarat,20.0,,muskmelon,,muskmelon,,20000.0,300000.0,293622.23
Gujarat,925.71,63.31,Black Soil,70581.69,18000,98,7,45,27.79161808,6.157724816,Muskmelon,muskmelon,gujarat,20.0,,muskmelon,,muskmelon,,20000.0,360000.0,289418.31
Gujarat,343.99,70.04,Clay,10000.0,22000,93,22,48,29.12533739,6.776987974,Muskmelon,muskmelon,gujarat,20.0,,muskmelon,,muskmelon,,20000.0,440000.0,430000.0
Gujarat,614.44,65.75,Clay,36585.86,16000,95,21,47,27.93114233,6.431970877,Muskmelon,muskmelon,gujarat,20.0,,muskmelon,,muskmelon,,20000.0,320000.0,283414.14
Gujarat,355.04,89.5,Clay,11420.57,14000,109,12,48,29.45771748,6.708743843,Muskmelon,muskmelon,gujarat,20.0,,muskmelon,,muskmelon,,20000.0,280000.0,268579.43
Gujarat,431.7,47.45,Sandy Loam,10790.18,15000,118,12,47,27.96872279,6.010739645,Muskmelon,muskmelon,gujarat,20.0,,muskmelon,,muskmelon,,20000.0,300000.0,289209.82
Gujarat,562.09,49.34,Clay,5551.14,45000,100,14,49,29.48882958,6.365956658,Muskmelon,muskmelon,gujarat,20.0,,muskmelon,,muskmelon,,20000.0,900000.0,894448.86
Gujarat,580.0,72.83,Black Soil,10663.07,38000,89,9,47,29.47156259,6.668382766,Muskmelon,muskmelon,gujarat,20.0,,muskmelon,,muskmelon,,20000.0,760000.0,749336.93
Gujarat,546.43,68.12,Loam,11292.88,65000,95,16,46,27.0767265,6.74669542,Muskmelon,muskmelon,gujarat,20.0,,muskmelon,,muskmelon,,20000.0,1300000.0,1288707.12
Gujarat,344.98,73.51,Loam,38995.11,55000,95,7,45,27.30008597,6.031665834,Muskmelon,muskmelon,gujarat,20.0,,muskmelon,,muskmelon,,20000.0,1100000.0,1061004.89
Gujarat,727.36,63.21,Clay,25735.71,60000,87,6,45,29.82729394,6.40077205,Muskmelon,muskmelon,gujarat,20.0,,muskmelon,,muskmelon,,20000.0,1200000.0,1174264.29
Gujarat,1173.2,61.45,Black Soil,46283.93,3200,93,20,50,29.93061247,6.448792689,Muskmelon,muskmelon,gujarat,20.0,,muskmelon,,muskmelon,,20000.0,64000.0,17716.07
Gujarat,244.66,46.42,Black Soil,66181.23,15000,84,29,49,29.94349168,6.251420275,Muskmelon,muskmelon,gujarat,20.0,,muskmelon,,muskmelon,,20000.0,300000.0,233818.77000000002
Gujarat,1127.89,73.96,Black Soil,33877.78,18000,111,5,47,28.03306461,6.274452811,Muskmelon,muskmelon,gujarat,20.0,,muskmelon,,muskmelon,,20000.0,360000.0,326122.22
Gujarat,401.6,67.76,Black Soil,20506.2,22000,111,5,52,29.8843055,6.135996372,Muskmelon,muskmelon,gujarat,20.0,,muskmelon,,muskmelon,,20000.0,440000.0,419493.8
Gujarat,728.88,82.32,Clay,69741.31,16000,111,15,54,27.7058373,6.194090172,Muskmelon,muskmelon,gujarat,20.0,,muskmelon,,muskmelon,,20000.0,320000.0,250258.69
Gujarat,323.41,72.36,Loam,11257.19,14000,89,11,47,29.78714005,6.327822962,Muskmelon,muskmelon,gujarat,20.0,,muskmelon,,muskmelon,,20000.0,280000.0,268742.81
Gujarat,469.64,68.85,Sandy Loam,10955.3,15000,110,15,48,28.57819995,6.212567211,Muskmelon,muskmelon,gujarat,20.0,,muskmelon,,muskmelon,,20000.0,300000.0,289044.7
Gujarat,657.52,61.83,Sandy Loam,4718.43,45000,95,30,52,29.48069921,6.640470863,Muskmelon,muskmelon,gujarat,20.0,,muskmelon,,muskmelon,,20000.0,900000.0,895281.57
Gujarat,753.39,64.6,Sandy Loam,7842.95,38000,115,12,52,27.51492243,6.685553129,Muskmelon,muskmelon,gujarat,20.0,,muskmelon,,muskmelon,,20000.0,760000.0,752157.05
Gujarat,802.66,65.91,Black Soil,177728.81,65000,120,25,50,28.05457761,6.327210469,Muskmelon,muskmelon,gujarat,20.0,,muskmelon,,muskmelon,,20000.0,1300000.0,1122271.19
Gujarat,347.5,78.38,Black Soil,4638.22,55000,102,11,45,29.03167341,6.35544263,Muskmelon,muskmelon,gujarat,20.0,,muskmelon,,muskmelon,,20000.0,1100000.0,1095361.78
Gujarat,908.31,62.73,Loam,147218.9,60000,94,5,55,28.5854649,6.085682344,Muskmelon,muskmelon,gujarat,20.0,,muskmelon,,muskmelon,,20000.0,1200000.0,1052781.1
Gujarat,1690.03,77.8,Loam,71193.84,3200,84,18,46,27.08808014,6.781050373,Muskmelon,muskmelon,gujarat,20.0,,muskmelon,,muskmelon,,20000.0,64000.0,-7193.8399999999965
Gujarat,376.33,82.68,Sandy Loam,7105.21,15000,107,22,54,27.99611732,6.630301421,Muskmelon,muskmelon,gujarat,20.0,,muskmelon,,muskmelon,,20000.0,300000.0,292894.79
Gujarat,1018.19,77.0,Loam,37509.66,18000,80,18,52,27.87317436,6.484799661,Muskmelon,muskmelon,gujarat,20.0,,muskmelon,,muskmelon,,20000.0,360000.0,322490.33999999997
Gujarat,323.22,60.93,Black Soil,5743.32,22000,86,18,45,28.96586565,6.566759102,Muskmelon,muskmelon,gujarat,20.0,,muskmelon,,muskmelon,,20000.0,440000.0,434256.68
Gujarat,677.66,59.42,Clay,20136.85,16000,113,28,48,28.87726019,6.170520518,Muskmelon,muskmelon,gujarat,20.0,,muskmelon,,muskmelon,,20000.0,320000.0,299863.15
Gujarat,369.86,69.92,Loam,15197.0,14000,115,18,53,29.17052093,6.012480351,Muskmelon,muskmelon,gujarat,20.0,,muskmelon,,muskmelon,,20000.0,280000.0,264803.0
Gujarat,526.66,71.18,Clay,28914.3,15000,82,20,54,29.34033587,6.541150335,Muskmelon,muskmelon,gujarat,20.0,,muskmelon,,muskmelon,,20000.0,300000.0,271085.7
Gujarat,641.99,66.11,Loam,28080.12,45000,98,22,47,29.07265321,6.341400922,Muskmelon,muskmelon,gujarat,20.0,,muskmelon,,muskmelon,,20000.0,900000.0,871919.88
Gujarat,731.16,40.19,Sandy Loam,26369.32,38000,117,25,54,28.68275966,6.150686364,Muskmelon,muskmelon,gujarat,20.0,,muskmelon,,muskmelon,,20000.0,760000.0,733630.68
Gujarat,654.19,66.58,Loam,41497.92,65000,83,15,49,28.92705913,6.438008153,Muskmelon,muskmelon,gujarat,20.0,,muskmelon,,muskmelon,,20000.0,1300000.0,1258502.08
Gujarat,339.32,68.58,Loam,8998.11,55000,120,16,51,27.99901833,6.547041903,Muskmelon,muskmelon,gujarat,20.0,,muskmelon,,muskmelon,,20000.0,1100000.0,1091001.89
Gujarat,942.9,55.13,Clay,22996.87,60000,111,5,50,27.59350075,6.399891457,Muskmelon,muskmelon,gujarat,20.0,,muskmelon,,muskmelon,,20000.0,1200000.0,1177003.13
Gujarat,1569.33,82.07,Sandy Loam,4882.46,3200,85,21,47,29.87331077,6.186770318,Muskmelon,muskmelon,gujarat,20.0,,muskmelon,,muskmelon,,20000.0,64000.0,59117.54
Gujarat,337.29,65.92,Black Soil,6121.22,15000,90,23,54,28.55852465,6.159020864,Muskmelon,muskmelon,gujarat,20.0,,muskmelon,,muskmelon,,20000.0,300000.0,293878.78
Gujarat,598.4,57.11,Clay,65705.6,18000,99,29,55,29.19378695,6.660954816,Muskmelon,muskmelon,gujarat,20.0,,muskmelon,,muskmelon,,20000.0,360000.0,294294.4
Gujarat,257.77,69.82,Clay,9437.19,22000,102,11,47,27.98780984,6.504906979,Muskmelon,muskmelon,gujarat,20.0,,muskmelon,,muskmelon,,20000.0,440000.0,430562.81
Gujarat,271.04,58.25,Sandy Loam,16302.74,16000,80,18,51,28.05380704,6.706053225,Muskmelon,muskmelon,gujarat,20.0,,muskmelon,,muskmelon,,20000.0,320000.0,303697.26
Gujarat,214.59,74.3,Sandy Loam,12472.57,14000,87,21,52,27.3506296,6.067665498,Muskmelon,muskmelon,gujarat,20.0,,muskmelon,,muskmelon,,20000.0,280000.0,267527.43
Gujarat,250.79,79.31,Clay,15905.29,15000,114,8,52,29.34081108,6.419083092,Muskmelon,muskmelon,gujarat,20.0,,muskmelon,,muskmelon,,20000.0,300000.0,284094.71
Gujarat,384.4,65.14,Sandy Loam,62325.33,45000,99,6,46,28.61475136,6.39637861,Muskmelon,muskmelon,gujarat,20.0,,muskmelon,,muskmelon,,20000.0,900000.0,837674.67
Gujarat,424.49,62.29,Sandy Loam,113423.28,38000,89,25,50,27.04863538,6.375923383,Muskmelon,muskmelon,gujarat,20.0,,muskmelon,,muskmelon,,20000.0,760000.0,646576.72
Gujarat,417.21,73.05,Loam,77393.88,65000,96,13,55,29.5275305,6.700337732,Muskmelon,muskmelon,gujarat,20.0,,muskmelon,,muskmelon,,20000.0,1300000.0,1222606.12
Gujarat,209.63,63.33,Black Soil,7570.23,55000,82,26,47,28.50416396,6.565312653,Muskmelon,muskmelon,gujarat,20.0,,muskmelon,,muskmelon,,20000.0,1100000.0,1092429.77
Gujarat,404.72,70.15,Sandy Loam,17245.66,60000,106,21,52,28.89578588,6.286515359,Muskmelon,muskmelon,gujarat,20.0,,muskmelon,,muskmelon,,20000.0,1200000.0,1182754.34
Gujarat,700.52,69.06,Clay,30788.39,3200,90,15,52,27.04927452,6.448061578,Muskmelon,muskmelon,gujarat,20.0,,muskmelon,,muskmelon,,20000.0,64000.0,33211.61
Gujarat,209.95,61.23,Clay,7922.18,15000,106,16,54,28.96017885,6.585872508,Muskmelon,muskmelon,gujarat,20.0,,muskmelon,,muskmelon,,20000.0,300000.0,292077.82
Bihar,1252.12,54.31,Clay,45393.18,18000,24,128,196,22.75088787,5.521466996,Apple,apple,bihar,6.5,,apple,,apple,,6500.0,117000.0,71606.82
Bihar,462.88,61.66,Sandy Loam,29431.18,22000,7,144,197,23.8494014,6.133220586,Apple,apple,bihar,6.5,,apple,,apple,,6500.0,143000.0,113568.82
Bihar,704.17,59.69,Black Soil,19238.72,16000,14,128,205,22.60800988,6.226289556,Apple,apple,bihar,6.5,,apple,,apple,,6500.0,104000.0,84761.28
Bihar,370.84,69.82,Clay,7465.85,14000,8,120,201,21.18667419,6.321152192,Apple,apple,bihar,6.5,,apple,,apple,,6500.0,91000.0,83534.15
Bihar,499.36,67.52,Sandy Loam,20188.16,15000,20,129,201,23.41044706,5.587905967,Apple,apple,bihar,6.5,,apple,,apple,,6500.0,97500.0,77311.84
Bihar,675.65,54.89,Black Soil,10188.21,45000,32,137,204,22.86006627,5.824151693,Apple,apple,bihar,6.5,,apple,,apple,,6500.0,292500.0,282311.79
Bihar,721.57,64.37,Black Soil,16219.31,38000,27,139,205,22.48403042,5.772179946,Apple,apple,bihar,6.5,,apple,,apple,,6500.0,247000.0,230780.69
Bihar,809.95,73.12,Loam,21449.71,65000,0,123,205,22.02775403,5.790993052,Apple,apple,bihar,6.5,,apple,,apple,,6500.0,422500.0,401050.29
Bihar,339.91,72.18,Sandy Loam,5670.27,55000,22,144,196,21.91191314,6.499226821,Apple,apple,bihar,6.5,,apple,,apple,,6500.0,357500.0,351829.73
Bihar,664.59,68.88,Sandy Loam,21728.38,60000,1,124,199,23.71059131,5.658473817,Apple,apple,bihar,6.5,,apple,,apple,,6500.0,390000.0,368271.62
Bihar,1701.75,76.3,Black Soil,7720.91,3200,30,122,197,21.37784654,5.573241391,Apple,apple,bihar,6.5,,apple,,apple,,6500.0,20800.0,13079.09
Bihar,334.55,56.54,Loam,23116.12,15000,29,121,196,22.84852833,6.079497202,Apple,apple,bihar,6.5,,apple,,apple,,6500.0,97500.0,74383.88
Bihar,1242.58,56.51,Loam,19030.81,18000,13,126,204,23.1094265,6.383180271,Apple,apple,bihar,6.5,,apple,,apple,,6500.0,117000.0,97969.19
Bihar,336.61,57.26,Black Soil,23341.21,22000,9,139,199,23.25230817,5.867420996,Apple,apple,bihar,6.5,,apple,,apple,,6500.0,143000.0,119658.79000000001
Bihar,640.75,69.63,Sandy Loam,27461.51,16000,0,133,200,23.67287749,5.708418722,Apple,apple,bihar,6.5,,apple,,apple,,6500.0,104000.0,76538.49
Bihar,291.13,60.82,Black Soil,24370.99,14000,30,143,199,23.76881552,5.7983508,Apple,apple,bihar,6.5,,apple,,apple,,6500.0,91000.0,66629.01
Bihar,452.16,77.19,Black Soil,41044.42,15000,36,140,198,23.34386401,6.28188384,Apple,apple,bihar,6.5,,apple,,apple,,6500.0,97500.0,56455.58
Bihar,462.51,51.75,Black Soil,112558.0,45000,37,137,199,22.63946441,5.697945522,Apple,apple,bihar,6.5,,apple,,apple,,6500.0,292500.0,179942.0
Bihar,649.56,51.79,Sandy Loam,24346.78,38000,33,121,203,22.45696744,5.605934087,Apple,apple,bihar,6.5,,apple,,apple,,6500.0,247000.0,222653.22
Bihar,669.24,59.54,Sandy Loam,65460.84,65000,7,144,195,22.96388477,5.85648105,Apple,apple,bihar,6.5,,apple,,apple,,6500.0,422500.0,357039.16000000003
Bihar,326.77,55.18,Clay,13701.69,55000,35,128,205,21.07273439,6.041053829,Apple,apple,bihar,6.5,,apple,,apple,,6500.0,357500.0,343798.31
Bihar,851.58,62.39,Black Soil,7117.2,60000,29,128,198,22.44075021,5.685062404,Apple,apple,bihar,6.5,,apple,,apple,,6500.0,390000.0,382882.8
Bihar,1040.14,60.46,Loam,29668.83,3200,2,143,196,22.71271308,5.669489065,Apple,apple,bihar,6.5,,apple,,apple,,6500.0,20800.0,-8868.830000000002
Bihar,268.85,73.34,Loam,17612.73,15000,34,140,198,21.70416965,5.751707342,Apple,apple,bihar,6.5,,apple,,apple,,6500.0,97500.0,79887.27
Bihar,464.62,63.22,Black Soil,8299.82,18000,29,144,204,22.43324518,5.800448951,Apple,apple,bihar,6.5,,apple,,apple,,6500.0,117000.0,108700.18
Bihar,228.51,47.48,Loam,32773.53,22000,32,141,203,21.25941052,5.821347769,Apple,apple,bihar,6.5,,apple,,apple,,6500.0,143000.0,110226.47
Bihar,317.12,70.61,Black Soil,44597.84,16000,13,144,197,22.9215706,6.28022267,Apple,apple,bihar,6.5,,apple,,apple,,6500.0,104000.0,59402.16
Bihar,186.12,60.82,Loam,33586.37,14000,25,143,198,22.81212536,6.027314401,Apple,apple,bihar,6.5,,apple,,apple,,6500.0,91000.0,57413.63
Bihar,296.97,54.36,Clay,29226.91,15000,9,137,200,21.12152071,5.636687393,Apple,apple,bihar,6.5,,apple,,apple,,6500.0,97500.0,68273.09
Bihar,309.86,62.95,Clay,17968.97,45000,6,144,198,21.11478672,5.559363609,Apple,apple,bihar,6.5,,apple,,apple,,6500.0,292500.0,274531.03
Bihar,442.81,63.31,Sandy Loam,12023.21,38000,37,126,196,23.59997268,5.596449493,Apple,apple,bihar,6.5,,apple,,apple,,6500.0,247000.0,234976.79
Bihar,323.88,60.65,Sandy Loam,40996.36,65000,2,120,203,23.12652652,5.893492999,Apple,apple,bihar,6.5,,apple,,apple,,6500.0,422500.0,381503.64
Bihar,205.8,59.31,Sandy Loam,6232.79,55000,11,143,197,22.98458907,5.875718516,Apple,apple,bihar,6.5,,apple,,apple,,6500.0,357500.0,351267.21
Bihar,324.44,62.49,Loam,8507.83,60000,10,141,201,22.12659387,6.386021424,Apple,apple,bihar,6.5,,apple,,apple,,6500.0,390000.0,381492.17
Bihar,702.1,63.83,Clay,112093.4,3200,24,142,202,22.53779727,5.710819862,Apple,apple,bihar,6.5,,apple,,apple,,6500.0,20800.0,-91293.4
Bihar,190.28,56.57,Black Soil,12167.16,15000,23,138,195,22.49095104,5.795985716,Apple,apple,bihar,6.5,,apple,,apple,,6500.0,97500.0,85332.84
Bihar,1059.31,65.91,Sandy Loam,18638.36,18000,18,125,204,22.35548159,6.046673619,Apple,apple,bihar,6.5,,apple,,apple,,6500.0,117000.0,98361.64
Bihar,335.51,70.29,Clay,72071.77,22000,13,121,196,22.20700989,6.443382913,Apple,apple,bihar,6.5,,apple,,apple,,6500.0,143000.0,70928.23
Bihar,484.01,73.49,Loam,5610.12,16000,26,122,202,22.44516988,5.617227184,Apple,apple,bihar,6.5,,apple,,apple,,6500.0,104000.0,98389.88
Bihar,270.96,88.77,Loam,11263.14,14000,28,123,202,22.76643029,6.442289294,Apple,apple,bihar,6.5,,apple,,apple,,6500.0,91000.0,79736.86
Bihar,354.89,69.52,Clay,46723.89,15000,26,121,201,22.19109412,6.162034371,Apple,apple,bihar,6.5,,apple,,apple,,6500.0,97500.0,50776.11
Bihar,567.81,68.35,Loam,59168.14,45000,21,137,196,23.6119202,5.812781806,Apple,apple,bihar,6.5,,apple,,apple,,6500.0,292500.0,233331.86
Bihar,570.02,77.09,Clay,11768.73,38000,21,135,198,23.86087054,5.765015126,Apple,apple,bihar,6.5,,apple,,apple,,6500.0,247000.0,235231.27
Bihar,502.64,44.16,Black Soil,39230.81,65000,5,144,205,21.42177231,6.184922574,Apple,apple,bihar,6.5,,apple,,apple,,6500.0,422500.0,383269.19
Bihar,259.36,81.69,Loam,5625.25,55000,2,123,205,22.36629253,5.739652177,Apple,apple,bihar,6.5,,apple,,apple,,6500.0,357500.0,351874.75
Bihar,540.45,49.65,Sandy Loam,8369.01,60000,15,133,199,23.99686172,5.824778636,Apple,apple,bihar,6.5,,apple,,apple,,6500.0,390000.0,381630.99
Bihar,864.07,53.31,Black Soil,51479.34,3200,31,130,198,21.80129837,5.554823557,Apple,apple,bihar,6.5,,apple,,apple,,6500.0,20800.0,-30679.339999999997
Bihar,228.5,65.48,Clay,31671.31,15000,25,143,200,23.80436344,6.024248787,Apple,apple,bihar,6.5,,apple,,apple,,6500.0,97500.0,65828.69
Bihar,1053.51,64.92,Loam,7548.97,18000,16,143,204,23.71475278,5.631333387,Apple,apple,bihar,6.5,,apple,,apple,,6500.0,117000.0,109451.03
Bihar,393.2,56.41,Black Soil,34864.41,22000,19,122,202,23.34467359,5.811975094,Apple,apple,bihar,6.5,,apple,,apple,,6500.0,143000.0,108135.59
Bihar,687.11,52.14,Loam,6145.35,16000,10,125,196,22.31253665,5.730557448,Apple,apple,bihar,6.5,,apple,,apple,,6500.0,104000.0,97854.65
Bihar,337.69,84.58,Sandy Loam,123464.31,14000,20,139,202,23.50201428,5.66999105,Apple,apple,bihar,6.5,,apple,,apple,,6500.0,91000.0,-32464.309999999998
Bihar,461.23,61.5,Sandy Loam,14729.17,15000,28,123,198,23.46260321,5.682751473,Apple,apple,bihar,6.5,,apple,,apple,,6500.0,97500.0,82770.83
Bihar,636.54,70.6,Black Soil,65797.98,45000,28,136,200,23.06204373,6.245858905,Apple,apple,bihar,6.5,,apple,,apple,,6500.0,292500.0,226702.02000000002
Bihar,546.8,64.67,Clay,28225.19,38000,2,131,199,22.47420512,6.017370134,Apple,apple,bihar,6.5,,apple,,apple,,6500.0,247000.0,218774.81
Bihar,616.27,77.81,Loam,43093.98,65000,2,140,197,22.69780133,5.53456749,Apple,apple,bihar,6.5,,apple,,apple,,6500.0,422500.0,379406.02
Bihar,333.34,64.84,Clay,8800.07,55000,27,138,201,23.66682067,5.952367662,Apple,apple,bihar,6.5,,apple,,apple,,6500.0,357500.0,348699.93
Bihar,749.28,76.65,Sandy Loam,19087.53,60000,30,127,204,22.50050273,6.126436584,Apple,apple,bihar,6.5,,apple,,apple,,6500.0,390000.0,370912.47
Bihar,1531.19,65.63,Clay,99756.52,3200,32,145,203,23.83053666,6.406818518,Apple,apple,bihar,6.5,,apple,,apple,,6500.0,20800.0,-78956.52
Bihar,305.74,57.77,Clay,50787.41,15000,29,139,205,23.64142354,6.155939453,Apple,apple,bihar,6.5,,apple,,apple,,6500.0,97500.0,46712.59
Rajasthan,1043.45,76.81,Black Soil,29975.02,18000,26,126,195,21.41363812,5.878568981,Apple,apple,rajasthan,6.5,,apple,,apple,,6500.0,117000.0,87024.98
Rajasthan,344.97,63.5,Loam,10396.84,22000,40,136,202,22.85267372,5.935336308,Apple,apple,rajasthan,6.5,,apple,,apple,,6500.0,143000.0,132603.16
Rajasthan,683.32,51.09,Clay,5792.42,16000,6,124,200,22.98208095,5.971332179,Apple,apple,rajasthan,6.5,,apple,,apple,,6500.0,104000.0,98207.58
Rajasthan,418.44,70.33,Black Soil,18471.08,14000,35,138,200,21.19909519,5.67130617,Apple,apple,rajasthan,6.5,,apple,,apple,,6500.0,91000.0,72528.92
Rajasthan,529.57,63.97,Black Soil,48176.83,15000,17,136,196,23.87192332,5.882155988,Apple,apple,rajasthan,6.5,,apple,,apple,,6500.0,97500.0,49323.17
Rajasthan,548.44,55.16,Clay,30372.48,45000,33,134,205,21.0365275,6.08551916,Apple,apple,rajasthan,6.5,,apple,,apple,,6500.0,292500.0,262127.52
Rajasthan,588.24,73.72,Sandy Loam,77348.1,38000,16,143,197,22.61711614,5.90402645,Apple,apple,rajasthan,6.5,,apple,,apple,,6500.0,247000.0,169651.9
Rajasthan,525.86,75.28,Loam,10954.97,65000,27,120,200,21.45278675,6.110218826,Apple,apple,rajasthan,6.5,,apple,,apple,,6500.0,422500.0,411545.03
Rajasthan,274.95,76.62,Sandy Loam,35003.14,55000,29,145,205,22.81227579,6.212302608,Apple,apple,rajasthan,6.5,,apple,,apple,,6500.0,357500.0,322496.86
Rajasthan,754.82,71.03,Loam,25002.06,60000,3,141,197,21.98141856,6.142803397,Apple,apple,rajasthan,6.5,,apple,,apple,,6500.0,390000.0,364997.94
Rajasthan,1474.79,67.58,Sandy Loam,20344.89,3200,15,123,204,22.52709326,6.365972688,Apple,apple,rajasthan,6.5,,apple,,apple,,6500.0,20800.0,455.1100000000006
Rajasthan,266.71,59.13,Clay,53232.02,15000,5,136,195,22.35628673,6.264202804,Apple,apple,rajasthan,6.5,,apple,,apple,,6500.0,97500.0,44267.98
Rajasthan,647.25,95.0,Black Soil,7600.51,18000,10,136,204,21.19852186,6.276198595,Apple,apple,rajasthan,6.5,,apple,,apple,,6500.0,117000.0,109399.49
Rajasthan,229.7,62.77,Loam,13497.21,22000,7,141,195,23.8812458,5.514253142,Apple,apple,rajasthan,6.5,,apple,,apple,,6500.0,143000.0,129502.79000000001
Rajasthan,441.94,76.35,Black Soil,7137.39,16000,2,129,201,22.78234161,5.682343744,Apple,apple,rajasthan,6.5,,apple,,apple,,6500.0,104000.0,96862.61
Rajasthan,246.79,59.59,Loam,108006.43,14000,29,138,197,22.19055385,5.830892252,Apple,apple,rajasthan,6.5,,apple,,apple,,6500.0,91000.0,-17006.429999999993
Rajasthan,328.46,63.36,Black Soil,31421.62,15000,30,137,200,22.91430043,5.603413172,Apple,apple,rajasthan,6.5,,apple,,apple,,6500.0,97500.0,66078.38
Rajasthan,469.73,80.42,Loam,57890.56,45000,29,132,204,23.08950736,6.0967531,Apple,apple,rajasthan,6.5,,apple,,apple,,6500.0,292500.0,234609.44
Rajasthan,498.36,64.83,Loam,9350.78,38000,14,139,197,21.72484506,6.056529526,Apple,apple,rajasthan,6.5,,apple,,apple,,6500.0,247000.0,237649.22
Rajasthan,445.65,47.26,Sandy Loam,16832.8,65000,18,125,203,22.44307715,6.160267496,Apple,apple,rajasthan,6.5,,apple,,apple,,6500.0,422500.0,405667.2
Rajasthan,289.99,61.1,Black Soil,7298.01,55000,33,143,204,21.1316077,5.814434775,Apple,apple,rajasthan,6.5,,apple,,apple,,6500.0,357500.0,350201.99
Rajasthan,613.02,62.65,Black Soil,9760.5,60000,40,144,196,22.71750705,5.987262638,Apple,apple,rajasthan,6.5,,apple,,apple,,6500.0,390000.0,380239.5
Rajasthan,938.77,49.88,Clay,9376.68,3200,9,143,197,23.75033085,5.570020684,Apple,apple,rajasthan,6.5,,apple,,apple,,6500.0,20800.0,11423.32
Rajasthan,205.19,70.47,Loam,29228.85,15000,38,135,203,23.76121837,5.965551311,Apple,apple,rajasthan,6.5,,apple,,apple,,6500.0,97500.0,68271.15
Rajasthan,1366.48,69.87,Loam,27714.97,18000,28,130,196,22.13450646,6.062356467,Apple,apple,rajasthan,6.5,,apple,,apple,,6500.0,117000.0,89285.03
Rajasthan,425.79,50.17,Sandy Loam,12065.74,22000,35,142,203,21.17089176,5.895319002,Apple,apple,rajasthan,6.5,,apple,,apple,,6500.0,143000.0,130934.26
Rajasthan,610.94,54.49,Loam,19563.33,16000,12,129,205,22.36238282,6.119432215,Apple,apple,rajasthan,6.5,,apple,,apple,,6500.0,104000.0,84436.67
Rajasthan,440.09,68.6,Black Soil,60844.65,14000,1,135,203,22.77856513,5.624203283,Apple,apple,rajasthan,6.5,,apple,,apple,,6500.0,91000.0,30155.35
Rajasthan,509.8,62.97,Sandy Loam,11661.35,15000,0,145,205,21.22503442,5.52078314,Apple,apple,rajasthan,6.5,,apple,,apple,,6500.0,97500.0,85838.65
Rajasthan,625.46,80.38,Black Soil,35146.17,45000,31,121,201,23.15791104,5.731535258,Apple,apple,rajasthan,6.5,,apple,,apple,,6500.0,292500.0,257353.83000000002
Rajasthan,825.46,68.32,Black Soil,9019.21,38000,35,131,203,22.42776057,5.893490899,Apple,apple,rajasthan,6.5,,apple,,apple,,6500.0,247000.0,237980.79
Rajasthan,678.14,53.85,Clay,17555.77,65000,29,140,195,23.64082979,5.560521058,Apple,apple,rajasthan,6.5,,apple,,apple,,6500.0,422500.0,404944.23
Rajasthan,404.03,66.54,Loam,96241.59,55000,33,138,198,22.29423493,6.222390798,Apple,apple,rajasthan,6.5,,apple,,apple,,6500.0,357500.0,261258.41
Rajasthan,905.3,48.36,Loam,4710.08,60000,14,140,197,23.35225078,6.071255131,Apple,apple,rajasthan,6.5,,apple,,apple,,6500.0,390000.0,385289.92
Rajasthan,1359.22,61.23,Clay,29637.31,3200,35,145,195,22.03911546,6.231950009,Apple,apple,rajasthan,6.5,,apple,,apple,,6500.0,20800.0,-8837.310000000001
Rajasthan,306.98,71.66,Sandy Loam,14003.46,15000,40,120,197,23.80593812,5.889480679,Apple,apple,rajasthan,6.5,,apple,,apple,,6500.0,97500.0,83496.54000000001
Rajasthan,910.63,67.46,Loam,29488.36,18000,25,132,198,22.31944084,5.732757516,Apple,apple,rajasthan,6.5,,apple,,apple,,6500.0,117000.0,87511.64
Rajasthan,174.0,51.56,Black Soil,6699.24,22000,31,137,196,22.14464104,6.400321212,Apple,apple,rajasthan,6.5,,apple,,apple,,6500.0,143000.0,136300.76
Rajasthan,416.87,71.84,Clay,22576.18,16000,36,144,196,23.65167552,6.496934492,Apple,apple,rajasthan,6.5,,apple,,apple,,6500.0,104000.0,81423.82
Rajasthan,269.36,58.19,Clay,36849.67,14000,10,140,197,22.16939473,6.229498836,Apple,apple,rajasthan,6.5,,apple,,apple,,6500.0,91000.0,54150.33
Rajasthan,298.87,86.57,Black Soil,3620.47,15000,22,30,12,15.78144173,6.354006744,Orange,orange,rajasthan,,,orange,,orange,,1681.1975479636694,25217.96321945504,21597.49321945504
Rajasthan,375.42,66.62,Black Soil,19439.3,45000,37,6,13,26.03097313,7.511755068,Orange,orange,rajasthan,,,orange,,orange,,2706.983412315394,121814.25355419274,102374.95355419273
Rajasthan,497.65,72.81,Loam,94995.31,38000,27,13,6,13.36050601,7.335158382,Orange,orange,rajasthan,,,orange,,orange,,1964.8407533178965,74663.94862608008,-20331.36137391992
Rajasthan,498.25,68.12,Clay,34725.15,65000,7,16,9,18.87957654,7.813916603,Orange,orange,rajasthan,,,orange,,orange,,2064.806661690761,134212.43300989945,99487.28300989946
Rajasthan,260.45,70.27,Loam,10479.36,55000,20,7,9,29.47741671,7.129136941,Orange,orange,rajasthan,,,orange,,orange,,2185.9647745554594,120228.06260055027,109748.70260055027
Rajasthan,517.73,65.99,Clay,9944.68,60000,26,27,10,28.06903173,6.079998496,Orange,orange,rajasthan,,,orange,,orange,,2508.60587660301,150516.3525961806,140571.6725961806
Rajasthan,891.7,54.79,Loam,42037.98,3200,5,23,15,25.66901098,7.408939392,Orange,orange,rajasthan,,,orange,,orange,,2807.8851580911505,8985.232505891681,-33052.74749410832
Rajasthan,169.67,80.17,Black Soil,33866.09,15000,0,18,14,29.77149434,7.207991261,Orange,orange,rajasthan,,,orange,,orange,,1724.656150950648,25869.842264259718,-7996.247735740279
Rajasthan,1278.82,66.15,Sandy Loam,55616.81,18000,39,24,14,30.55472573,7.189259647,Orange,orange,rajasthan,,,orange,,orange,,3331.2888123658945,59963.1986225861,4346.388622586099
Rajasthan,389.84,61.71,Sandy Loam,11034.36,22000,13,23,6,23.96147583,7.365338111,Orange,orange,rajasthan,,,orange,,orange,,2894.899404900527,63687.78690781159,52653.42690781159
Rajasthan,653.76,53.73,Sandy Loam,132327.64,16000,21,17,15,23.98289638,7.455991072,Orange,orange,rajasthan,,,orange,,orange,,2937.1969921868103,46995.151874988966,-85332.48812501105
Rajasthan,297.23,69.68,Loam,9880.96,14000,33,12,8,25.26052689,6.822282114,Orange,orange,rajasthan,,,orange,,orange,,2321.928437289601,32506.99812205441,22626.03812205441
Rajasthan,489.18,59.1,Sandy Loam,4732.01,15000,6,9,12,31.08368929,7.028746406,Orange,orange,rajasthan,,,orange,,orange,,2364.8687403454005,35473.031105181006,30741.021105181004
Rajasthan,742.17,71.7,Sandy Loam,81814.8,45000,19,7,10,14.78003032,6.118430299,Orange,orange,rajasthan,,,orange,,orange,,2329.140876642763,104811.33944892434,22996.539448924334
Rajasthan,549.98,67.19,Loam,47077.46,38000,24,18,6,26.56608303,6.285312759,Orange,orange,rajasthan,,,orange,,orange,,2857.677751151738,108591.75454376604,61514.294543766046
Rajasthan,668.43,75.51,Loam,27198.36,65000,9,11,8,24.85903405,6.559236744,Orange,orange,rajasthan,,,orange,,orange,,3105.987928093374,201889.2153260693,174690.8553260693
Rajasthan,340.6,65.45,Black Soil,106135.25,55000,31,8,7,34.51465139,7.163245982,Orange,orange,rajasthan,,,orange,,orange,,1962.6593253721455,107946.26289546801,1811.0128954680113
Rajasthan,924.3,67.93,Sandy Loam,19078.58,60000,22,17,5,24.12188673,6.945562889,Orange,orange,rajasthan,,,orange,,orange,,3141.831529667075,188509.89178002448,169431.3117800245
Rajasthan,1453.67,62.99,Black Soil,28350.22,3200,13,5,8,23.85340379,7.474710503,Orange,orange,rajasthan,,,orange,,orange,,3606.0518431774067,11539.365898167702,-16810.8541018323
Rajasthan,272.14,71.93,Clay,8547.56,15000,16,8,9,24.60297538,7.601189843,Orange,orange,rajasthan,,,orange,,orange,,2847.270420275288,42709.05630412932,34161.49630412932
Karnataka,906.37,65.52,Clay,30070.72,18000,4,13,6,15.63211033,7.561143224,Orange,orange,karnataka,,,orange,,orange,,2653.8395137783937,47769.11124801109,17698.39124801109
Karnataka,250.91,40.68,Loam,40407.59,22000,0,25,14,19.33516809,6.361671475,Orange,orange,karnataka,,,orange,,orange,,2357.6985893274227,51869.368965203306,11461.77896520331
Karnataka,557.71,68.7,Loam,9009.28,16000,8,7,10,28.2620488,6.929216014,Orange,orange,karnataka,,,orange,,orange,,2686.088418420734,42977.41469473174,33968.13469473174
Karnataka,273.31,75.83,Loam,9682.68,14000,4,23,5,22.67594476,7.477935216,Orange,orange,karnataka,,,orange,,orange,,2733.7001036149686,38271.80145060956,28589.121450609557
Karnataka,369.64,60.89,Loam,23534.81,15000,33,14,8,21.03200078,7.684420446,Orange,orange,karnataka,,,orange,,orange,,2453.0566949011327,36795.85042351699,13261.040423516988
Karnataka,447.98,59.56,Loam,126899.52,45000,30,7,15,33.23453301,7.825531916,Orange,orange,karnataka,,,orange,,orange,,1987.47628868224,89436.43299070079,-37463.08700929921
Karnataka,545.83,79.13,Sandy Loam,9221.62,38000,21,29,12,22.30318989,6.438668989,Orange,orange,karnataka,,,orange,,orange,,3003.3622888554837,114127.76697650838,104906.14697650839
Karnataka,476.04,67.05,Clay,9177.71,65000,11,14,5,11.50322938,6.946354724,Orange,orange,karnataka,,,orange,,orange,,2163.2291637525896,140609.8956439183,131432.18564391832
Karnataka,265.57,80.4,Loam,5418.36,55000,9,8,15,14.34320488,7.994465371,Orange,orange,karnataka,,,orange,,orange,,1825.622309882079,100409.22704351434,94990.86704351434
Karnataka,573.96,58.91,Black Soil,104689.86,60000,5,18,14,33.1056981,7.434118807,Orange,orange,karnataka,,,orange,,orange,,2204.9069120825525,132294.41472495315,27604.554724953152
Karnataka,1152.52,70.1,Sandy Loam,22656.74,3200,29,25,14,30.49183837,7.781988584,Orange,orange,karnataka,,,orange,,orange,,2969.3434505559376,9501.899041779001,-13154.840958221
Karnataka,279.65,49.16,Black Soil,25448.95,15000,33,12,15,30.25578031,6.052318465,Orange,orange,karnataka,,,orange,,orange,,2313.7585907414223,34706.37886112134,9257.428861121338
Karnataka,721.93,61.16,Sandy Loam,47280.28,18000,8,16,6,12.22816189,7.106650373,Orange,orange,karnataka,,,orange,,orange,,2237.6334170042883,40277.401506077185,-7002.8784939228135
Karnataka,252.68,61.54,Loam,23405.45,22000,15,14,8,10.01081312,6.22094286,Orange,orange,karnataka,,,orange,,orange,,1805.6658196630506,39724.648032587116,16319.198032587115
Karnataka,493.2,56.36,Sandy Loam,80971.5,16000,16,7,8,22.79196751,6.420457311,Orange,orange,karnataka,,,orange,,orange,,3045.0143230847893,48720.22916935663,-32251.27083064337
Karnataka,212.28,56.58,Loam,23361.15,14000,0,12,7,20.18432263,6.969249676,Orange,orange,karnataka,,,orange,,orange,,2506.6043181410328,35092.46045397446,11731.31045397446
Karnataka,340.11,55.38,Clay,10184.11,15000,5,25,6,30.72119881,6.011302181,Orange,orange,karnataka,,,orange,,orange,,2285.913793903444,34288.70690855166,24104.596908551663
Karnataka,343.51,52.99,Loam,41835.89,45000,6,8,11,24.35590861,6.600948788,Orange,orange,karnataka,,,orange,,orange,,2816.061183034967,126722.75323657352,84886.86323657352
Karnataka,420.15,61.36,Loam,30412.05,38000,10,5,5,21.21306973,7.817846496,Orange,orange,karnataka,,,orange,,orange,,2143.1372338445894,81439.2148860944,51027.1648860944
Karnataka,454.68,66.1,Sandy Loam,20540.28,65000,1,17,6,10.78689755,6.8198271,Orange,orange,karnataka,,,orange,,orange,,2058.23365235183,133785.18740286896,113244.90740286896
Karnataka,148.96,71.57,Sandy Loam,23077.12,55000,1,30,10,11.89925671,7.291405641,Orange,orange,karnataka,,,orange,,orange,,2125.3528017593867,116894.40409676627,93817.28409676628
Karnataka,410.47,90.88,Black Soil,17049.56,60000,0,23,15,22.56664172,7.598729065,Orange,orange,karnataka,,,orange,,orange,,2396.3657657238955,143781.94594343373,126732.38594343374
Karnataka,692.04,61.91,Sandy Loam,8437.73,3200,24,27,9,18.86883219,6.157135092,Orange,orange,karnataka,,,orange,,orange,,2307.2025591278007,7383.048189208962,-1054.6818107910376
Karnataka,185.77,66.69,Sandy Loam,86510.94,15000,36,11,13,17.34083741,7.1917274,Orange,orange,karnataka,,,orange,,orange,,1962.578146651503,29438.672199772544,-57072.26780022746
Karnataka,1153.3,63.97,Sandy Loam,115490.79,18000,40,21,8,34.90665289,7.418761774,Orange,orange,karnataka,,,orange,,orange,,2345.408332705223,42217.34998869401,-73273.44001130598
Karnataka,522.42,86.54,Clay,25648.79,22000,40,22,6,24.53610067,6.488221135,Orange,orange,karnataka,,,orange,,orange,,2510.366415269596,55228.06113593111,29579.271135931107
Karnataka,691.99,65.29,Sandy Loam,8446.77,16000,32,18,13,13.8377282,6.044167236,Orange,orange,karnataka,,,orange,,orange,,2143.790501910458,34300.648030567325,25853.878030567324
Karnataka,398.6,53.52,Black Soil,58015.55,14000,9,10,10,22.3551049,6.010391864,Orange,orange,karnataka,,,orange,,orange,,2098.2904748863575,29376.066648409003,-28639.483351591
Karnataka,602.93,59.77,Clay,34766.89,15000,13,16,8,34.74004942,6.949838549,Orange,orange,karnataka,,,orange,,orange,,2307.4680466564164,34612.020699846245,-154.869300153754
Karnataka,649.71,66.43,Loam,9777.57,45000,15,9,11,11.54785707,7.907956251,Orange,orange,karnataka,,,orange,,orange,,2216.276791611856,99732.45562253351,89954.8856225335
Karnataka,826.92,65.54,Loam,94163.56,38000,29,11,5,23.13338811,7.639788459,Orange,orange,karnataka,,,orange,,orange,,2599.7220946977577,98789.43959851479,4625.879598514788
Karnataka,727.21,69.11,Sandy Loam,4709.39,65000,1,15,9,29.98364695,7.53350946,Orange,orange,karnataka,,,orange,,orange,,3019.004217093877,196235.274111102,191525.88411110197
Karnataka,412.47,73.14,Loam,9470.81,55000,18,5,11,20.87947369,6.251586885,Orange,orange,karnataka,,,orange,,orange,,2563.229230503584,140977.60767769712,131506.79767769712
Karnataka,1012.97,77.39,Loam,15211.81,60000,14,22,9,17.24944623,6.543191814,Orange,orange,karnataka,,,orange,,orange,,2997.1653817411025,179829.92290446616,164618.11290446616
Karnataka,1617.42,59.7,Black Soil,47693.86,3200,33,15,7,15.83388699,7.651225301,Orange,orange,karnataka,,,orange,,orange,,2765.8030412100516,8850.569731872165,-38843.290268127836
Karnataka,372.11,62.39,Sandy Loam,10150.15,15000,4,6,7,23.01014302,6.708889665,Orange,orange,karnataka,,,orange,,orange,,2784.994260563643,41774.91390845464,31624.76390845464
Karnataka,972.87,59.67,Clay,28111.19,18000,17,16,14,16.39624284,6.625538653,Orange,orange,karnataka,,,orange,,orange,,2348.2940527161795,42269.292948891234,14158.102948891235
Karnataka,368.36,65.11,Clay,6693.98,22000,12,20,10,24.45132792,6.528354932,Orange,orange,karnataka,,,orange,,orange,,2856.1861020798437,62836.09424575656,56142.11424575656
Karnataka,578.96,58.47,Black Soil,95391.14,16000,34,29,8,31.87859192,6.450640306,Orange,orange,karnataka,,,orange,,orange,,2463.1469984198575,39410.35197471772,-55980.78802528228
Karnataka,258.37,70.87,Clay,10451.88,14000,39,28,10,31.34920143,7.181907673,Orange,orange,karnataka,,,orange,,orange,,2349.922223409711,32898.911127735955,22447.031127735958
Karnataka,456.06,57.87,Sandy Loam,3970.21,15000,31,25,12,18.05142392,7.016482298,Orange,orange,karnataka,,,orange,,orange,,2064.391199023275,30965.867985349123,26995.657985349124
Karnataka,476.28,64.15,Loam,33195.95,45000,12,6,8,30.84835031,6.388617138,Orange,orange,karnataka,,,orange,,orange,,2190.9282139312973,98591.76962690837,65395.81962690837
Karnataka,515.07,67.28,Black Soil,53648.29,38000,12,29,13,22.45616931,7.57125447,Orange,orange,karnataka,,,orange,,orange,,2732.661893339037,103841.1519468834,50192.8619468834
Karnataka,619.71,63.16,Sandy Loam,16952.21,65000,26,11,11,13.70319166,7.609348255,Orange,orange,karnataka,,,orange,,orange,,1954.861219521713,127065.97926891135,110113.76926891136
Karnataka,291.8,58.44,Loam,42377.52,55000,19,24,15,20.48954522,7.137136973,Orange,orange,karnataka,,,orange,,orange,,2435.351345012649,133944.3239756957,91566.80397569572
Karnataka,749.37,58.64,Loam,11343.63,60000,39,21,9,13.20844373,6.354022554,Orange,orange,karnataka,,,orange,,orange,,1941.3098922036663,116478.59353221998,105134.96353221998
Karnataka,1026.59,61.29,Clay,12323.54,3200,16,29,13,32.31944397,6.196907944,Orange,orange,karnataka,,,orange,,orange,,2932.475868097164,9383.922777910924,-2939.6172220890767
Karnataka,293.24,66.12,Black Soil,10781.91,15000,36,29,13,20.68185224,7.829507245,Orange,orange,karnataka,,,orange,,orange,,1993.4737282262868,29902.1059233943,19120.1959233943
Karnataka,908.03,84.5,Loam,82372.83,18000,37,23,12,31.52675982,6.395258356,Orange,orange,karnataka,,,orange,,orange,,2823.5127675503372,50823.22981590607,-31549.600184093935
Karnataka,412.19,73.75,Clay,11235.71,22000,39,9,15,25.35467646,7.992041984,Orange,orange,karnataka,,,orange,,orange,,2709.24009520712,59603.282094556635,48367.572094556635
Karnataka,615.69,75.67,Sandy Loam,103399.02,16000,31,5,14,17.66545409,6.583411671,Orange,orange,karnataka,,,orange,,orange,,2283.1640421242923,36530.62467398868,-66868.39532601132
Karnataka,292.27,60.93,Sandy Loam,12029.23,14000,18,12,8,12.59093977,6.206053072,Orange,orange,karnataka,,,orange,,orange,,2014.1424083506206,28197.993716908688,16168.763716908688
Karnataka,387.6,72.88,Sandy Loam,17070.18,15000,20,20,10,11.86631922,6.976997772,Orange,orange,karnataka,,,orange,,orange,,2032.8080316965077,30492.120475447617,13421.940475447616
Karnataka,544.22,60.99,Black Soil,7729.55,45000,5,8,5,11.03367937,6.562594972,Orange,orange,karnataka,,,orange,,orange,,1909.4201961521742,85923.90882684784,78194.35882684783
Karnataka,778.3,63.54,Clay,33466.39,38000,20,8,12,25.2990432,7.260416405,Orange,orange,karnataka,,,orange,,orange,,2663.7887235203466,101223.97149377316,67757.58149377316
Karnataka,857.49,59.22,Clay,19849.8,65000,25,21,11,32.23797837,6.460044778,Orange,orange,karnataka,,,orange,,orange,,2100.0043473609667,136500.28257846285,116650.48257846285
Karnataka,407.86,60.33,Loam,5346.68,55000,14,19,14,17.68408797,6.699164936,Orange,orange,karnataka,,,orange,,orange,,2382.829662742441,131055.63145083426,125708.95145083425
Karnataka,664.7,77.98,Loam,21234.87,60000,37,18,12,10.2708877,7.401121811,Orange,orange,karnataka,,,orange,,orange,,1699.4415253581994,101966.49152149196,80731.62152149196
Karnataka,1566.81,60.51,Black Soil,11088.83,3200,26,15,6,17.22034507,6.912033409,Orange,orange,karnataka,,,orange,,orange,,3173.9404646410853,10156.609486851472,-932.220513148528
Karnataka,378.45,69.82,Sandy Loam,9332.6,15000,13,22,5,19.667056,7.764040111,Orange,orange,karnataka,,,orange,,orange,,2243.651205964277,33654.76808946415,24322.168089464154
Maharashtra,1468.83,55.35,Loam,98204.4,18000,32,25,9,10.35609594,7.796034006,Orange,orange,maharashtra,,,orange,,orange,,2610.3029847522143,46985.45372553986,-51218.94627446013
Maharashtra,467.88,62.57,Sandy Loam,60586.8,22000,19,7,9,27.255435,6.969883483,Orange,orange,maharashtra,,,orange,,orange,,2543.692712303114,55961.23967066852,-4625.560329331485
Maharashtra,639.43,56.37,Black Soil,35385.66,16000,28,7,9,34.5917846,6.730757538,Orange,orange,maharashtra,,,orange,,orange,,2262.7767921282566,36204.428674052106,818.7686740521021
Maharashtra,327.16,64.41,Black Soil,16576.88,14000,24,30,11,32.39523995,6.601395755,Orange,orange,maharashtra,,,orange,,orange,,2398.8408678565943,33583.77214999232,17006.89214999232
Maharashtra,503.35,73.62,Loam,166089.3,15000,7,17,10,10.16431299,6.465913274,Orange,orange,maharashtra,,,orange,,orange,,2010.3300445654775,30154.950668482157,-135934.34933151782
Maharashtra,627.39,63.03,Clay,48222.94,45000,18,23,8,21.49118657,6.41354791,Orange,orange,maharashtra,,,orange,,orange,,2741.343893825381,123360.47522214217,75137.53522214216
Maharashtra,637.75,73.11,Sandy Loam,21117.3,38000,7,20,12,16.53460397,6.475275337,Orange,orange,maharashtra,,,orange,,orange,,2510.8949891784678,95414.00958878179,74296.70958878178
Maharashtra,660.87,63.39,Loam,10903.8,65000,20,23,11,31.8520694,6.407715561,Orange,orange,maharashtra,,,orange,,orange,,2109.100497611091,137091.53234472094,126187.73234472093
Maharashtra,340.23,75.51,Sandy Loam,25870.37,55000,18,14,11,28.04799508,6.550814117,Orange,orange,maharashtra,,,orange,,orange,,2654.8617069089364,146017.3938799915,120147.0238799915
Maharashtra,583.57,71.83,Loam,4456.49,60000,34,11,10,31.75048899,7.36220835,Orange,orange,maharashtra,,,orange,,orange,,2578.2770547946866,154696.6232876812,150240.1332876812
Maharashtra,1298.28,58.96,Clay,4121.44,3200,20,29,10,29.07412717,7.36549204,Orange,orange,maharashtra,,,orange,,orange,,2805.8194567699334,8978.622261663788,4857.182261663788
Maharashtra,295.17,68.26,Black Soil,11077.15,15000,37,24,13,19.14381903,7.8546243,Orange,orange,maharashtra,,,orange,,orange,,2146.709289422385,32200.639341335776,21123.48934133578
Maharashtra,1469.02,73.45,Loam,10348.8,18000,12,8,10,16.14820285,7.995848977,Orange,orange,maharashtra,,,orange,,orange,,2835.7556826063246,51043.60228691384,40694.80228691384
Maharashtra,475.62,62.67,Sandy Loam,8730.06,22000,34,10,14,34.05296914,6.725600855,Orange,orange,maharashtra,,,orange,,orange,,2235.7060099787022,49185.53221953145,40455.47221953145
Maharashtra,594.58,72.64,Clay,10791.37,16000,6,13,9,34.51423957,7.786725333,Orange,orange,maharashtra,,,orange,,orange,,2304.825853453939,36877.213655263025,26085.843655263023
Maharashtra,316.71,57.48,Black Soil,27794.07,14000,27,30,5,32.71748548,7.656978112,Orange,orange,maharashtra,,,orange,,orange,,2425.8764326931823,33962.270057704554,6168.200057704555
Maharashtra,579.21,68.21,Clay,9802.54,15000,13,8,12,25.16296632,7.105904818,Orange,orange,maharashtra,,,orange,,orange,,3139.139688373232,47087.09532559848,37284.55532559848
Maharashtra,765.37,67.0,Black Soil,45143.07,45000,6,7,7,27.68167318,7.199106204,Orange,orange,maharashtra,,,orange,,orange,,2457.3387853023514,110580.24533860582,65437.17533860582
Maharashtra,720.13,75.63,Clay,11751.05,38000,40,17,15,21.35093384,7.871063004,Orange,orange,maharashtra,,,orange,,orange,,2796.9065603115373,106282.44929183842,94531.39929183842
Maharashtra,962.64,77.45,Loam,7304.27,65000,31,26,9,11.69894639,7.566165721,Orange,orange,maharashtra,,,orange,,orange,,2568.738246386045,166967.98601509293,159663.71601509294
Maharashtra,380.22,65.86,Clay,13217.21,55000,61,68,50,35.21462816,6.793245417,Papaya,papaya,maharashtra,30.0,,papaya,,papaya,,30000.0,1650000.0,1636782.79
Maharashtra,940.95,58.25,Clay,96509.82,60000,58,46,45,42.39413392,6.576261427,Papaya,papaya,maharashtra,30.0,,papaya,,papaya,,30000.0,1800000.0,1703490.18
Maharashtra,1611.29,53.22,Sandy Loam,45245.71,3200,45,47,55,38.4191628,6.751452932,Papaya,papaya,maharashtra,30.0,,papaya,,papaya,,30000.0,96000.0,50754.29
Maharashtra,343.86,73.18,Loam,4136.25,15000,39,65,53,35.33294932,6.560743093,Papaya,papaya,maharashtra,30.0,,papaya,,papaya,,30000.0,450000.0,445863.75
Maharashtra,813.93,65.19,Sandy Loam,13726.2,18000,31,68,45,42.92325255,6.938313356,Papaya,papaya,maharashtra,30.0,,papaya,,papaya,,30000.0,540000.0,526273.8
Maharashtra,305.85,64.61,Loam,7104.6,22000,70,68,45,33.83508569,6.991626158,Papaya,papaya,maharashtra,30.0,,papaya,,papaya,,30000.0,660000.0,652895.4
Maharashtra,488.6,57.2,Clay,58010.05,16000,68,62,50,33.20258348,6.977700268,Papaya,papaya,maharashtra,30.0,,papaya,,papaya,,30000.0,480000.0,421989.95
Maharashtra,268.81,70.38,Black Soil,33137.66,14000,34,65,47,23.48546973,6.833768535,Papaya,papaya,maharashtra,30.0,,papaya,,papaya,,30000.0,420000.0,386862.33999999997
Maharashtra,302.23,57.66,Loam,27216.71,15000,38,68,54,29.33710543,6.739170045,Papaya,papaya,maharashtra,30.0,,papaya,,papaya,,30000.0,450000.0,422783.29
Maharashtra,559.99,52.01,Loam,7991.59,45000,69,64,47,40.21199348,6.993473247,Papaya,papaya,maharashtra,30.0,,papaya,,papaya,,30000.0,1350000.0,1342008.41
Maharashtra,632.33,65.39,Black Soil,75446.33,38000,58,51,47,42.13473976,6.757470637,Papaya,papaya,maharashtra,30.0,,papaya,,papaya,,30000.0,1140000.0,1064553.67
Maharashtra,556.2,69.49,Clay,10663.97,65000,59,47,53,32.86316618,6.850663232,Papaya,papaya,maharashtra,30.0,,papaya,,papaya,,30000.0,1950000.0,1939336.03
Maharashtra,378.33,50.17,Black Soil,3635.02,55000,44,64,54,29.80744318,6.74274935,Papaya,papaya,maharashtra,30.0,,papaya,,papaya,,30000.0,1650000.0,1646364.98
Maharashtra,773.9,52.95,Black Soil,17568.46,60000,56,57,48,31.56213762,6.506120752,Papaya,papaya,maharashtra,30.0,,papaya,,papaya,,30000.0,1800000.0,1782431.54
Maharashtra,1109.82,67.82,Loam,46887.5,3200,69,60,54,36.32268069,6.98992719,Papaya,papaya,maharashtra,30.0,,papaya,,papaya,,30000.0,96000.0,49112.5
Maharashtra,301.4,70.43,Black Soil,13157.08,15000,56,58,49,37.13165026,6.69215564,Papaya,papaya,maharashtra,30.0,,papaya,,papaya,,30000.0,450000.0,436842.92
Maharashtra,1784.48,55.6,Sandy Loam,9644.21,18000,49,55,53,38.4418717,6.544029776,Papaya,papaya,maharashtra,30.0,,papaya,,papaya,,30000.0,540000.0,530355.79
Maharashtra,481.79,61.18,Clay,17553.8,22000,38,51,52,32.66160599,6.927803911,Papaya,papaya,maharashtra,30.0,,papaya,,papaya,,30000.0,660000.0,642446.2
Maharashtra,882.15,62.53,Sandy Loam,10126.73,16000,54,65,47,27.92765919,6.721835879,Papaya,papaya,maharashtra,30.0,,papaya,,papaya,,30000.0,480000.0,469873.27
Maharashtra,469.69,77.47,Clay,58436.62,14000,57,57,51,39.01793345,6.99223441,Papaya,papaya,maharashtra,30.0,,papaya,,papaya,,30000.0,420000.0,361563.38
Maharashtra,667.06,60.92,Clay,35407.16,15000,39,52,53,32.51247398,6.704204398,Papaya,papaya,maharashtra,30.0,,papaya,,papaya,,30000.0,450000.0,414592.83999999997
Maharashtra,782.75,60.63,Sandy Loam,10690.79,45000,58,67,45,38.72382798,6.702424548,Papaya,papaya,maharashtra,30.0,,papaya,,papaya,,30000.0,1350000.0,1339309.21
Maharashtra,877.91,50.49,Black Soil,31907.6,38000,61,64,52,43.30204933,6.641098708,Papaya,papaya,maharashtra,30.0,,papaya,,papaya,,30000.0,1140000.0,1108092.4
Maharashtra,676.96,52.57,Black Soil,41422.89,65000,34,62,55,27.58548913,6.585346229,Papaya,papaya,maharashtra,30.0,,papaya,,papaya,,30000.0,1950000.0,1908577.11
Maharashtra,467.45,66.54,Loam,23631.6,55000,31,48,45,40.78881819,6.563134737,Papaya,papaya,maharashtra,30.0,,papaya,,papaya,,30000.0,1650000.0,1626368.4
Maharashtra,952.7,70.98,Black Soil,63037.94,60000,47,46,52,23.19451074,6.502289473,Papaya,papaya,maharashtra,30.0,,papaya,,papaya,,30000.0,1800000.0,1736962.06
Maharashtra,1418.28,49.42,Black Soil,19309.12,3200,32,68,52,32.68067385,6.800321319,Papaya,papaya,maharashtra,30.0,,papaya,,papaya,,30000.0,96000.0,76690.88
Maharashtra,352.48,71.47,Clay,42629.2,15000,36,59,46,34.28879307,6.721130543,Papaya,papaya,maharashtra,30.0,,papaya,,papaya,,30000.0,450000.0,407370.8
Maharashtra,824.71,83.26,Loam,43883.23,18000,61,51,51,39.30050027,6.574677594,Papaya,papaya,maharashtra,30.0,,papaya,,papaya,,30000.0,540000.0,496116.77
Maharashtra,334.65,67.87,Sandy Loam,14052.66,22000,70,54,46,39.73149053,6.919342407,Papaya,papaya,maharashtra,30.0,,papaya,,papaya,,30000.0,660000.0,645947.34
Maharashtra,346.74,63.98,Black Soil,51647.32,16000,44,56,49,39.23342464,6.519779583,Papaya,papaya,maharashtra,30.0,,papaya,,papaya,,30000.0,480000.0,428352.68
Maharashtra,247.07,59.77,Sandy Loam,3300.52,14000,34,68,51,27.34734861,6.687088098,Papaya,papaya,maharashtra,30.0,,papaya,,papaya,,30000.0,420000.0,416699.48
Maharashtra,363.3,77.66,Sandy Loam,25878.9,15000,50,59,47,40.76998685,6.747975732,Papaya,papaya,maharashtra,30.0,,papaya,,papaya,,30000.0,450000.0,424121.1
Maharashtra,424.65,60.94,Loam,5524.3,45000,39,70,52,26.26559543,6.65149129,Papaya,papaya,maharashtra,30.0,,papaya,,papaya,,30000.0,1350000.0,1344475.7
Maharashtra,624.35,70.87,Clay,17463.55,38000,34,61,49,28.12971499,6.502675132,Papaya,papaya,maharashtra,30.0,,papaya,,papaya,,30000.0,1140000.0,1122536.45
Maharashtra,557.94,79.0,Sandy Loam,10141.74,65000,44,60,55,34.2804607,6.825371185,Papaya,papaya,maharashtra,30.0,,papaya,,papaya,,30000.0,1950000.0,1939858.26
Maharashtra,231.42,52.37,Black Soil,17803.71,55000,31,62,52,33.7960155,6.99104104,Papaya,papaya,maharashtra,30.0,,papaya,,papaya,,30000.0,1650000.0,1632196.29
Maharashtra,699.59,69.81,Sandy Loam,150206.29,60000,65,62,51,31.53243779,6.511624841,Papaya,papaya,maharashtra,30.0,,papaya,,papaya,,30000.0,1800000.0,1649793.71
Maharashtra,884.8,77.72,Clay,11781.4,3200,44,57,53,42.30495821,6.93172108,Papaya,papaya,maharashtra,30.0,,papaya,,papaya,,30000.0,96000.0,84218.6
Maharashtra,245.26,62.71,Loam,46713.22,15000,50,47,48,24.63676897,6.712772333,Papaya,papaya,maharashtra,30.0,,papaya,,papaya,,30000.0,450000.0,403286.78
UttarPradesh,875.83,70.95,Clay,7133.5,18000,43,50,48,28.28222883,6.63016515,Papaya,papaya,uttarpradesh,30.0,,papaya,,papaya,,30000.0,540000.0,532866.5
UttarPradesh,276.36,62.91,Loam,27130.92,22000,60,46,53,24.48620746,6.761953186,Papaya,papaya,uttarpradesh,30.0,,papaya,,papaya,,30000.0,660000.0,632869.08
UttarPradesh,550.74,61.62,Black Soil,159055.88,16000,70,68,55,42.84609252,6.691202286,Papaya,papaya,uttarpradesh,30.0,,papaya,,papaya,,30000.0,480000.0,320944.12
UttarPradesh,292.68,63.93,Clay,22018.57,14000,59,62,52,43.67549305,6.608667684,Papaya,papaya,uttarpradesh,30.0,,papaya,,papaya,,30000.0,420000.0,397981.43
UttarPradesh,426.04,71.9,Clay,7276.11,15000,60,58,51,42.07213781,6.840802254,Papaya,papaya,uttarpradesh,30.0,,papaya,,papaya,,30000.0,450000.0,442723.89
UttarPradesh,503.7,70.36,Sandy Loam,41058.16,45000,42,60,47,33.46873719,6.834808348,Papaya,papaya,uttarpradesh,30.0,,papaya,,papaya,,30000.0,1350000.0,1308941.84
UttarPradesh,491.24,70.39,Sandy Loam,10786.3,38000,35,66,47,31.7018373,6.953439161,Papaya,papaya,uttarpradesh,30.0,,papaya,,papaya,,30000.0,1140000.0,1129213.7
UttarPradesh,562.47,51.28,Loam,128482.58,65000,34,65,48,41.41968393,6.665024508,Papaya,papaya,uttarpradesh,30.0,,papaya,,papaya,,30000.0,1950000.0,1821517.42
UttarPradesh,285.72,75.72,Sandy Loam,36046.72,55000,36,54,46,42.54744013,6.662875839,Papaya,papaya,uttarpradesh,30.0,,papaya,,papaya,,30000.0,1650000.0,1613953.28
UttarPradesh,583.1,62.81,Clay,131879.3,60000,39,64,52,28.91842453,6.678695788,Papaya,papaya,uttarpradesh,30.0,,papaya,,papaya,,30000.0,1800000.0,1668120.7
UttarPradesh,1382.51,60.3,Clay,12353.61,3200,37,52,47,43.08022702,6.54277684,Papaya,papaya,uttarpradesh,30.0,,papaya,,papaya,,30000.0,96000.0,83646.39
UttarPradesh,277.68,67.89,Sandy Loam,15763.24,15000,33,47,46,29.20300896,6.839443833,Papaya,papaya,uttarpradesh,30.0,,papaya,,papaya,,30000.0,450000.0,434236.76
UttarPradesh,975.69,65.94,Black Soil,38371.36,18000,34,48,48,41.04224355,6.805277038,Papaya,papaya,uttarpradesh,30.0,,papaya,,papaya,,30000.0,540000.0,501628.64
UttarPradesh,399.7,61.64,Loam,21347.87,22000,49,54,50,25.62446619,6.762522087,Papaya,papaya,uttarpradesh,30.0,,papaya,,papaya,,30000.0,660000.0,638652.13
UttarPradesh,420.11,58.09,Clay,52919.6,16000,40,65,49,35.32876402,6.678449318,Papaya,papaya,uttarpradesh,30.0,,papaya,,papaya,,30000.0,480000.0,427080.4
UttarPradesh,221.25,79.12,Clay,33529.04,14000,68,52,49,24.42561272,6.577192175,Papaya,papaya,uttarpradesh,30.0,,papaya,,papaya,,30000.0,420000.0,386470.96
UttarPradesh,542.16,62.97,Black Soil,6870.11,15000,50,46,52,31.18298415,6.734005648,Papaya,papaya,uttarpradesh,30.0,,papaya,,papaya,,30000.0,450000.0,443129.89
UttarPradesh,598.93,52.57,Sandy Loam,89452.38,45000,65,63,50,31.88342554,6.524459342,Papaya,papaya,uttarpradesh,30.0,,papaya,,papaya,,30000.0,1350000.0,1260547.62
UttarPradesh,607.77,72.1,Clay,27307.14,38000,40,49,47,42.93368602,6.501521192,Papaya,papaya,uttarpradesh,30.0,,papaya,,papaya,,30000.0,1140000.0,1112692.86
UttarPradesh,777.41,66.81,Sandy Loam,5779.58,65000,42,53,48,23.11407669,6.758479569,Papaya,papaya,uttarpradesh,30.0,,papaya,,papaya,,30000.0,1950000.0,1944220.42
UttarPradesh,328.05,59.33,Clay,24269.3,55000,49,55,51,24.87212063,6.676578778,Papaya,papaya,uttarpradesh,30.0,,papaya,,papaya,,30000.0,1650000.0,1625730.7
UttarPradesh,891.61,59.7,Loam,11080.09,60000,59,62,49,43.36051537,6.941496806,Papaya,papaya,uttarpradesh,30.0,,papaya,,papaya,,30000.0,1800000.0,1788919.91
UttarPradesh,1508.4,77.05,Clay,11285.05,3200,63,58,47,26.83054058,6.864143752,Papaya,papaya,uttarpradesh,30.0,,papaya,,papaya,,30000.0,96000.0,84714.95
UttarPradesh,320.81,49.83,Clay,14066.65,15000,70,65,52,30.42012134,6.583528529,Papaya,papaya,uttarpradesh,30.0,,papaya,,papaya,,30000.0,450000.0,435933.35
UttarPradesh,570.5,66.98,Sandy Loam,24078.81,18000,63,50,52,28.64555584,6.751747609,Papaya,papaya,uttarpradesh,30.0,,papaya,,papaya,,30000.0,540000.0,515921.19
UttarPradesh,217.75,67.97,Sandy Loam,16395.09,22000,40,64,47,32.50037548,6.893509446,Papaya,papaya,uttarpradesh,30.0,,papaya,,papaya,,30000.0,660000.0,643604.91
UttarPradesh,347.05,59.02,Black Soil,21343.33,16000,63,58,50,43.03714283,6.720744449,Papaya,papaya,uttarpradesh,30.0,,papaya,,papaya,,30000.0,480000.0,458656.67
UttarPradesh,162.54,83.04,Loam,32368.54,14000,45,58,49,30.10773379,6.827812549,Papaya,papaya,uttarpradesh,30.0,,papaya,,papaya,,30000.0,420000.0,387631.46
UttarPradesh,192.27,61.18,Sandy Loam,47140.32,15000,66,69,47,23.69212243,6.912299695,Papaya,papaya,uttarpradesh,30.0,,papaya,,papaya,,30000.0,450000.0,402859.68
UttarPradesh,261.27,61.46,Clay,3960.46,45000,54,67,52,35.67667332,6.586107335,Papaya,papaya,uttarpradesh,30.0,,papaya,,papaya,,30000.0,1350000.0,1346039.54
UttarPradesh,331.96,65.16,Black Soil,12524.48,38000,69,67,52,27.71948962,6.827305908,Papaya,papaya,uttarpradesh,30.0,,papaya,,papaya,,30000.0,1140000.0,1127475.52
UttarPradesh,351.9,52.95,Black Soil,18542.43,65000,67,68,49,35.26824831,6.821774589,Papaya,papaya,uttarpradesh,30.0,,papaya,,papaya,,30000.0,1950000.0,1931457.57
UttarPradesh,151.44,68.81,Sandy Loam,11709.41,55000,45,57,47,23.16855863,6.656458831,Papaya,papaya,uttarpradesh,30.0,,papaya,,papaya,,30000.0,1650000.0,1638290.59
UttarPradesh,344.59,66.14,Sandy Loam,67353.04,60000,56,50,52,33.08706051,6.770384816,Papaya,papaya,uttarpradesh,30.0,,papaya,,papaya,,30000.0,1800000.0,1732646.96
UttarPradesh,533.23,55.66,Clay,76503.76,3200,70,50,53,37.4620912,6.933809743,Papaya,papaya,uttarpradesh,30.0,,papaya,,papaya,,30000.0,96000.0,19496.240000000005
UttarPradesh,180.99,60.25,Sandy Loam,19762.57,15000,44,47,45,38.73218907,6.579441304,Papaya,papaya,uttarpradesh,30.0,,papaya,,papaya,,30000.0,450000.0,430237.43
UttarPradesh,525.57,62.21,Sandy Loam,25669.78,18000,50,60,47,32.57720726,6.92791761,Papaya,papaya,uttarpradesh,30.0,,papaya,,papaya,,30000.0,540000.0,514330.22
UttarPradesh,221.31,71.12,Clay,149236.14,22000,52,51,53,38.38231475,6.985804083,Papaya,papaya,uttarpradesh,30.0,,papaya,,papaya,,30000.0,660000.0,510763.86
UttarPradesh,385.86,70.3,Loam,15759.55,16000,35,68,45,42.93605359,6.612429546,Papaya,papaya,uttarpradesh,30.0,,papaya,,papaya,,30000.0,480000.0,464240.45
UttarPradesh,190.93,72.28,Black Soil,131278.78,14000,68,69,52,25.65492304,6.813383387,Papaya,papaya,uttarpradesh,30.0,,papaya,,papaya,,30000.0,420000.0,288721.22
UttarPradesh,266.88,58.54,Loam,43665.65,15000,32,55,52,37.58899717,6.9677596,Papaya,papaya,uttarpradesh,30.0,,papaya,,papaya,,30000.0,450000.0,406334.35
UttarPradesh,331.14,69.2,Sandy Loam,17272.55,45000,32,55,51,29.60718808,6.57398033,Papaya,papaya,uttarpradesh,30.0,,papaya,,papaya,,30000.0,1350000.0,1332727.45
UttarPradesh,444.79,73.98,Clay,50487.05,38000,48,62,47,25.34756111,6.803094965,Papaya,papaya,uttarpradesh,30.0,,papaya,,papaya,,30000.0,1140000.0,1089512.95
UttarPradesh,377.75,59.67,Loam,18814.98,65000,39,69,53,25.9300384,6.964955435,Papaya,papaya,uttarpradesh,30.0,,papaya,,papaya,,30000.0,1950000.0,1931185.02
UttarPradesh,216.94,57.94,Clay,22664.01,55000,49,61,45,32.76795887,6.764213299,Papaya,papaya,uttarpradesh,30.0,,papaya,,papaya,,30000.0,1650000.0,1627335.99
UttarPradesh,571.21,55.52,Loam,8513.9,60000,48,57,54,29.02328049,6.617703178,Papaya,papaya,uttarpradesh,30.0,,papaya,,papaya,,30000.0,1800000.0,1791486.1
UttarPradesh,1018.27,62.29,Sandy Loam,23849.72,3200,69,66,49,40.00439101,6.52711001,Papaya,papaya,uttarpradesh,30.0,,papaya,,papaya,,30000.0,96000.0,72150.28
UttarPradesh,203.89,63.66,Clay,9208.04,15000,53,55,55,33.32315744,6.709668804,Papaya,papaya,uttarpradesh,30.0,,papaya,,papaya,,30000.0,450000.0,440791.96
UttarPradesh,624.71,62.87,Loam,35063.17,18000,38,61,52,31.22790131,6.620729882,Papaya,papaya,uttarpradesh,30.0,,papaya,,papaya,,30000.0,540000.0,504936.83
UttarPradesh,281.6,61.29,Sandy Loam,33686.84,22000,57,64,55,26.68386496,6.583760499,Papaya,papaya,uttarpradesh,30.0,,papaya,,papaya,,30000.0,660000.0,626313.16
UttarPradesh,483.83,57.74,Loam,46590.55,16000,51,57,55,24.70528368,6.676407337,Papaya,papaya,uttarpradesh,30.0,,papaya,,papaya,,30000.0,480000.0,433409.45
UttarPradesh,218.35,68.2,Clay,4582.26,14000,56,65,45,38.2016825,6.751298936,Papaya,papaya,uttarpradesh,30.0,,papaya,,papaya,,30000.0,420000.0,415417.74
UttarPradesh,273.98,64.77,Loam,16750.01,15000,54,66,52,36.56769731,6.867554147,Papaya,papaya,uttarpradesh,30.0,,papaya,,papaya,,30000.0,450000.0,433249.99
UttarPradesh,358.18,75.45,Sandy Loam,4434.59,45000,58,55,47,26.05375792,6.742490027,Papaya,papaya,uttarpradesh,30.0,,papaya,,papaya,,30000.0,1350000.0,1345565.41
UttarPradesh,540.72,50.52,Loam,19921.04,38000,68,70,54,31.29986342,6.986228647,Papaya,papaya,uttarpradesh,30.0,,papaya,,papaya,,30000.0,1140000.0,1120078.96
UttarPradesh,459.52,62.03,Black Soil,83366.33,65000,42,59,55,40.10207731,6.979102243,Papaya,papaya,uttarpradesh,30.0,,papaya,,papaya,,30000.0,1950000.0,1866633.67
UttarPradesh,194.19,73.07,Black Soil,3827.4,55000,43,64,47,38.58954491,6.825664782,Papaya,papaya,uttarpradesh,30.0,,papaya,,papaya,,30000.0,1650000.0,1646172.6
UttarPradesh,520.52,66.11,Black Soil,7871.93,60000,35,67,49,41.31330062,6.617066674,Papaya,papaya,uttarpradesh,30.0,,papaya,,papaya,,30000.0,1800000.0,1792128.07
UttarPradesh,815.07,77.88,Black Soil,16008.29,3200,56,59,55,37.03551903,6.551892638,Papaya,papaya,uttarpradesh,30.0,,papaya,,papaya,,30000.0,96000.0,79991.70999999999
UttarPradesh,250.33,71.3,Black Soil,52650.85,15000,39,64,53,23.0124018,6.598860305,Papaya,papaya,uttarpradesh,30.0,,papaya,,papaya,,30000.0,450000.0,397349.15
MadhyaPradesh,1609.17,60.12,Black Soil,5724.56,18000,18,30,29,26.7627493,6.420018717,Coconut,coconut,madhyapradesh,8652.000198744186,,coconut,,coconut,8652.000198744186,8652000.198744187,155736003.57739535,155730279.01739535
MadhyaPradesh,489.97,75.43,Clay,57313.5,22000,37,23,28,25.61294367,5.740054567,Coconut,coconut,madhyapradesh,8652.000198744186,,coconut,,coconut,8652.000198744186,8652000.198744187,190344004.3723721,190286690.8723721
MadhyaPradesh,852.22,68.23,Black Soil,5120.37,16000,13,28,33,28.130115,5.686972967,Coconut,coconut,madhyapradesh,8652.000198744186,,coconut,,coconut,8652.000198744186,8652000.198744187,138432003.179907,138426882.809907
MadhyaPradesh,423.44,56.24,Loam,7005.69,14000,2,21,35,25.02887163,6.293662363,Coconut,coconut,madhyapradesh,8652.000198744186,,coconut,,coconut,8652.000198744186,8652000.198744187,121128002.78241861,121120997.09241861
MadhyaPradesh,596.48,63.01,Loam,8190.15,15000,10,18,35,27.79797651,6.381975465,Coconut,coconut,madhyapradesh,8652.000198744186,,coconut,,coconut,8652.000198744186,8652000.198744187,129780002.9811628,129771812.8311628
MadhyaPradesh,815.46,51.27,Sandy Loam,5738.67,45000,7,11,32,29.25902906,5.542169139,Coconut,coconut,madhyapradesh,8652.000198744186,,coconut,,coconut,8652.000198744186,8652000.198744187,389340008.9434884,389334270.2734884
MadhyaPradesh,1062.42,72.02,Loam,20805.87,38000,39,5,31,27.10134661,5.551963184,Coconut,coconut,madhyapradesh,8652.000198744186,,coconut,,coconut,8652.000198744186,8652000.198744187,328776007.5522791,328755201.6822791
MadhyaPradesh,848.91,49.71,Clay,7055.82,65000,34,6,27,25.84726298,5.860740481,Coconut,coconut,madhyapradesh,8652.000198744186,,coconut,,coconut,8652.000198744186,8652000.198744187,562380012.9183722,562372957.0983721
MadhyaPradesh,414.86,67.82,Clay,60794.52,55000,31,30,29,26.58580443,5.558807063,Coconut,coconut,madhyapradesh,8652.000198744186,,coconut,,coconut,8652.000198744186,8652000.198744187,475860010.93093026,475799216.4109303
MadhyaPradesh,1172.99,65.58,Loam,10229.2,60000,25,7,35,28.38503882,5.55771171,Coconut,coconut,madhyapradesh,8652.000198744186,,coconut,,coconut,8652.000198744186,8652000.198744187,519120011.9246512,519109782.7246512
MadhyaPradesh,1784.95,69.56,Loam,5870.49,3200,16,18,26,28.43647052,5.568365926,Coconut,coconut,madhyapradesh,8652.000198744186,,coconut,,coconut,8652.000198744186,8652000.198744187,27686400.635981396,27680530.145981397
MadhyaPradesh,404.67,49.66,Black Soil,81566.78,15000,26,10,33,28.27298134,6.07071786,Coconut,coconut,madhyapradesh,8652.000198744186,,coconut,,coconut,8652.000198744186,8652000.198744187,129780002.9811628,129698436.2011628
MadhyaPradesh,1099.29,51.98,Loam,7308.12,18000,27,8,32,27.00648436,5.627860549,Coconut,coconut,madhyapradesh,8652.000198744186,,coconut,,coconut,8652.000198744186,8652000.198744187,155736003.57739535,155728695.45739534
MadhyaPradesh,346.91,66.16,Clay,7819.54,22000,37,18,30,27.63551259,6.38488418,Coconut,coconut,madhyapradesh,8652.000198744186,,coconut,,coconut,8652.000198744186,8652000.198744187,190344004.3723721,190336184.8323721
MadhyaPradesh,531.1,69.75,Black Soil,10525.87,16000,19,15,34,26.29644905,5.685889066,Coconut,coconut,madhyapradesh,8652.000198744186,,coconut,,coconut,8652.000198744186,8652000.198744187,138432003.179907,138421477.309907
MadhyaPradesh,309.87,57.63,Loam,6178.16,14000,0,19,33,27.1326009,6.234458417,Coconut,coconut,madhyapradesh,8652.000198744186,,coconut,,coconut,8652.000198744186,8652000.198744187,121128002.78241861,121121824.62241861
MadhyaPradesh,469.31,68.71,Sandy Loam,8819.29,15000,31,20,26,25.56567803,6.443168642,Coconut,coconut,madhyapradesh,8652.000198744186,,coconut,,coconut,8652.000198744186,8652000.198744187,129780002.9811628,129771183.6911628
MadhyaPradesh,578.95,55.82,Clay,4357.65,45000,9,17,32,25.94951662,5.842317989,Coconut,coconut,madhyapradesh,8652.000198744186,,coconut,,coconut,8652.000198744186,8652000.198744187,389340008.9434884,389335651.29348844
MadhyaPradesh,599.65,74.83,Sandy Loam,36771.27,38000,22,11,29,28.03380598,5.955742971,Coconut,coconut,madhyapradesh,8652.000198744186,,coconut,,coconut,8652.000198744186,8652000.198744187,328776007.5522791,328739236.28227913
MadhyaPradesh,641.85,65.61,Sandy Loam,8499.67,65000,31,6,26,29.12859129,5.741367375,Coconut,coconut,madhyapradesh,8652.000198744186,,coconut,,coconut,8652.000198744186,8652000.198744187,562380012.9183722,562371513.2483722
MadhyaPradesh,253.91,86.1,Clay,56212.14,55000,34,6,30,27.0828252,5.948342571,Coconut,coconut,madhyapradesh,8652.000198744186,,coconut,,coconut,8652.000198744186,8652000.198744187,475860010.93093026,475803798.7909303
MadhyaPradesh,819.47,71.76,Loam,39925.92,60000,24,6,32,28.11321494,6.387067562,Coconut,coconut,madhyapradesh,8652.000198744186,,coconut,,coconut,8652.000198744186,8652000.198744187,519120011.9246512,519080086.0046512
MadhyaPradesh,1333.66,72.73,Black Soil,8842.3,3200,1,8,26,27.5136304,5.562911913,Coconut,coconut,madhyapradesh,8652.000198744186,,coconut,,coconut,8652.000198744186,8652000.198744187,27686400.635981396,27677558.335981395
MadhyaPradesh,308.89,68.44,Loam,39776.24,15000,31,13,33,27.63834933,5.85971872,Coconut,coconut,madhyapradesh,8652.000198744186,,coconut,,coconut,8652.000198744186,8652000.198744187,129780002.9811628,129740226.7411628
MadhyaPradesh,902.46,69.39,Loam,103057.6,18000,10,9,28,29.01256899,6.282955073,Coconut,coconut,madhyapradesh,8652.000198744186,,coconut,,coconut,8652.000198744186,8652000.198744187,155736003.57739535,155632945.97739536
MadhyaPradesh,303.07,71.1,Loam,29914.73,22000,36,27,26,26.58413917,6.25449571,Coconut,coconut,madhyapradesh,8652.000198744186,,coconut,,coconut,8652.000198744186,8652000.198744187,190344004.3723721,190314089.6423721
MadhyaPradesh,527.97,66.75,Black Soil,5944.59,16000,38,24,33,28.28905147,5.973853124,Coconut,coconut,madhyapradesh,8652.000198744186,,coconut,,coconut,8652.000198744186,8652000.198744187,138432003.179907,138426058.589907
MadhyaPradesh,189.21,65.48,Loam,7184.19,14000,11,6,25,28.69164799,6.081568052,Coconut,coconut,madhyapradesh,8652.000198744186,,coconut,,coconut,8652.000198744186,8652000.198744187,121128002.78241861,121120818.59241861
MadhyaPradesh,362.71,72.51,Clay,12485.04,15000,16,14,30,29.70931288,6.37466756,Coconut,coconut,madhyapradesh,8652.000198744186,,coconut,,coconut,8652.000198744186,8652000.198744187,129780002.9811628,129767517.9411628
MadhyaPradesh,413.42,64.72,Sandy Loam,66754.59,45000,33,14,35,27.14865285,6.027707171,Coconut,coconut,madhyapradesh,8652.000198744186,,coconut,,coconut,8652.000198744186,8652000.198744187,389340008.9434884,389273254.35348845
MadhyaPradesh,484.68,56.05,Black Soil,9649.49,38000,16,6,29,29.28725038,5.868285082,Coconut,coconut,madhyapradesh,8652.000198744186,,coconut,,coconut,8652.000198744186,8652000.198744187,328776007.5522791,328766358.0622791
MadhyaPradesh,498.03,64.05,Sandy Loam,11178.34,65000,32,11,31,25.06871967,6.205931638,Coconut,coconut,madhyapradesh,8652.000198744186,,coconut,,coconut,8652.000198744186,8652000.198744187,562380012.9183722,562368834.5783721
MadhyaPradesh,243.76,46.09,Black Soil,8646.91,55000,38,14,30,26.92449525,5.570745386,Coconut,coconut,madhyapradesh,8652.000198744186,,coconut,,coconut,8652.000198744186,8652000.198744187,475860010.93093026,475851364.02093023
MadhyaPradesh,570.26,60.74,Sandy Loam,30259.22,60000,8,6,33,28.27804288,6.095261013,Coconut,coconut,madhyapradesh,8652.000198744186,,coconut,,coconut,8652.000198744186,8652000.198744187,519120011.9246512,519089752.7046512
MadhyaPradesh,1093.56,72.29,Black Soil,6728.58,3200,23,6,33,29.18032562,6.025789594,Coconut,coconut,madhyapradesh,8652.000198744186,,coconut,,coconut,8652.000198744186,8652000.198744187,27686400.635981396,27679672.055981398
MadhyaPradesh,259.87,73.59,Sandy Loam,36787.44,15000,29,25,35,28.3575072,5.542873799,Coconut,coconut,madhyapradesh,8652.000198744186,,coconut,,coconut,8652.000198744186,8652000.198744187,129780002.9811628,129743215.5411628
MadhyaPradesh,831.99,45.87,Sandy Loam,41124.77,18000,24,14,33,29.38072512,6.366219551,Coconut,coconut,madhyapradesh,8652.000198744186,,coconut,,coconut,8652.000198744186,8652000.198744187,155736003.57739535,155694878.80739534
MadhyaPradesh,244.42,47.4,Black Soil,6515.47,22000,32,12,30,25.39241091,5.579845008,Coconut,coconut,madhyapradesh,8652.000198744186,,coconut,,coconut,8652.000198744186,8652000.198744187,190344004.3723721,190337488.9023721
MadhyaPradesh,368.68,78.98,Sandy Loam,33219.84,16000,30,25,31,26.31270635,5.804965067,Coconut,coconut,madhyapradesh,8652.000198744186,,coconut,,coconut,8652.000198744186,8652000.198744187,138432003.179907,138398783.339907
MadhyaPradesh,192.92,72.19,Black Soil,38567.66,14000,14,21,35,29.52501367,6.121005506,Coconut,coconut,madhyapradesh,8652.000198744186,,coconut,,coconut,8652.000198744186,8652000.198744187,121128002.78241861,121089435.12241861
MadhyaPradesh,264.46,67.27,Clay,27911.18,15000,27,22,29,28.83214859,6.000248647,Coconut,coconut,madhyapradesh,8652.000198744186,,coconut,,coconut,8652.000198744186,8652000.198744187,129780002.9811628,129752091.8011628
MadhyaPradesh,320.16,62.68,Loam,10067.43,45000,40,5,29,28.48444906,5.820978791,Coconut,coconut,madhyapradesh,8652.000198744186,,coconut,,coconut,8652.000198744186,8652000.198744187,389340008.9434884,389329941.5134884
MadhyaPradesh,408.6,58.44,Loam,20801.43,38000,17,11,32,28.74013335,5.620733794,Coconut,coconut,madhyapradesh,8652.000198744186,,coconut,,coconut,8652.000198744186,8652000.198744187,328776007.5522791,328755206.1222791
MadhyaPradesh,337.6,54.66,Sandy Loam,41342.65,65000,30,30,35,25.00872392,6.001936419,Coconut,coconut,madhyapradesh,8652.000198744186,,coconut,,coconut,8652.000198744186,8652000.198744187,562380012.9183722,562338670.2683722
MadhyaPradesh,184.36,82.53,Black Soil,12160.47,55000,28,10,30,29.8690834,6.305740522,Coconut,coconut,madhyapradesh,8652.000198744186,,coconut,,coconut,8652.000198744186,8652000.198744187,475860010.93093026,475847850.4609302
MadhyaPradesh,446.07,49.39,Clay,10339.67,60000,39,7,29,27.54273211,6.362544111,Coconut,coconut,madhyapradesh,8652.000198744186,,coconut,,coconut,8652.000198744186,8652000.198744187,519120011.9246512,519109672.2546512
MadhyaPradesh,712.33,60.22,Loam,13656.41,3200,32,20,35,26.52166434,5.588655387,Coconut,coconut,madhyapradesh,8652.000198744186,,coconut,,coconut,8652.000198744186,8652000.198744187,27686400.635981396,27672744.225981396
MadhyaPradesh,199.45,69.17,Black Soil,38730.42,15000,7,15,32,25.03512351,6.182232762,Coconut,coconut,madhyapradesh,8652.000198744186,,coconut,,coconut,8652.000198744186,8652000.198744187,129780002.9811628,129741272.5611628
MadhyaPradesh,949.06,68.48,Black Soil,27870.67,18000,29,17,29,29.20394909,5.959493188,Coconut,coconut,madhyapradesh,8652.000198744186,,coconut,,coconut,8652.000198744186,8652000.198744187,155736003.57739535,155708132.90739536
MadhyaPradesh,279.78,72.38,Clay,7673.8,22000,34,15,34,27.05826457,5.677282678,Coconut,coconut,madhyapradesh,8652.000198744186,,coconut,,coconut,8652.000198744186,8652000.198744187,190344004.3723721,190336330.57237208
MadhyaPradesh,436.13,57.6,Sandy Loam,6516.15,16000,14,23,25,26.18552389,5.612122797,Coconut,coconut,madhyapradesh,8652.000198744186,,coconut,,coconut,8652.000198744186,8652000.198744187,138432003.179907,138425487.029907
MadhyaPradesh,283.39,61.4,Black Soil,236607.49,14000,18,19,29,27.59376845,6.206077742,Coconut,coconut,madhyapradesh,8652.000198744186,,coconut,,coconut,8652.000198744186,8652000.198744187,121128002.78241861,120891395.29241861
MadhyaPradesh,310.98,63.8,Loam,5940.56,15000,7,21,35,25.76011662,5.764812076,Coconut,coconut,madhyapradesh,8652.000198744186,,coconut,,coconut,8652.000198744186,8652000.198744187,129780002.9811628,129774062.4211628
MadhyaPradesh,397.97,55.22,Clay,15784.4,45000,24,27,34,28.87862994,6.203376525,Coconut,coconut,madhyapradesh,8652.000198744186,,coconut,,coconut,8652.000198744186,8652000.198744187,389340008.9434884,389324224.54348844
MadhyaPradesh,517.92,62.52,Black Soil,13114.87,38000,39,29,29,26.50908611,6.143662699,Coconut,coconut,madhyapradesh,8652.000198744186,,coconut,,coconut,8652.000198744186,8652000.198744187,328776007.5522791,328762892.6822791
MadhyaPradesh,550.15,57.44,Clay,8333.78,65000,29,8,28,26.87037587,6.100429497,Coconut,coconut,madhyapradesh,8652.000198744186,,coconut,,coconut,8652.000198744186,8652000.198744187,562380012.9183722,562371679.1383722
MadhyaPradesh,288.26,62.65,Clay,15184.93,55000,10,24,27,27.57283516,5.708409601,Coconut,coconut,madhyapradesh,8652.000198744186,,coconut,,coconut,8652.000198744186,8652000.198744187,475860010.93093026,475844826.00093025
MadhyaPradesh,578.09,66.33,Loam,12946.49,60000,0,29,32,28.05912437,5.868255858,Coconut,coconut,madhyapradesh,8652.000198744186,,coconut,,coconut,8652.000198744186,8652000.198744187,519120011.9246512,519107065.4346512
MadhyaPradesh,1252.64,50.33,Loam,10923.68,3200,32,11,31,29.51611558,6.461225827,Coconut,coconut,madhyapradesh,8652.000198744186,,coconut,,coconut,8652.000198744186,8652000.198744187,27686400.635981396,27675476.955981396
MadhyaPradesh,278.53,60.96,Black Soil,32339.98,15000,37,10,32,28.96318258,6.165084855,Coconut,coconut,madhyapradesh,8652.000198744186,,coconut,,coconut,8652.000198744186,8652000.198744187,129780002.9811628,129747663.0011628
Gujarat,849.6,56.46,Clay,88242.38,18000,20,29,27,25.09897688,6.047044342,Coconut,coconut,gujarat,8652.000198744186,,coconut,,coconut,8652.000198744186,8652000.198744187,155736003.57739535,155647761.19739535
Gujarat,296.45,55.81,Sandy Loam,48143.27,22000,31,29,35,27.1872282,6.137102505,Coconut,coconut,gujarat,8652.000198744186,,coconut,,coconut,8652.000198744186,8652000.198744187,190344004.3723721,190295861.10237208
Gujarat,556.33,55.27,Loam,11763.87,16000,17,30,27,29.03065024,5.894027065,Coconut,coconut,gujarat,8652.000198744186,,coconut,,coconut,8652.000198744186,8652000.198744187,138432003.179907,138420239.309907
Gujarat,196.26,58.01,Black Soil,40360.12,14000,1,12,30,27.754298,5.56222383,Coconut,coconut,gujarat,8652.000198744186,,coconut,,coconut,8652.000198744186,8652000.198744187,121128002.78241861,121087642.6624186
Gujarat,421.42,58.68,Black Soil,16703.54,15000,6,13,29,27.31155708,5.832608028,Coconut,coconut,gujarat,8652.000198744186,,coconut,,coconut,8652.000198744186,8652000.198744187,129780002.9811628,129763299.4411628
Gujarat,467.5,66.33,Sandy Loam,8416.83,45000,15,28,32,28.84270971,6.218571874,Coconut,coconut,gujarat,8652.000198744186,,coconut,,coconut,8652.000198744186,8652000.198744187,389340008.9434884,389331592.11348844
Gujarat,570.6,74.19,Black Soil,149304.34,38000,27,24,29,26.61423461,6.142010637,Coconut,coconut,gujarat,8652.000198744186,,coconut,,coconut,8652.000198744186,8652000.198744187,328776007.5522791,328626703.21227914
Gujarat,575.36,79.19,Black Soil,11687.32,65000,3,23,30,29.70143197,6.078807239,Coconut,coconut,gujarat,8652.000198744186,,coconut,,coconut,8652.000198744186,8652000.198744187,562380012.9183722,562368325.5983721
Gujarat,245.74,53.05,Black Soil,6530.57,55000,8,26,26,25.54759871,5.702484758,Coconut,coconut,gujarat,8652.000198744186,,coconut,,coconut,8652.000198744186,8652000.198744187,475860010.93093026,475853480.36093026
Gujarat,504.73,56.42,Clay,4526.15,60000,20,28,26,26.37978453,5.547594847,Coconut,coconut,gujarat,8652.000198744186,,coconut,,coconut,8652.000198744186,8652000.198744187,519120011.9246512,519115485.7746512
Gujarat,1007.12,58.06,Loam,56348.52,3200,26,18,27,27.45907759,5.836075368,Coconut,coconut,gujarat,8652.000198744186,,coconut,,coconut,8652.000198744186,8652000.198744187,27686400.635981396,27630052.115981396
Gujarat,211.93,57.29,Loam,20337.75,15000,1,6,35,27.02269204,6.231662767,Coconut,coconut,gujarat,8652.000198744186,,coconut,,coconut,8652.000198744186,8652000.198744187,129780002.9811628,129759665.2311628
Gujarat,1035.06,74.7,Sandy Loam,8165.86,18000,27,30,31,28.98545306,5.718120393,Coconut,coconut,gujarat,8652.000198744186,,coconut,,coconut,8652.000198744186,8652000.198744187,155736003.57739535,155727837.71739534
Gujarat,453.73,70.56,Sandy Loam,18889.81,22000,23,7,34,26.1055118,5.852038202,Coconut,coconut,gujarat,8652.000198744186,,coconut,,coconut,8652.000198744186,8652000.198744187,190344004.3723721,190325114.5623721
Gujarat,592.75,59.89,Black Soil,21996.86,16000,0,26,31,25.0707247,5.547933273,Coconut,coconut,gujarat,8652.000198744186,,coconut,,coconut,8652.000198744186,8652000.198744187,138432003.179907,138410006.31990698
Gujarat,273.92,76.56,Black Soil,18228.8,14000,38,6,25,25.54963273,6.156259104,Coconut,coconut,gujarat,8652.000198744186,,coconut,,coconut,8652.000198744186,8652000.198744187,121128002.78241861,121109773.98241861
Gujarat,469.58,65.65,Clay,4439.45,15000,25,12,26,28.56973521,6.436314406,Coconut,coconut,gujarat,8652.000198744186,,coconut,,coconut,8652.000198744186,8652000.198744187,129780002.9811628,129775563.5311628
Gujarat,547.61,64.21,Black Soil,46006.72,45000,40,5,32,26.07010807,5.981169595,Coconut,coconut,gujarat,8652.000198744186,,coconut,,coconut,8652.000198744186,8652000.198744187,389340008.9434884,389294002.2234884
Gujarat,544.99,64.03,Black Soil,18119.93,38000,0,19,31,25.51791333,6.271952833,Coconut,coconut,gujarat,8652.000198744186,,coconut,,coconut,8652.000198744186,8652000.198744187,328776007.5522791,328757887.6222791
Gujarat,728.13,58.21,Black Soil,10433.07,65000,26,9,32,25.9490364,6.470465614,Coconut,coconut,gujarat,8652.000198744186,,coconut,,coconut,8652.000198744186,8652000.198744187,562380012.9183722,562369579.8483721
Gujarat,321.63,65.35,Clay,9869.85,55000,35,30,34,28.2974764,6.141502001,Coconut,coconut,gujarat,8652.000198744186,,coconut,,coconut,8652.000198744186,8652000.198744187,475860010.93093026,475850141.08093023
Gujarat,691.69,48.95,Black Soil,10481.89,60000,19,30,30,29.56549169,5.826381164,Coconut,coconut,gujarat,8652.000198744186,,coconut,,coconut,8652.000198744186,8652000.198744187,519120011.9246512,519109530.0346512
Gujarat,1153.9,65.67,Sandy Loam,71626.8,3200,31,13,33,29.69952329,6.342463714,Coconut,coconut,gujarat,8652.000198744186,,coconut,,coconut,8652.000198744186,8652000.198744187,27686400.635981396,27614773.835981395
Gujarat,325.56,54.34,Sandy Loam,18892.81,15000,17,29,26,26.14162144,6.071897347,Coconut,coconut,gujarat,8652.000198744186,,coconut,,coconut,8652.000198744186,8652000.198744187,129780002.9811628,129761110.1711628
Gujarat,1471.03,60.82,Sandy Loam,20824.14,18000,2,30,30,26.00175125,6.331051715,Coconut,coconut,gujarat,8652.000198744186,,coconut,,coconut,8652.000198744186,8652000.198744187,155736003.57739535,155715179.43739536
Gujarat,430.84,58.43,Black Soil,158565.73,22000,30,13,25,27.15116142,6.413184638,Coconut,coconut,gujarat,8652.000198744186,,coconut,,coconut,8652.000198744186,8652000.198744187,190344004.3723721,190185438.6423721
Gujarat,676.33,55.39,Loam,5515.82,16000,8,15,33,28.97318719,5.50158009,Coconut,coconut,gujarat,8652.000198744186,,coconut,,coconut,8652.000198744186,8652000.198744187,138432003.179907,138426487.359907
Gujarat,361.48,60.6,Clay,59520.69,14000,18,12,35,26.13958446,6.338720873,Coconut,coconut,gujarat,8652.000198744186,,coconut,,coconut,8652.000198744186,8652000.198744187,121128002.78241861,121068482.09241861
Gujarat,451.64,66.28,Black Soil,39037.18,15000,8,28,30,25.51618488,6.015672239,Coconut,coconut,gujarat,8652.000198744186,,coconut,,coconut,8652.000198744186,8652000.198744187,129780002.9811628,129740965.8011628
Gujarat,446.22,59.56,Sandy Loam,238771.66,45000,40,22,29,27.55821802,5.735364307,Coconut,coconut,gujarat,8652.000198744186,,coconut,,coconut,8652.000198744186,8652000.198744187,389340008.9434884,389101237.2834884
Gujarat,811.44,52.74,Black Soil,21454.33,38000,27,10,33,27.81132822,6.465906333,Coconut,coconut,gujarat,8652.000198744186,,coconut,,coconut,8652.000198744186,8652000.198744187,328776007.5522791,328754553.22227913
Gujarat,808.1,61.21,Loam,11669.69,65000,21,20,31,25.60033702,5.855457599,Coconut,coconut,gujarat,8652.000198744186,,coconut,,coconut,8652.000198744186,8652000.198744187,562380012.9183722,562368343.2283721
Gujarat,378.05,71.79,Black Soil,11427.84,55000,3,9,35,26.91641934,6.318552973,Coconut,coconut,gujarat,8652.000198744186,,coconut,,coconut,8652.000198744186,8652000.198744187,475860010.93093026,475848583.0909303
Gujarat,633.23,57.19,Black Soil,23005.62,60000,22,16,27,29.1797902,6.006784979,Coconut,coconut,gujarat,8652.000198744186,,coconut,,coconut,8652.000198744186,8652000.198744187,519120011.9246512,519097006.3046512
Gujarat,1339.07,78.9,Black Soil,55173.46,3200,27,8,30,26.44600063,6.008386283,Coconut,coconut,gujarat,8652.000198744186,,coconut,,coconut,8652.000198744186,8652000.198744187,27686400.635981396,27631227.175981395
Gujarat,401.42,52.75,Sandy Loam,11462.05,15000,22,8,33,28.43572863,5.665785202,Coconut,coconut,gujarat,8652.000198744186,,coconut,,coconut,8652.000198744186,8652000.198744187,129780002.9811628,129768540.9311628
Gujarat,1111.96,57.68,Clay,6231.87,18000,28,27,32,28.94099669,5.764615485,Coconut,coconut,gujarat,8652.000198744186,,coconut,,coconut,8652.000198744186,8652000.198744187,155736003.57739535,155729771.70739534
Gujarat,292.12,64.02,Sandy Loam,55349.84,22000,23,21,26,26.45488737,5.901495544,Coconut,coconut,gujarat,8652.000198744186,,coconut,,coconut,8652.000198744186,8652000.198744187,190344004.3723721,190288654.5323721
Gujarat,570.5,80.45,Black Soil,12826.91,16000,37,5,34,25.79490531,5.779032666,Coconut,coconut,gujarat,8652.000198744186,,coconut,,coconut,8652.000198744186,8652000.198744187,138432003.179907,138419176.269907
Gujarat,404.54,62.38,Loam,12194.74,14000,19,26,29,26.93141945,5.67154928,Coconut,coconut,gujarat,8652.000198744186,,coconut,,coconut,8652.000198744186,8652000.198744187,121128002.78241861,121115808.04241861
Gujarat,528.41,67.21,Clay,54377.23,15000,133,47,24,24.40228894,7.231324765,Cotton,cottonlint,gujarat,2.8008074563043475,2800.8074563043474,cottonlint,2.8008074563043475,cottonlint,1.7970441190063025,2800.8074563043474,42012.11184456521,-12365.118155434793
Gujarat,688.84,73.12,Loam,41189.79,45000,136,36,20,23.09595631,6.925412377,Cotton,cottonlint,gujarat,2.8008074563043475,2800.8074563043474,cottonlint,2.8008074563043475,cottonlint,1.7970441190063025,2800.8074563043474,126036.33553369563,84846.54553369564
Gujarat,698.18,60.1,Loam,11766.58,38000,104,47,18,23.9656349,7.633437412,Cotton,cottonlint,gujarat,2.8008074563043475,2800.8074563043474,cottonlint,2.8008074563043475,cottonlint,1.7970441190063025,2800.8074563043474,106430.6833395652,94664.1033395652
Gujarat,657.03,66.5,Loam,29267.28,65000,133,47,23,24.88738107,6.827354668,Cotton,cottonlint,gujarat,2.8008074563043475,2800.8074563043474,cottonlint,2.8008074563043475,cottonlint,1.7970441190063025,2800.8074563043474,182052.48465978258,152785.20465978258
Gujarat,279.25,71.19,Clay,6691.85,55000,126,38,23,25.36243778,6.176716425,Cotton,cottonlint,gujarat,2.8008074563043475,2800.8074563043474,cottonlint,2.8008074563043475,cottonlint,1.7970441190063025,2800.8074563043474,154044.4100967391,147352.5600967391
Gujarat,687.08,54.92,Sandy Loam,29687.86,60000,126,50,19,24.69457084,6.628722836,Cotton,cottonlint,gujarat,2.8008074563043475,2800.8074563043474,cottonlint,2.8008074563043475,cottonlint,1.7970441190063025,2800.8074563043474,168048.44737826084,138360.58737826085
Gujarat,1432.48,63.69,Black Soil,89228.02,3200,113,41,20,25.0017188,7.256877571,Cotton,cottonlint,gujarat,2.8008074563043475,2800.8074563043474,cottonlint,2.8008074563043475,cottonlint,1.7970441190063025,2800.8074563043474,8962.583860173912,-80265.4361398261
Gujarat,336.67,62.15,Loam,45845.76,15000,121,45,22,22.45942937,6.443785385,Cotton,cottonlint,gujarat,2.8008074563043475,2800.8074563043474,cottonlint,2.8008074563043475,cottonlint,1.7970441190063025,2800.8074563043474,42012.11184456521,-3833.648155434792
Gujarat,594.12,63.89,Loam,26797.07,18000,121,47,16,23.60564038,7.723240151,Cotton,cottonlint,gujarat,2.8008074563043475,2800.8074563043474,cottonlint,2.8008074563043475,cottonlint,1.7970441190063025,2800.8074563043474,50414.534213478255,23617.464213478255
Gujarat,245.83,67.08,Sandy Loam,4335.47,22000,129,60,22,24.58453146,5.947448589,Cotton,cottonlint,gujarat,2.8008074563043475,2800.8074563043474,cottonlint,2.8008074563043475,cottonlint,1.7970441190063025,2800.8074563043474,61617.76403869564,57282.29403869564
Gujarat,363.63,63.57,Black Soil,6491.21,16000,107,45,25,23.0865933,7.227745516,Cotton,cottonlint,gujarat,2.8008074563043475,2800.8074563043474,cottonlint,2.8008074563043475,cottonlint,1.7970441190063025,2800.8074563043474,44812.91930086956,38321.70930086956
Gujarat,214.08,63.05,Black Soil,56169.86,14000,122,59,18,23.5000992,6.219469084,Cotton,cottonlint,gujarat,2.8008074563043475,2800.8074563043474,cottonlint,2.8008074563043475,cottonlint,1.7970441190063025,2800.8074563043474,39211.30438826086,-16958.55561173914
Gujarat,269.25,63.26,Sandy Loam,6987.23,15000,140,38,15,24.1472953,6.021439523,Cotton,cottonlint,gujarat,2.8008074563043475,2800.8074563043474,cottonlint,2.8008074563043475,cottonlint,1.7970441190063025,2800.8074563043474,42012.11184456521,35024.881844565214
Gujarat,287.67,51.04,Clay,17396.73,45000,102,49,21,24.69315538,6.253343655,Cotton,cottonlint,gujarat,2.8008074563043475,2800.8074563043474,cottonlint,2.8008074563043475,cottonlint,1.7970441190063025,2800.8074563043474,126036.33553369563,108639.60553369563
Gujarat,469.95,68.44,Loam,10861.08,38000,111,40,25,24.484692,6.187455799,Cotton,cottonlint,gujarat,2.8008074563043475,2800.8074563043474,cottonlint,2.8008074563043475,cottonlint,1.7970441190063025,2800.8074563043474,106430.6833395652,95569.6033395652
Gujarat,436.54,69.59,Loam,3537.15,65000,131,35,18,24.49112609,7.057693366,Cotton,cottonlint,gujarat,2.8008074563043475,2800.8074563043474,cottonlint,2.8008074563043475,cottonlint,1.7970441190063025,2800.8074563043474,182052.48465978258,178515.3346597826
Gujarat,176.88,54.27,Loam,6700.94,55000,135,43,16,23.47986888,6.720449769,Cotton,cottonlint,gujarat,2.8008074563043475,2800.8074563043474,cottonlint,2.8008074563043475,cottonlint,1.7970441190063025,2800.8074563043474,154044.4100967391,147343.4700967391
Gujarat,411.77,52.71,Clay,12412.07,60000,100,46,18,24.18586246,6.431689506,Cotton,cottonlint,gujarat,2.8008074563043475,2800.8074563043474,cottonlint,2.8008074563043475,cottonlint,1.7970441190063025,2800.8074563043474,168048.44737826084,155636.37737826083
Gujarat,837.32,73.78,Clay,11543.69,3200,123,39,24,25.00755095,7.453106264,Cotton,cottonlint,gujarat,2.8008074563043475,2800.8074563043474,cottonlint,2.8008074563043475,cottonlint,1.7970441190063025,2800.8074563043474,8962.583860173912,-2581.106139826088
Gujarat,208.38,61.74,Clay,18758.22,15000,117,56,15,25.99237426,7.368258226,Cotton,cottonlint,gujarat,2.8008074563043475,2800.8074563043474,cottonlint,2.8008074563043475,cottonlint,1.7970441190063025,2800.8074563043474,42012.11184456521,23253.89184456521
Bihar,1310.24,54.5,Black Soil,4633.7,18000,121,36,24,23.66457347,7.352401887,Cotton,cottonlint,bihar,2.025,2025.0,cottonlint,2.025,cottonlint,1.7970441190063025,2025.0,36450.0,31816.3
Bihar,481.17,65.84,Loam,15587.01,22000,101,58,18,25.66891439,6.652143699,Cotton,cottonlint,bihar,2.025,2025.0,cottonlint,2.025,cottonlint,1.7970441190063025,2025.0,44550.0,28962.989999999998
Bihar,648.24,46.52,Loam,33942.87,16000,107,42,24,22.04612876,6.144631795,Cotton,cottonlint,bihar,2.025,2025.0,cottonlint,2.025,cottonlint,1.7970441190063025,2025.0,32400.0,-1542.8700000000026
Bihar,365.32,65.24,Clay,23403.31,14000,100,41,22,22.4204752,7.318802162,Cotton,cottonlint,bihar,2.025,2025.0,cottonlint,2.025,cottonlint,1.7970441190063025,2025.0,28350.0,4946.689999999999
Bihar,544.39,77.4,Clay,19588.15,15000,125,39,21,25.03149561,7.954629324,Cotton,cottonlint,bihar,2.025,2025.0,cottonlint,2.025,cottonlint,1.7970441190063025,2025.0,30375.0,10786.849999999999
Bihar,739.11,74.53,Loam,3763.74,45000,105,60,23,23.53371386,6.207652157,Cotton,cottonlint,bihar,2.025,2025.0,cottonlint,2.025,cottonlint,1.7970441190063025,2025.0,91125.0,87361.26
Bihar,764.08,59.98,Sandy Loam,6479.08,38000,102,46,19,22.77076388,6.631005298,Cotton,cottonlint,bihar,2.025,2025.0,cottonlint,2.025,cottonlint,1.7970441190063025,2025.0,76950.0,70470.92
Bihar,666.79,72.88,Sandy Loam,15418.9,65000,131,49,22,25.49848236,7.306918817,Cotton,cottonlint,bihar,2.025,2025.0,cottonlint,2.025,cottonlint,1.7970441190063025,2025.0,131625.0,116206.1
Bihar,329.1,59.62,Sandy Loam,10279.7,55000,139,35,15,25.248679,5.898293044,Cotton,cottonlint,bihar,2.025,2025.0,cottonlint,2.025,cottonlint,1.7970441190063025,2025.0,111375.0,101095.3
Bihar,857.27,66.16,Black Soil,9694.42,60000,108,36,19,22.78249615,7.238566893,Cotton,cottonlint,bihar,2.025,2025.0,cottonlint,2.025,cottonlint,1.7970441190063025,2025.0,121500.0,111805.58
Bihar,1618.3,67.39,Black Soil,10212.82,3200,118,45,23,23.37044424,7.977651226,Cotton,cottonlint,bihar,2.025,2025.0,cottonlint,2.025,cottonlint,1.7970441190063025,2025.0,6480.0,-3732.8199999999997
Bihar,372.6,51.13,Clay,118277.37,15000,107,51,22,24.86560781,5.983075895,Cotton,cottonlint,bihar,2.025,2025.0,cottonlint,2.025,cottonlint,1.7970441190063025,2025.0,30375.0,-87902.37
Bihar,882.94,79.75,Sandy Loam,7214.31,18000,125,60,17,24.14386157,6.785723961,Cotton,cottonlint,bihar,2.025,2025.0,cottonlint,2.025,cottonlint,1.7970441190063025,2025.0,36450.0,29235.69
Bihar,405.7,45.6,Black Soil,5589.0,22000,113,37,20,25.03300222,7.393441155,Cotton,cottonlint,bihar,2.025,2025.0,cottonlint,2.025,cottonlint,1.7970441190063025,2025.0,44550.0,38961.0
Bihar,584.79,82.44,Loam,12093.04,16000,131,52,16,23.65724079,6.486068274,Cotton,cottonlint,bihar,2.025,2025.0,cottonlint,2.025,cottonlint,1.7970441190063025,2025.0,32400.0,20306.96
Bihar,308.72,54.48,Sandy Loam,161453.39,14000,115,48,16,25.54359718,7.175934962,Cotton,cottonlint,bihar,2.025,2025.0,cottonlint,2.025,cottonlint,1.7970441190063025,2025.0,28350.0,-133103.39
Bihar,330.45,74.72,Sandy Loam,29556.71,15000,113,38,25,22.00085141,7.388265888,Cotton,cottonlint,bihar,2.025,2025.0,cottonlint,2.025,cottonlint,1.7970441190063025,2025.0,30375.0,818.2900000000009
Bihar,552.29,55.78,Loam,36261.3,45000,111,41,18,23.64328417,6.10539819,Cotton,cottonlint,bihar,2.025,2025.0,cottonlint,2.025,cottonlint,1.7970441190063025,2025.0,91125.0,54863.7
Bihar,581.36,53.03,Loam,14988.33,38000,111,53,19,23.96436009,6.419536555,Cotton,cottonlint,bihar,2.025,2025.0,cottonlint,2.025,cottonlint,1.7970441190063025,2025.0,76950.0,61961.67
Bihar,638.52,69.88,Sandy Loam,37387.02,65000,122,48,16,24.65425757,6.307585854,Cotton,cottonlint,bihar,2.025,2025.0,cottonlint,2.025,cottonlint,1.7970441190063025,2025.0,131625.0,94237.98000000001
Bihar,374.06,61.67,Sandy Loam,16411.7,55000,108,46,17,24.3017998,6.93221485,Cotton,cottonlint,bihar,2.025,2025.0,cottonlint,2.025,cottonlint,1.7970441190063025,2025.0,111375.0,94963.3
Bihar,585.35,74.4,Sandy Loam,24534.48,60000,132,41,22,24.29144926,7.810865753,Cotton,cottonlint,bihar,2.025,2025.0,cottonlint,2.025,cottonlint,1.7970441190063025,2025.0,121500.0,96965.52
Bihar,1092.02,52.61,Sandy Loam,29785.04,3200,103,42,17,24.29470232,6.527541661,Cotton,cottonlint,bihar,2.025,2025.0,cottonlint,2.025,cottonlint,1.7970441190063025,2025.0,6480.0,-23305.04
Bihar,225.36,73.94,Clay,22442.6,15000,133,50,25,25.72180042,7.569454601,Cotton,cottonlint,bihar,2.025,2025.0,cottonlint,2.025,cottonlint,1.7970441190063025,2025.0,30375.0,7932.4000000000015
Bihar,636.96,77.07,Clay,17733.27,18000,127,37,18,24.87663664,7.041065585,Cotton,cottonlint,bihar,2.025,2025.0,cottonlint,2.025,cottonlint,1.7970441190063025,2025.0,36450.0,18716.73
Bihar,193.62,63.54,Black Soil,7640.52,22000,110,39,25,22.60612115,7.208795456,Cotton,cottonlint,bihar,2.025,2025.0,cottonlint,2.025,cottonlint,1.7970441190063025,2025.0,44550.0,36909.479999999996
Bihar,344.39,53.27,Sandy Loam,9487.51,16000,131,38,19,23.86814008,6.814341946,Cotton,cottonlint,bihar,2.025,2025.0,cottonlint,2.025,cottonlint,1.7970441190063025,2025.0,32400.0,22912.489999999998
Bihar,174.22,71.81,Clay,5265.98,14000,108,38,24,23.41022496,7.442217061,Cotton,cottonlint,bihar,2.025,2025.0,cottonlint,2.025,cottonlint,1.7970441190063025,2025.0,28350.0,23084.02
Bihar,230.14,66.83,Loam,27257.06,15000,122,40,17,24.96440768,6.854558957,Cotton,cottonlint,bihar,2.025,2025.0,cottonlint,2.025,cottonlint,1.7970441190063025,2025.0,30375.0,3117.9399999999987
Bihar,323.02,81.99,Black Soil,25637.5,45000,111,50,15,25.16820129,7.884550475,Cotton,cottonlint,bihar,2.025,2025.0,cottonlint,2.025,cottonlint,1.7970441190063025,2025.0,91125.0,65487.5
Bihar,375.88,87.28,Sandy Loam,66115.37,38000,140,40,17,22.72767171,6.006085786,Cotton,cottonlint,bihar,2.025,2025.0,cottonlint,2.025,cottonlint,1.7970441190063025,2025.0,76950.0,10834.630000000005
Bihar,292.25,57.55,Black Soil,46558.95,65000,100,40,20,22.45145981,7.432043735,Cotton,cottonlint,bihar,2.025,2025.0,cottonlint,2.025,cottonlint,1.7970441190063025,2025.0,131625.0,85066.05
Bihar,151.21,70.28,Loam,24248.41,55000,123,50,16,23.04920461,6.498052108,Cotton,cottonlint,bihar,2.025,2025.0,cottonlint,2.025,cottonlint,1.7970441190063025,2025.0,111375.0,87126.59
Bihar,494.41,68.39,Clay,3673.64,60000,107,36,21,25.29250148,6.205263534,Cotton,cottonlint,bihar,2.025,2025.0,cottonlint,2.025,cottonlint,1.7970441190063025,2025.0,121500.0,117826.36
Bihar,748.48,58.25,Clay,9816.01,3200,118,50,19,22.95604064,6.360812227,Cotton,cottonlint,bihar,2.025,2025.0,cottonlint,2.025,cottonlint,1.7970441190063025,2025.0,6480.0,-3336.01
Bihar,190.1,64.28,Black Soil,45668.27,15000,103,51,20,22.80213132,7.046607434,Cotton,cottonlint,bihar,2.025,2025.0,cottonlint,2.025,cottonlint,1.7970441190063025,2025.0,30375.0,-15293.269999999997
Bihar,946.01,61.06,Sandy Loam,34205.73,18000,133,57,19,23.54234715,7.947011366,Cotton,cottonlint,bihar,2.025,2025.0,cottonlint,2.025,cottonlint,1.7970441190063025,2025.0,36450.0,2244.269999999997
Bihar,242.09,61.97,Sandy Loam,32411.1,22000,129,47,20,24.41212325,6.281913858,Cotton,cottonlint,bihar,2.025,2025.0,cottonlint,2.025,cottonlint,1.7970441190063025,2025.0,44550.0,12138.900000000001
Bihar,442.27,59.4,Clay,18419.81,16000,116,52,19,22.94276687,6.114525877,Cotton,cottonlint,bihar,2.025,2025.0,cottonlint,2.025,cottonlint,1.7970441190063025,2025.0,32400.0,13980.189999999999
Bihar,253.2,52.74,Loam,5718.32,14000,114,40,23,25.53676123,6.753978061,Cotton,cottonlint,bihar,2.025,2025.0,cottonlint,2.025,cottonlint,1.7970441190063025,2025.0,28350.0,22631.68
Bihar,340.91,58.33,Clay,9350.4,15000,131,60,17,25.32023717,7.425041316,Cotton,cottonlint,bihar,2.025,2025.0,cottonlint,2.025,cottonlint,1.7970441190063025,2025.0,30375.0,21024.6
Bihar,523.37,76.02,Sandy Loam,38619.91,45000,107,43,18,22.426733,6.745104394,Cotton,cottonlint,bihar,2.025,2025.0,cottonlint,2.025,cottonlint,1.7970441190063025,2025.0,91125.0,52505.09
Bihar,623.48,62.28,Clay,41955.28,38000,123,44,21,25.78544484,7.641116569,Cotton,cottonlint,bihar,2.025,2025.0,cottonlint,2.025,cottonlint,1.7970441190063025,2025.0,76950.0,34994.72
Bihar,450.62,58.35,Sandy Loam,25389.68,65000,112,49,25,25.68959532,6.470135478,Cotton,cottonlint,bihar,2.025,2025.0,cottonlint,2.025,cottonlint,1.7970441190063025,2025.0,131625.0,106235.32
Bihar,215.39,67.83,Loam,69812.14,55000,119,44,15,22.14593688,7.091992365,Cotton,cottonlint,bihar,2.025,2025.0,cottonlint,2.025,cottonlint,1.7970441190063025,2025.0,111375.0,41562.86
Bihar,663.23,66.25,Sandy Loam,38657.53,60000,130,59,19,25.07278712,6.520403794,Cotton,cottonlint,bihar,2.025,2025.0,cottonlint,2.025,cottonlint,1.7970441190063025,2025.0,121500.0,82842.47
Bihar,1030.6,60.23,Sandy Loam,3086.2,3200,127,53,24,22.21506982,6.127939628,Cotton,cottonlint,bihar,2.025,2025.0,cottonlint,2.025,cottonlint,1.7970441190063025,2025.0,6480.0,3393.8
Bihar,262.66,52.3,Sandy Loam,9525.79,15000,134,52,18,23.9643129,7.994679507,Cotton,cottonlint,bihar,2.025,2025.0,cottonlint,2.025,cottonlint,1.7970441190063025,2025.0,30375.0,20849.21
Bihar,1228.97,55.23,Sandy Loam,26546.02,18000,109,36,18,25.40059227,7.524707577,Cotton,cottonlint,bihar,2.025,2025.0,cottonlint,2.025,cottonlint,1.7970441190063025,2025.0,36450.0,9903.98
Bihar,379.75,53.06,Sandy Loam,46639.17,22000,100,48,17,23.7805123,7.827877818,Cotton,cottonlint,bihar,2.025,2025.0,cottonlint,2.025,cottonlint,1.7970441190063025,2025.0,44550.0,-2089.1699999999983
Bihar,692.04,60.98,Loam,15787.85,16000,132,52,19,24.16402322,6.436691764,Cotton,cottonlint,bihar,2.025,2025.0,cottonlint,2.025,cottonlint,1.7970441190063025,2025.0,32400.0,16612.15
Bihar,275.7,74.8,Loam,3296.86,14000,102,37,25,25.31468463,5.907930899,Cotton,cottonlint,bihar,2.025,2025.0,cottonlint,2.025,cottonlint,1.7970441190063025,2025.0,28350.0,25053.14
Bihar,362.98,52.18,Loam,132828.42,15000,111,39,22,22.60361557,6.135025006,Cotton,cottonlint,bihar,2.025,2025.0,cottonlint,2.025,cottonlint,1.7970441190063025,2025.0,30375.0,-102453.42000000001
Bihar,576.88,77.28,Clay,4284.37,45000,117,51,15,22.9535715,6.044556594,Cotton,cottonlint,bihar,2.025,2025.0,cottonlint,2.025,cottonlint,1.7970441190063025,2025.0,91125.0,86840.63
Bihar,509.02,68.74,Loam,9721.78,38000,136,36,24,22.74446976,7.59781958,Cotton,cottonlint,bihar,2.025,2025.0,cottonlint,2.025,cottonlint,1.7970441190063025,2025.0,76950.0,67228.22
Bihar,713.08,73.01,Black Soil,73441.39,65000,134,56,18,23.80834611,6.691268104,Cotton,cottonlint,bihar,2.025,2025.0,cottonlint,2.025,cottonlint,1.7970441190063025,2025.0,131625.0,58183.61
Bihar,308.6,62.11,Sandy Loam,4761.2,55000,112,54,15,25.46228792,6.175492306,Cotton,cottonlint,bihar,2.025,2025.0,cottonlint,2.025,cottonlint,1.7970441190063025,2025.0,111375.0,106613.8
Bihar,709.29,57.79,Loam,32206.85,60000,105,56,15,25.96779712,7.272316209,Cotton,cottonlint,bihar,2.025,2025.0,cottonlint,2.025,cottonlint,1.7970441190063025,2025.0,121500.0,89293.15
Bihar,1320.99,72.32,Clay,14024.14,3200,140,45,15,25.5308271,5.801047545,Cotton,cottonlint,bihar,2.025,2025.0,cottonlint,2.025,cottonlint,1.7970441190063025,2025.0,6480.0,-7544.139999999999
Bihar,316.97,60.52,Sandy Loam,7423.8,15000,126,46,25,24.43847399,6.757457943,Cotton,cottonlint,bihar,2.025,2025.0,cottonlint,2.025,cottonlint,1.7970441190063025,2025.0,30375.0,22951.2
Rajasthan,1219.62,73.33,Black Soil,8022.55,18000,106,49,24,23.03887865,6.983395573,Cotton,cottonlint,rajasthan,1.7970441190063025,,cottonlint,,cottonlint,1.7970441190063025,1797.0441190063025,32346.794142113446,24324.244142113446
Rajasthan,340.1,69.33,Sandy Loam,50369.73,22000,121,53,19,23.51308653,7.976889498,Cotton,cottonlint,rajasthan,1.7970441190063025,,cottonlint,,cottonlint,1.7970441190063025,1797.0441190063025,39534.97061813866,-10834.759381861346
Rajasthan,688.51,69.64,Clay,25246.09,16000,108,60,17,22.75805656,6.558902588,Cotton,cottonlint,rajasthan,1.7970441190063025,,cottonlint,,cottonlint,1.7970441190063025,1797.0441190063025,28752.70590410084,3506.6159041008395
Rajasthan,336.76,67.87,Black Soil,9834.6,14000,116,56,17,24.71252544,7.979090365,Cotton,cottonlint,rajasthan,1.7970441190063025,,cottonlint,,cottonlint,1.7970441190063025,1797.0441190063025,25158.617666088234,15324.017666088233
Rajasthan,521.23,63.47,Clay,22275.33,15000,100,52,19,23.45969093,7.903528673,Cotton,cottonlint,rajasthan,1.7970441190063025,,cottonlint,,cottonlint,1.7970441190063025,1797.0441190063025,26955.661785094537,4680.331785094535
Rajasthan,629.31,60.78,Loam,67578.48,45000,129,43,16,25.5503704,6.73210948,Cotton,cottonlint,rajasthan,1.7970441190063025,,cottonlint,,cottonlint,1.7970441190063025,1797.0441190063025,80866.98535528361,13288.505355283618
Rajasthan,717.14,55.04,Black Soil,18436.62,38000,118,44,23,22.08458267,6.691690476,Cotton,cottonlint,rajasthan,1.7970441190063025,,cottonlint,,cottonlint,1.7970441190063025,1797.0441190063025,68287.67652223949,49851.056522239494
Rajasthan,597.87,72.61,Clay,8455.52,65000,117,43,25,24.68854799,7.839849298,Cotton,cottonlint,rajasthan,1.7970441190063025,,cottonlint,,cottonlint,1.7970441190063025,1797.0441190063025,116807.86773540966,108352.34773540965
Rajasthan,316.37,60.76,Clay,109972.46,55000,126,37,21,25.84997269,6.61448588,Cotton,cottonlint,rajasthan,1.7970441190063025,,cottonlint,,cottonlint,1.7970441190063025,1797.0441190063025,98837.42654534664,-11135.03345465337
Rajasthan,752.58,63.43,Loam,21181.18,60000,120,48,16,22.46054478,7.456971816,Cotton,cottonlint,rajasthan,1.7970441190063025,,cottonlint,,cottonlint,1.7970441190063025,1797.0441190063025,107822.64714037815,86641.46714037814
Rajasthan,1548.04,59.16,Black Soil,98344.86,3200,102,45,16,23.65629976,7.2942193,Cotton,cottonlint,rajasthan,1.7970441190063025,,cottonlint,,cottonlint,1.7970441190063025,1797.0441190063025,5750.541180820168,-92594.31881917984
Rajasthan,350.01,52.43,Black Soil,9376.79,15000,131,56,20,22.00817088,7.762647875,Cotton,cottonlint,rajasthan,1.7970441190063025,,cottonlint,,cottonlint,1.7970441190063025,1797.0441190063025,26955.661785094537,17578.871785094536
Rajasthan,943.97,65.98,Black Soil,23428.78,18000,114,40,17,24.32630461,6.363406102,Cotton,cottonlint,rajasthan,1.7970441190063025,,cottonlint,,cottonlint,1.7970441190063025,1797.0441190063025,32346.794142113446,8918.014142113447
Rajasthan,286.4,56.65,Black Soil,9881.64,22000,101,37,18,22.92360984,7.63737841,Cotton,cottonlint,rajasthan,1.7970441190063025,,cottonlint,,cottonlint,1.7970441190063025,1797.0441190063025,39534.97061813866,29653.330618138658
Rajasthan,454.15,74.92,Loam,4073.81,16000,106,46,20,23.43821725,6.200671976,Cotton,cottonlint,rajasthan,1.7970441190063025,,cottonlint,,cottonlint,1.7970441190063025,1797.0441190063025,28752.70590410084,24678.89590410084
Rajasthan,234.84,70.09,Clay,60095.52,14000,113,38,20,22.10718988,6.364729934,Cotton,cottonlint,rajasthan,1.7970441190063025,,cottonlint,,cottonlint,1.7970441190063025,1797.0441190063025,25158.617666088234,-34936.90233391176
Rajasthan,365.49,58.58,Sandy Loam,38111.92,15000,102,53,21,23.03814028,6.913678684,Cotton,cottonlint,rajasthan,1.7970441190063025,,cottonlint,,cottonlint,1.7970441190063025,1797.0441190063025,26955.661785094537,-11156.258214905462
Rajasthan,457.95,68.02,Sandy Loam,134113.06,45000,110,39,18,24.54795322,7.766259769,Cotton,cottonlint,rajasthan,1.7970441190063025,,cottonlint,,cottonlint,1.7970441190063025,1797.0441190063025,80866.98535528361,-53246.074644716384
Rajasthan,503.41,58.88,Clay,7722.27,38000,107,58,15,23.73868041,7.55606399,Cotton,cottonlint,rajasthan,1.7970441190063025,,cottonlint,,cottonlint,1.7970441190063025,1797.0441190063025,68287.67652223949,60565.406522239486
Rajasthan,608.38,72.82,Loam,106101.27,65000,120,60,15,22.31871914,7.288377241,Cotton,cottonlint,rajasthan,1.7970441190063025,,cottonlint,,cottonlint,1.7970441190063025,1797.0441190063025,116807.86773540966,10706.597735409654
Rajasthan,241.35,72.54,Clay,9066.2,55000,89,47,38,25.52468965,6.002524871,Jute,jute,rajasthan,7.555392696430939,,jute,,jute,7.555392696430939,7555.392696430939,415546.59830370167,406480.39830370166
Rajasthan,478.22,72.09,Sandy Loam,45453.67,60000,60,37,39,26.59104992,6.033485257,Jute,jute,rajasthan,7.555392696430939,,jute,,jute,7.555392696430939,7555.392696430939,453323.5617858563,407869.89178585634
Rajasthan,1133.49,75.55,Clay,18772.4,3200,63,41,45,25.29781791,7.121933579,Jute,jute,rajasthan,7.555392696430939,,jute,,jute,7.555392696430939,7555.392696430939,24177.256628579005,5404.856628579004
Rajasthan,206.66,62.56,Black Soil,3017.66,15000,86,40,39,25.72100868,6.207459637,Jute,jute,rajasthan,7.555392696430939,,jute,,jute,7.555392696430939,7555.392696430939,113330.89044646408,110313.23044646408
Rajasthan,1515.35,64.3,Sandy Loam,18616.93,18000,96,41,40,23.58419277,6.090060478,Jute,jute,rajasthan,7.555392696430939,,jute,,jute,7.555392696430939,7555.392696430939,135997.0685357569,117380.13853575691
Rajasthan,556.87,67.95,Loam,11486.0,22000,100,35,36,25.31042337,6.346715209,Jute,jute,rajasthan,7.555392696430939,,jute,,jute,7.555392696430939,7555.392696430939,166218.63932148064,154732.63932148064
Rajasthan,881.62,62.85,Sandy Loam,6987.41,16000,63,37,43,23.41798979,6.661957897,Jute,jute,rajasthan,7.555392696430939,,jute,,jute,7.555392696430939,7555.392696430939,120886.28314289503,113898.87314289503
Rajasthan,420.85,61.18,Black Soil,30809.95,14000,70,43,40,24.35564134,6.176860192,Jute,jute,rajasthan,7.555392696430939,,jute,,jute,7.555392696430939,7555.392696430939,105775.49775003314,74965.54775003315
Rajasthan,608.51,72.0,Sandy Loam,5751.02,15000,67,55,44,26.284017,7.251847296,Jute,jute,rajasthan,7.555392696430939,,jute,,jute,7.555392696430939,7555.392696430939,113330.89044646408,107579.87044646408
Rajasthan,896.58,73.3,Clay,64688.67,45000,74,40,40,25.13842773,6.386259978,Jute,jute,rajasthan,7.555392696430939,,jute,,jute,7.555392696430939,7555.392696430939,339992.67133939225,275304.00133939227
Rajasthan,776.41,60.04,Black Soil,8259.87,38000,89,53,44,24.88692811,7.319735475,Jute,jute,rajasthan,7.555392696430939,,jute,,jute,7.555392696430939,7555.392696430939,287104.9224643757,278845.0524643757
Rajasthan,1035.26,61.67,Clay,35479.8,65000,74,46,45,25.75734909,6.025028997,Jute,jute,rajasthan,7.555392696430939,,jute,,jute,7.555392696430939,7555.392696430939,491100.525268011,455620.72526801104
Rajasthan,458.59,70.6,Black Soil,8179.32,55000,89,41,38,23.12844351,6.344751947,Jute,jute,rajasthan,7.555392696430939,,jute,,jute,7.555392696430939,7555.392696430939,415546.59830370167,407367.27830370166
Rajasthan,957.4,73.32,Clay,12271.02,60000,60,55,40,24.9949957,7.02777956,Jute,jute,rajasthan,7.555392696430939,,jute,,jute,7.555392696430939,7555.392696430939,453323.5617858563,441052.5417858563
Rajasthan,1651.42,68.09,Clay,166774.48,3200,67,43,38,25.21622704,7.299304715,Jute,jute,rajasthan,7.555392696430939,,jute,,jute,7.555392696430939,7555.392696430939,24177.256628579005,-142597.22337142102
Rajasthan,341.97,66.45,Loam,27981.63,15000,70,38,35,24.39736241,7.014063944,Jute,jute,rajasthan,7.555392696430939,,jute,,jute,7.555392696430939,7555.392696430939,113330.89044646408,85349.26044646408
Rajasthan,634.68,69.75,Clay,46752.52,18000,74,49,38,23.31410442,7.488014404,Jute,jute,rajasthan,7.555392696430939,,jute,,jute,7.555392696430939,7555.392696430939,135997.0685357569,89244.54853575691
Rajasthan,289.17,54.23,Sandy Loam,39154.6,22000,90,40,39,25.72668885,6.626503893,Jute,jute,rajasthan,7.555392696430939,,jute,,jute,7.555392696430939,7555.392696430939,166218.63932148064,127064.03932148064
Rajasthan,393.14,51.5,Loam,43370.69,16000,82,35,44,26.96656378,6.239011,Jute,jute,rajasthan,7.555392696430939,,jute,,jute,7.555392696430939,7555.392696430939,120886.28314289503,77515.59314289503
Rajasthan,254.47,66.81,Sandy Loam,7672.97,14000,73,45,37,23.70467146,6.742688094,Jute,jute,rajasthan,7.555392696430939,,jute,,jute,7.555392696430939,7555.392696430939,105775.49775003314,98102.52775003314
Rajasthan,268.72,47.2,Loam,26670.75,15000,85,53,38,24.90075709,6.588017308,Jute,jute,rajasthan,7.555392696430939,,jute,,jute,7.555392696430939,7555.392696430939,113330.89044646408,86660.14044646408
Rajasthan,363.69,77.07,Loam,16197.01,45000,81,56,36,23.39605743,7.097586415,Jute,jute,rajasthan,7.555392696430939,,jute,,jute,7.555392696430939,7555.392696430939,339992.67133939225,323795.66133939225
Rajasthan,459.65,79.06,Loam,9485.64,38000,84,55,38,26.8748389,6.956682743,Jute,jute,rajasthan,7.555392696430939,,jute,,jute,7.555392696430939,7555.392696430939,287104.9224643757,277619.28246437566
Rajasthan,420.53,69.93,Loam,22811.93,65000,80,45,42,23.1426498,7.380396262,Jute,jute,rajasthan,7.555392696430939,,jute,,jute,7.555392696430939,7555.392696430939,491100.525268011,468288.59526801103
Rajasthan,224.59,67.84,Loam,11230.1,55000,76,54,45,24.29496635,6.176618831,Jute,jute,rajasthan,7.555392696430939,,jute,,jute,7.555392696430939,7555.392696430939,415546.59830370167,404316.4983037017
Rajasthan,504.22,42.15,Black Soil,29250.99,60000,76,56,39,24.39459498,6.551130445,Jute,jute,rajasthan,7.555392696430939,,jute,,jute,7.555392696430939,7555.392696430939,453323.5617858563,424072.57178585633
Rajasthan,819.16,61.66,Loam,9850.71,3200,81,40,45,25.7629429,6.427726565,Jute,jute,rajasthan,7.555392696430939,,jute,,jute,7.555392696430939,7555.392696430939,24177.256628579005,14326.546628579006
Rajasthan,239.0,69.62,Sandy Loam,24201.5,15000,76,44,45,25.4879684,6.740947635,Jute,jute,rajasthan,7.555392696430939,,jute,,jute,7.555392696430939,7555.392696430939,113330.89044646408,89129.39044646408
Rajasthan,1002.94,68.3,Clay,106064.8,18000,69,47,40,25.37122686,6.130136384,Jute,jute,rajasthan,7.555392696430939,,jute,,jute,7.555392696430939,7555.392696430939,135997.0685357569,29932.2685357569
Rajasthan,362.38,79.4,Loam,18285.09,22000,82,40,45,26.21312799,6.667633355,Jute,jute,rajasthan,7.555392696430939,,jute,,jute,7.555392696430939,7555.392696430939,166218.63932148064,147933.54932148065
Rajasthan,741.12,76.02,Black Soil,28524.76,16000,69,57,35,24.30748599,6.186814392,Jute,jute,rajasthan,7.555392696430939,,jute,,jute,7.555392696430939,7555.392696430939,120886.28314289503,92361.52314289504
Rajasthan,331.15,70.0,Loam,63236.61,14000,81,36,38,23.76554749,6.334837865,Jute,jute,rajasthan,7.555392696430939,,jute,,jute,7.555392696430939,7555.392696430939,105775.49775003314,42538.887750033144
Rajasthan,379.49,63.38,Sandy Loam,44712.42,15000,67,60,38,24.79853023,7.16214284,Jute,jute,rajasthan,7.555392696430939,,jute,,jute,7.555392696430939,7555.392696430939,113330.89044646408,68618.47044646408
Rajasthan,504.77,59.08,Clay,18112.9,45000,72,51,40,23.20683504,7.422318499,Jute,jute,rajasthan,7.555392696430939,,jute,,jute,7.555392696430939,7555.392696430939,339992.67133939225,321879.77133939223
Rajasthan,645.92,61.74,Loam,146823.67,38000,65,39,45,23.66805429,6.768001309,Jute,jute,rajasthan,7.555392696430939,,jute,,jute,7.555392696430939,7555.392696430939,287104.9224643757,140281.25246437566
Rajasthan,668.61,70.67,Loam,20220.16,65000,78,50,43,25.12417673,6.348441469,Jute,jute,rajasthan,7.555392696430939,,jute,,jute,7.555392696430939,7555.392696430939,491100.525268011,470880.36526801105
Rajasthan,320.97,61.77,Loam,32209.97,55000,77,52,41,23.89069041,6.097294061,Jute,jute,rajasthan,7.555392696430939,,jute,,jute,7.555392696430939,7555.392696430939,415546.59830370167,383336.62830370164
Rajasthan,748.67,72.16,Black Soil,54827.32,60000,89,52,42,23.09433785,6.14132902,Jute,jute,rajasthan,7.555392696430939,,jute,,jute,7.555392696430939,7555.392696430939,453323.5617858563,398496.2417858563
Rajasthan,1354.58,58.19,Clay,19570.27,3200,62,49,37,24.21744605,7.479248124,Jute,jute,rajasthan,7.555392696430939,,jute,,jute,7.555392696430939,7555.392696430939,24177.256628579005,4606.986628579005
Rajasthan,295.42,73.57,Clay,10508.89,15000,90,48,45,24.06475727,6.509174789,Jute,jute,rajasthan,7.555392696430939,,jute,,jute,7.555392696430939,7555.392696430939,113330.89044646408,102822.00044646408
Karnataka,736.36,54.44,Black Soil,29611.19,18000,66,47,36,24.85441411,6.57256106,Jute,jute,karnataka,7.555392696430939,,jute,,jute,7.555392696430939,7555.392696430939,135997.0685357569,106385.8785357569
Karnataka,255.6,47.29,Clay,34191.7,22000,80,52,39,26.41915161,7.165696848,Jute,jute,karnataka,7.555392696430939,,jute,,jute,7.555392696430939,7555.392696430939,166218.63932148064,132026.93932148063
Karnataka,451.28,59.89,Black Soil,19676.93,16000,89,52,45,24.89326318,7.207457208,Jute,jute,karnataka,7.555392696430939,,jute,,jute,7.555392696430939,7555.392696430939,120886.28314289503,101209.35314289504
Karnataka,278.5,66.85,Black Soil,120603.85,14000,77,51,44,23.25583402,7.124333547,Jute,jute,karnataka,7.555392696430939,,jute,,jute,7.555392696430939,7555.392696430939,105775.49775003314,-14828.352249966862
Karnataka,373.07,62.62,Clay,75137.08,15000,94,37,41,24.7634518,6.463538707,Jute,jute,karnataka,7.555392696430939,,jute,,jute,7.555392696430939,7555.392696430939,113330.89044646408,38193.81044646408
Karnataka,504.38,58.16,Loam,14341.17,45000,75,41,35,24.97042599,6.856833064,Jute,jute,karnataka,7.555392696430939,,jute,,jute,7.555392696430939,7555.392696430939,339992.67133939225,325651.50133939227
Karnataka,618.72,53.89,Loam,14130.32,38000,60,55,36,26.12797248,7.132389299,Jute,jute,karnataka,7.555392696430939,,jute,,jute,7.555392696430939,7555.392696430939,287104.9224643757,272974.60246437567
Karnataka,476.65,52.94,Black Soil,6586.93,65000,62,56,35,25.97825807,6.235357638,Jute,jute,karnataka,7.555392696430939,,jute,,jute,7.555392696430939,7555.392696430939,491100.525268011,484513.59526801103
Karnataka,232.58,68.43,Loam,72872.14,55000,84,40,42,26.2830571,6.704273839,Jute,jute,karnataka,7.555392696430939,,jute,,jute,7.555392696430939,7555.392696430939,415546.59830370167,342674.45830370166
Karnataka,577.05,61.99,Loam,6464.14,60000,100,56,40,26.38905406,7.433313409,Jute,jute,karnataka,7.555392696430939,,jute,,jute,7.555392696430939,7555.392696430939,453323.5617858563,446859.4217858563
Karnataka,930.37,54.67,Loam,17531.01,3200,75,56,44,25.2746335,6.109478059,Jute,jute,karnataka,7.555392696430939,,jute,,jute,7.555392696430939,7555.392696430939,24177.256628579005,6646.246628579007
Karnataka,232.72,69.52,Clay,14725.76,15000,78,46,42,23.09499564,7.095413294,Jute,jute,karnataka,7.555392696430939,,jute,,jute,7.555392696430939,7555.392696430939,113330.89044646408,98605.13044646409
Karnataka,654.38,60.36,Sandy Loam,6241.37,18000,82,48,36,25.79351957,6.352076783,Jute,jute,karnataka,7.555392696430939,,jute,,jute,7.555392696430939,7555.392696430939,135997.0685357569,129755.6985357569
Karnataka,265.37,70.68,Black Soil,14403.38,22000,100,58,41,23.17403323,6.658769991,Jute,jute,karnataka,7.555392696430939,,jute,,jute,7.555392696430939,7555.392696430939,166218.63932148064,151815.25932148064
Karnataka,439.07,53.26,Loam,7882.78,16000,88,50,40,25.63215038,7.051822472,Jute,jute,karnataka,7.555392696430939,,jute,,jute,7.555392696430939,7555.392696430939,120886.28314289503,113003.50314289503
Karnataka,188.68,73.17,Loam,28012.16,14000,67,41,40,25.848795,7.333143205,Jute,jute,karnataka,7.555392696430939,,jute,,jute,7.555392696430939,7555.392696430939,105775.49775003314,77763.33775003314
Karnataka,351.5,63.68,Sandy Loam,8319.25,15000,72,42,43,26.56767277,6.352771037,Jute,jute,karnataka,7.555392696430939,,jute,,jute,7.555392696430939,7555.392696430939,113330.89044646408,105011.64044646408
Karnataka,377.93,60.62,Sandy Loam,32855.17,45000,89,40,43,26.24532085,7.124050134,Jute,jute,karnataka,7.555392696430939,,jute,,jute,7.555392696430939,7555.392696430939,339992.67133939225,307137.50133939227
Karnataka,381.78,57.3,Loam,43773.09,38000,89,57,43,26.91515043,6.998787171,Jute,jute,karnataka,7.555392696430939,,jute,,jute,7.555392696430939,7555.392696430939,287104.9224643757,243331.83246437568
Karnataka,463.58,63.85,Loam,146719.01,65000,61,41,44,24.36972377,6.537914958,Jute,jute,karnataka,7.555392696430939,,jute,,jute,7.555392696430939,7555.392696430939,491100.525268011,344381.515268011
Karnataka,239.47,57.78,Clay,66433.04,55000,79,45,43,25.71901283,7.171054239,Jute,jute,karnataka,7.555392696430939,,jute,,jute,7.555392696430939,7555.392696430939,415546.59830370167,349113.5583037017
Karnataka,577.65,70.55,Clay,11843.89,60000,84,40,43,25.01157559,7.228268228,Jute,jute,karnataka,7.555392696430939,,jute,,jute,7.555392696430939,7555.392696430939,453323.5617858563,441479.6717858563
Karnataka,847.73,76.07,Sandy Loam,20699.79,3200,98,43,35,25.40785911,7.319952206,Jute,jute,karnataka,7.555392696430939,,jute,,jute,7.555392696430939,7555.392696430939,24177.256628579005,3477.4666285790045
Karnataka,224.56,74.61,Sandy Loam,7439.92,15000,75,36,44,23.28081,6.613341343,Jute,jute,karnataka,7.555392696430939,,jute,,jute,7.555392696430939,7555.392696430939,113330.89044646408,105890.97044646408
Karnataka,908.5,55.49,Loam,63763.47,18000,89,58,35,23.98651719,6.096838784,Jute,jute,karnataka,7.555392696430939,,jute,,jute,7.555392696430939,7555.392696430939,135997.0685357569,72233.5985357569
Karnataka,527.84,64.04,Sandy Loam,128595.38,22000,91,41,37,24.48556447,6.132570523,Jute,jute,karnataka,7.555392696430939,,jute,,jute,7.555392696430939,7555.392696430939,166218.63932148064,37623.25932148064
Karnataka,855.15,64.94,Loam,114529.59,16000,77,48,36,25.86705009,7.36008498,Jute,jute,karnataka,7.555392696430939,,jute,,jute,7.555392696430939,7555.392696430939,120886.28314289503,6356.693142895034
Karnataka,371.46,58.14,Black Soil,13195.85,14000,66,58,35,23.5643831,7.321619041,Jute,jute,karnataka,7.555392696430939,,jute,,jute,7.555392696430939,7555.392696430939,105775.49775003314,92579.64775003314
Karnataka,487.72,73.38,Sandy Loam,10329.45,15000,62,59,41,24.2248758,7.175170657,Jute,jute,karnataka,7.555392696430939,,jute,,jute,7.555392696430939,7555.392696430939,113330.89044646408,103001.44044646408
Karnataka,788.01,59.72,Black Soil,13361.61,45000,82,35,35,25.49386782,7.299076163,Jute,jute,karnataka,7.555392696430939,,jute,,jute,7.555392696430939,7555.392696430939,339992.67133939225,326631.06133939227
Karnataka,743.49,61.41,Clay,90204.58,38000,61,41,35,24.97178693,6.842966479,Jute,jute,karnataka,7.555392696430939,,jute,,jute,7.555392696430939,7555.392696430939,287104.9224643757,196900.34246437566
Karnataka,954.59,63.03,Clay,70254.46,65000,99,57,38,24.80624984,6.356295568,Jute,jute,karnataka,7.555392696430939,,jute,,jute,7.555392696430939,7555.392696430939,491100.525268011,420846.065268011
Karnataka,378.14,70.52,Loam,72664.55,55000,70,42,43,23.16814977,6.508342839,Jute,jute,karnataka,7.555392696430939,,jute,,jute,7.555392696430939,7555.392696430939,415546.59830370167,342882.0483037017
Karnataka,916.93,65.91,Loam,5503.93,60000,90,59,35,24.25133493,7.098227926,Jute,jute,karnataka,7.555392696430939,,jute,,jute,7.555392696430939,7555.392696430939,453323.5617858563,447819.6317858563
Karnataka,1205.99,53.31,Black Soil,7237.59,3200,73,43,42,26.58361011,6.310699968,Jute,jute,karnataka,7.555392696430939,,jute,,jute,7.555392696430939,7555.392696430939,24177.256628579005,16939.666628579005
Karnataka,397.13,67.11,Black Soil,18197.33,15000,67,46,44,26.82489244,7.093328631,Jute,jute,karnataka,7.555392696430939,,jute,,jute,7.555392696430939,7555.392696430939,113330.89044646408,95133.56044646408
Karnataka,924.74,70.98,Black Soil,48412.88,18000,84,37,42,25.49674786,6.691074249,Jute,jute,karnataka,7.555392696430939,,jute,,jute,7.555392696430939,7555.392696430939,135997.0685357569,87584.1885357569
Karnataka,387.17,64.67,Loam,10012.5,22000,72,41,36,24.09874353,6.187746776,Jute,jute,karnataka,7.555392696430939,,jute,,jute,7.555392696430939,7555.392696430939,166218.63932148064,156206.13932148064
Karnataka,598.93,65.11,Clay,86422.46,16000,71,56,37,23.18866654,6.491506245,Jute,jute,karnataka,7.555392696430939,,jute,,jute,7.555392696430939,7555.392696430939,120886.28314289503,34463.823142895024
Karnataka,323.58,60.94,Black Soil,12313.43,14000,64,53,38,26.24347471,6.855362875,Jute,jute,karnataka,7.555392696430939,,jute,,jute,7.555392696430939,7555.392696430939,105775.49775003314,93462.06775003314
Karnataka,465.26,64.09,Black Soil,9977.95,15000,65,54,39,23.75091572,7.124571593,Jute,jute,karnataka,7.555392696430939,,jute,,jute,7.555392696430939,7555.392696430939,113330.89044646408,103352.94044646408
Karnataka,419.71,62.49,Loam,14966.62,45000,60,58,37,26.13871511,6.067302109,Jute,jute,karnataka,7.555392696430939,,jute,,jute,7.555392696430939,7555.392696430939,339992.67133939225,325026.05133939226
Karnataka,758.13,63.77,Sandy Loam,37278.42,38000,86,39,43,26.14576648,6.432051512,Jute,jute,karnataka,7.555392696430939,,jute,,jute,7.555392696430939,7555.392696430939,287104.9224643757,249826.5024643757
Karnataka,593.97,50.94,Sandy Loam,17360.87,65000,90,50,44,26.91643698,6.253408852,Jute,jute,karnataka,7.555392696430939,,jute,,jute,7.555392696430939,7555.392696430939,491100.525268011,473739.65526801103
Karnataka,277.63,65.68,Clay,11519.85,55000,91,38,36,26.5232969,7.287318723,Jute,jute,karnataka,7.555392696430939,,jute,,jute,7.555392696430939,7555.392696430939,415546.59830370167,404026.7483037017
Karnataka,715.25,63.47,Sandy Loam,13684.77,60000,87,48,38,23.81579631,7.161865733,Jute,jute,karnataka,7.555392696430939,,jute,,jute,7.555392696430939,7555.392696430939,453323.5617858563,439638.7917858563
Karnataka,1062.26,62.7,Loam,13921.29,3200,72,41,36,26.50838667,6.065898283,Jute,jute,karnataka,7.555392696430939,,jute,,jute,7.555392696430939,7555.392696430939,24177.256628579005,10255.966628579004
Karnataka,292.74,71.03,Clay,46146.62,15000,71,54,35,26.63952463,7.311077075,Jute,jute,karnataka,7.555392696430939,,jute,,jute,7.555392696430939,7555.392696430939,113330.89044646408,67184.27044646407
Karnataka,1278.27,57.15,Sandy Loam,20908.65,18000,82,46,41,23.3250131,6.581693772,Jute,jute,karnataka,7.555392696430939,,jute,,jute,7.555392696430939,7555.392696430939,135997.0685357569,115088.41853575691
Karnataka,398.34,78.0,Black Soil,41475.41,22000,71,52,43,26.47549543,6.732826127,Jute,jute,karnataka,7.555392696430939,,jute,,jute,7.555392696430939,7555.392696430939,166218.63932148064,124743.22932148064
Karnataka,683.65,59.69,Loam,6726.21,16000,80,43,43,23.78756036,6.014572075,Jute,jute,karnataka,7.555392696430939,,jute,,jute,7.555392696430939,7555.392696430939,120886.28314289503,114160.07314289502
Karnataka,327.08,56.42,Clay,27355.47,14000,77,55,43,25.49941707,6.663559451,Jute,jute,karnataka,7.555392696430939,,jute,,jute,7.555392696430939,7555.392696430939,105775.49775003314,78420.02775003314
Karnataka,461.74,60.76,Black Soil,9941.29,15000,95,57,41,23.24925555,6.434610995,Jute,jute,karnataka,7.555392696430939,,jute,,jute,7.555392696430939,7555.392696430939,113330.89044646408,103389.60044646409
Karnataka,485.16,72.97,Clay,38423.27,45000,63,47,35,26.98582182,7.432768147,Jute,jute,karnataka,7.555392696430939,,jute,,jute,7.555392696430939,7555.392696430939,339992.67133939225,301569.40133939224
Karnataka,680.13,59.93,Black Soil,4284.61,38000,93,43,38,23.61475336,6.987332927,Jute,jute,karnataka,7.555392696430939,,jute,,jute,7.555392696430939,7555.392696430939,287104.9224643757,282820.3124643757
Karnataka,579.46,67.08,Clay,9584.38,65000,87,44,43,23.87484465,6.718725189,Jute,jute,karnataka,7.555392696430939,,jute,,jute,7.555392696430939,7555.392696430939,491100.525268011,481516.145268011
Karnataka,400.2,50.64,Sandy Loam,25742.35,55000,88,52,39,23.92887902,6.880204617,Jute,jute,karnataka,7.555392696430939,,jute,,jute,7.555392696430939,7555.392696430939,415546.59830370167,389804.2483037017
Karnataka,732.8,38.58,Clay,41415.85,60000,90,39,37,24.81441246,6.86106911,Jute,jute,karnataka,7.555392696430939,,jute,,jute,7.555392696430939,7555.392696430939,453323.5617858563,411907.71178585634
Karnataka,1359.17,56.61,Black Soil,74539.67,3200,90,39,43,24.44743944,6.7693455,Jute,jute,karnataka,7.555392696430939,,jute,,jute,7.555392696430939,7555.392696430939,24177.256628579005,-50362.41337142099
Karnataka,350.18,55.53,Clay,72023.12,15000,84,38,43,26.57421679,7.26158085,Jute,jute,karnataka,7.555392696430939,,jute,,jute,7.555392696430939,7555.392696430939,113330.89044646408,41307.770446464085
Maharashtra,1279.18,72.31,Black Soil,15670.85,18000,91,21,26,26.33377983,7.261313694,Coffee,coffee,maharashtra,1.2,,coffee,,coffee,,1200.0,21600.0,5929.15
Maharashtra,398.98,67.85,Black Soil,8305.75,22000,107,21,26,26.45288458,7.235070264,Coffee,coffee,maharashtra,1.2,,coffee,,coffee,,1200.0,26400.0,18094.25
Maharashtra,645.14,67.38,Black Soil,8295.21,16000,83,38,35,25.70822684,7.18915558,Coffee,coffee,maharashtra,1.2,,coffee,,coffee,,1200.0,19200.0,10904.79
Maharashtra,430.14,65.72,Sandy Loam,35509.19,14000,108,24,31,24.12832546,6.431899748,Coffee,coffee,maharashtra,1.2,,coffee,,coffee,,1200.0,16800.0,-18709.190000000002
Maharashtra,549.05,58.26,Black Soil,14616.36,15000,116,28,34,23.44372334,6.42321105,Coffee,coffee,maharashtra,1.2,,coffee,,coffee,,1200.0,18000.0,3383.6399999999994
Maharashtra,708.08,77.6,Loam,30252.21,45000,116,23,25,23.4123707,6.869720196,Coffee,coffee,maharashtra,1.2,,coffee,,coffee,,1200.0,54000.0,23747.79
Maharashtra,579.17,60.55,Black Soil,17609.81,38000,109,31,27,23.05951896,6.973839707,Coffee,coffee,maharashtra,1.2,,coffee,,coffee,,1200.0,45600.0,27990.19
Maharashtra,578.01,69.19,Loam,4600.47,65000,89,25,34,23.07895447,7.184801627,Coffee,coffee,maharashtra,1.2,,coffee,,coffee,,1200.0,78000.0,73399.53
Maharashtra,348.02,70.34,Loam,4953.0,55000,118,18,32,27.6496114,6.351823783,Coffee,coffee,maharashtra,1.2,,coffee,,coffee,,1200.0,66000.0,61047.0
Maharashtra,883.05,70.19,Sandy Loam,19716.7,60000,111,32,34,25.46743689,6.392048018,Coffee,coffee,maharashtra,1.2,,coffee,,coffee,,1200.0,72000.0,52283.3
Maharashtra,1416.47,57.81,Clay,8925.51,3200,84,36,28,26.7350622,6.119892347,Coffee,coffee,maharashtra,1.2,,coffee,,coffee,,1200.0,3840.0,-5085.51
Maharashtra,271.6,77.94,Black Soil,28235.2,15000,85,33,25,26.20811417,6.910823945,Coffee,coffee,maharashtra,1.2,,coffee,,coffee,,1200.0,18000.0,-10235.2
Maharashtra,1126.7,55.37,Sandy Loam,23464.85,18000,99,15,27,27.0424167,6.501157208,Coffee,coffee,maharashtra,1.2,,coffee,,coffee,,1200.0,21600.0,-1864.8499999999985
Maharashtra,400.0,79.48,Clay,67450.82,22000,81,30,31,24.65090184,7.027585559,Coffee,coffee,maharashtra,1.2,,coffee,,coffee,,1200.0,26400.0,-41050.82000000001
Maharashtra,549.31,72.92,Sandy Loam,3975.82,16000,95,39,29,27.35152643,7.13411409,Coffee,coffee,maharashtra,1.2,,coffee,,coffee,,1200.0,19200.0,15224.18
Maharashtra,410.33,64.67,Black Soil,5842.17,14000,81,34,30,25.17787724,6.647765997,Coffee,coffee,maharashtra,1.2,,coffee,,coffee,,1200.0,16800.0,10957.83
Maharashtra,619.53,68.83,Sandy Loam,26715.8,15000,80,15,28,23.11438731,6.703270635,Coffee,coffee,maharashtra,1.2,,coffee,,coffee,,1200.0,18000.0,-8715.8
Maharashtra,756.21,57.81,Black Soil,34147.93,45000,104,20,26,27.22783677,7.493191968,Coffee,coffee,maharashtra,1.2,,coffee,,coffee,,1200.0,54000.0,19852.07
Maharashtra,666.39,67.7,Loam,30044.22,38000,109,29,28,23.26316991,6.724688503,Coffee,coffee,maharashtra,1.2,,coffee,,coffee,,1200.0,45600.0,15555.779999999999
Maharashtra,971.7,63.22,Clay,55238.23,65000,100,32,26,25.234661,6.043485685,Coffee,coffee,maharashtra,1.2,,coffee,,coffee,,1200.0,78000.0,22761.769999999997
Maharashtra,402.0,55.15,Sandy Loam,6305.12,55000,100,24,28,25.59535262,7.101661011,Coffee,coffee,maharashtra,1.2,,coffee,,coffee,,1200.0,66000.0,59694.88
Maharashtra,934.0,74.78,Sandy Loam,91861.78,60000,83,21,28,25.5674832,7.466900683,Coffee,coffee,maharashtra,1.2,,coffee,,coffee,,1200.0,72000.0,-19861.78
Maharashtra,1466.35,75.57,Sandy Loam,34506.42,3200,120,23,28,25.67324193,6.877799264,Coffee,coffee,maharashtra,1.2,,coffee,,coffee,,1200.0,3840.0,-30666.42
Maharashtra,326.93,58.08,Loam,32384.36,15000,104,26,30,24.40726724,6.410992833,Coffee,coffee,maharashtra,1.2,,coffee,,coffee,,1200.0,18000.0,-14384.36
Maharashtra,959.82,65.44,Clay,30669.61,18000,108,33,31,23.69287069,7.393825704,Coffee,coffee,maharashtra,1.2,,coffee,,coffee,,1200.0,21600.0,-9069.61
Maharashtra,376.06,70.32,Clay,4017.07,22000,91,25,26,24.53460016,7.482414225,Coffee,coffee,maharashtra,1.2,,coffee,,coffee,,1200.0,26400.0,22382.93
Maharashtra,626.8,68.82,Black Soil,18683.84,16000,86,26,27,27.13140403,6.081172981,Coffee,coffee,maharashtra,1.2,,coffee,,coffee,,1200.0,19200.0,516.1599999999999
Maharashtra,295.41,68.97,Sandy Loam,7253.9,14000,98,18,27,27.56088634,6.516312148,Coffee,coffee,maharashtra,1.2,,coffee,,coffee,,1200.0,16800.0,9546.1
Maharashtra,461.11,66.9,Clay,50858.23,15000,111,27,31,23.59302313,6.043330951,Coffee,coffee,maharashtra,1.2,,coffee,,coffee,,1200.0,18000.0,-32858.23
Maharashtra,521.78,64.78,Loam,20001.46,45000,84,39,35,23.17714381,6.959404135,Coffee,coffee,maharashtra,1.2,,coffee,,coffee,,1200.0,54000.0,33998.54
Maharashtra,538.51,72.26,Clay,8889.97,38000,98,27,27,24.71384065,7.238109556,Coffee,coffee,maharashtra,1.2,,coffee,,coffee,,1200.0,45600.0,36710.03
Maharashtra,517.25,58.57,Clay,4543.66,65000,118,21,34,24.38534644,7.234258375,Coffee,coffee,maharashtra,1.2,,coffee,,coffee,,1200.0,78000.0,73456.34
Maharashtra,273.97,72.05,Sandy Loam,8964.29,55000,103,27,31,27.15998538,6.691541233,Coffee,coffee,maharashtra,1.2,,coffee,,coffee,,1200.0,66000.0,57035.71
Maharashtra,787.3,75.94,Black Soil,12199.36,60000,82,24,33,26.53543168,6.809593554,Coffee,coffee,maharashtra,1.2,,coffee,,coffee,,1200.0,72000.0,59800.64
Maharashtra,1133.97,67.2,Loam,11615.83,3200,86,31,35,27.01207284,6.485761419,Coffee,coffee,maharashtra,1.2,,coffee,,coffee,,1200.0,3840.0,-7775.83
Maharashtra,281.4,52.86,Black Soil,10423.97,15000,88,35,35,27.55906475,6.784460602,Coffee,coffee,maharashtra,1.2,,coffee,,coffee,,1200.0,18000.0,7576.030000000001
Maharashtra,1335.19,59.75,Clay,50736.66,18000,84,27,29,23.32293161,7.167092586,Coffee,coffee,maharashtra,1.2,,coffee,,coffee,,1200.0,21600.0,-29136.660000000003
Maharashtra,498.29,60.93,Loam,9117.16,22000,120,40,33,24.23850608,6.73410539,Coffee,coffee,maharashtra,1.2,,coffee,,coffee,,1200.0,26400.0,17282.84
Maharashtra,841.79,55.54,Loam,28057.59,16000,106,40,30,23.42611644,6.779984384,Coffee,coffee,maharashtra,1.2,,coffee,,coffee,,1200.0,19200.0,-8857.59
Maharashtra,397.12,61.59,Black Soil,14171.98,14000,113,21,33,26.02241444,7.277422738,Coffee,coffee,maharashtra,1.2,,coffee,,coffee,,1200.0,16800.0,2628.0200000000004
Maharashtra,593.98,51.74,Black Soil,26032.91,15000,117,34,25,24.83846178,7.21270048,Coffee,coffee,maharashtra,1.2,,coffee,,coffee,,1200.0,18000.0,-8032.91
Maharashtra,767.29,83.23,Clay,18066.54,45000,80,30,25,26.24092174,7.487266991,Coffee,coffee,maharashtra,1.2,,coffee,,coffee,,1200.0,54000.0,35933.46
Maharashtra,855.02,75.23,Clay,39584.91,38000,88,21,27,24.43011925,7.231166546,Coffee,coffee,maharashtra,1.2,,coffee,,coffee,,1200.0,45600.0,6015.0899999999965
Maharashtra,1154.98,53.13,Clay,53949.27,65000,113,33,34,26.00373964,6.559817161,Coffee,coffee,maharashtra,1.2,,coffee,,coffee,,1200.0,78000.0,24050.730000000003
Maharashtra,494.76,61.16,Black Soil,54584.71,55000,87,23,28,26.22367404,6.979590627,Coffee,coffee,maharashtra,1.2,,coffee,,coffee,,1200.0,66000.0,11415.29
Maharashtra,799.33,55.4,Sandy Loam,123245.57,60000,113,15,29,27.09617155,6.779230041,Coffee,coffee,maharashtra,1.2,,coffee,,coffee,,1200.0,72000.0,-51245.57000000001
Maharashtra,1566.87,78.62,Black Soil,9860.41,3200,98,29,30,25.64004392,6.217974349,Coffee,coffee,maharashtra,1.2,,coffee,,coffee,,1200.0,3840.0,-6020.41
Maharashtra,518.38,65.32,Clay,57664.69,15000,97,29,27,27.74576987,7.205078785,Coffee,coffee,maharashtra,1.2,,coffee,,coffee,,1200.0,18000.0,-39664.69
Maharashtra,864.48,63.42,Black Soil,72548.36,18000,85,35,32,26.24928198,6.854011265,Coffee,coffee,maharashtra,1.2,,coffee,,coffee,,1200.0,21600.0,-50948.36
Maharashtra,323.45,67.87,Sandy Loam,9167.76,22000,82,29,35,26.67377159,6.246872394,Coffee,coffee,maharashtra,1.2,,coffee,,coffee,,1200.0,26400.0,17232.239999999998
Maharashtra,569.37,69.65,Clay,26065.99,16000,103,33,25,27.10210397,6.911066044,Coffee,coffee,maharashtra,1.2,,coffee,,coffee,,1200.0,19200.0,-6865.990000000002
Maharashtra,286.64,52.7,Black Soil,25044.59,14000,112,17,28,27.62975458,6.777417989,Coffee,coffee,maharashtra,1.2,,coffee,,coffee,,1200.0,16800.0,-8244.59
Maharashtra,333.51,51.97,Sandy Loam,6093.28,15000,99,19,33,27.5364547,6.273741983,Coffee,coffee,maharashtra,1.2,,coffee,,coffee,,1200.0,18000.0,11906.720000000001
Maharashtra,469.45,61.22,Sandy Loam,12987.89,45000,120,20,34,23.56960509,6.906124587,Coffee,coffee,maharashtra,1.2,,coffee,,coffee,,1200.0,54000.0,41012.11
Maharashtra,504.47,51.33,Clay,19429.76,38000,114,27,28,24.99451759,7.162802357,Coffee,coffee,maharashtra,1.2,,coffee,,coffee,,1200.0,45600.0,26170.24
Maharashtra,535.98,67.53,Clay,5313.52,65000,100,40,35,27.56441788,6.955787351,Coffee,coffee,maharashtra,1.2,,coffee,,coffee,,1200.0,78000.0,72686.48
Maharashtra,267.38,74.27,Sandy Loam,30861.09,55000,108,35,25,23.98143338,6.971963169,Coffee,coffee,maharashtra,1.2,,coffee,,coffee,,1200.0,66000.0,35138.91
Maharashtra,546.25,67.97,Sandy Loam,22324.13,60000,115,31,30,24.22984659,6.840927967,Coffee,coffee,maharashtra,1.2,,coffee,,coffee,,1200.0,72000.0,49675.869999999995
Maharashtra,961.6,76.91,Clay,15246.42,3200,87,28,30,25.60153969,6.536676653,Coffee,coffee,maharashtra,1.2,,coffee,,coffee,,1200.0,3840.0,-11406.42
Maharashtra,261.1,54.82,Clay,26470.87,15000,82,24,26,24.31274458,6.089443603,Coffee,coffee,maharashtra,1.2,,coffee,,coffee,,1200.0,18000.0,-8470.869999999999
UttarPradesh,836.99,62.19,Sandy Loam,4947.81,18000,94,26,27,26.36629861,7.456460375,Coffee,coffee,uttarpradesh,1.2,,coffee,,coffee,,1200.0,21600.0,16652.19
UttarPradesh,305.94,68.34,Loam,30363.76,22000,87,28,35,26.5602777,6.759211911,Coffee,coffee,uttarpradesh,1.2,,coffee,,coffee,,1200.0,26400.0,-3963.7599999999984
UttarPradesh,604.53,69.65,Black Soil,6978.35,16000,118,40,35,26.35034208,7.460174812,Coffee,coffee,uttarpradesh,1.2,,coffee,,coffee,,1200.0,19200.0,12221.65
UttarPradesh,289.68,65.4,Black Soil,201722.77,14000,87,38,29,25.20406808,6.652642579,Coffee,coffee,uttarpradesh,1.2,,coffee,,coffee,,1200.0,16800.0,-184922.77
UttarPradesh,451.97,57.77,Sandy Loam,20762.24,15000,92,40,30,23.35723208,6.026287448,Coffee,coffee,uttarpradesh,1.2,,coffee,,coffee,,1200.0,18000.0,-2762.2400000000016
UttarPradesh,551.51,65.97,Loam,8967.1,45000,97,22,26,23.60567546,6.074190142,Coffee,coffee,uttarpradesh,1.2,,coffee,,coffee,,1200.0,54000.0,45032.9
UttarPradesh,469.41,65.81,Loam,24182.25,38000,99,40,32,24.18471151,7.045543056,Coffee,coffee,uttarpradesh,1.2,,coffee,,coffee,,1200.0,45600.0,21417.75
UttarPradesh,534.11,79.28,Black Soil,48875.47,65000,89,28,33,26.44414097,6.993236001,Coffee,coffee,uttarpradesh,1.2,,coffee,,coffee,,1200.0,78000.0,29124.53
UttarPradesh,282.65,79.19,Loam,53668.28,55000,112,39,29,26.12492233,6.726528895,Coffee,coffee,uttarpradesh,1.2,,coffee,,coffee,,1200.0,66000.0,12331.720000000001
UttarPradesh,503.33,61.01,Loam,33296.05,60000,111,28,26,27.77363343,6.937352845,Coffee,coffee,uttarpradesh,1.2,,coffee,,coffee,,1200.0,72000.0,38703.95
UttarPradesh,1174.64,61.66,Sandy Loam,25721.21,3200,114,20,26,25.55656667,7.27905689,Coffee,coffee,uttarpradesh,1.2,,coffee,,coffee,,1200.0,3840.0,-21881.21
UttarPradesh,221.09,54.48,Sandy Loam,9201.04,15000,117,26,30,27.92374437,7.079850922,Coffee,coffee,uttarpradesh,1.2,,coffee,,coffee,,1200.0,18000.0,8798.96
UttarPradesh,1165.14,59.13,Sandy Loam,3524.84,18000,111,29,31,26.05968403,6.136286518,Coffee,coffee,uttarpradesh,1.2,,coffee,,coffee,,1200.0,21600.0,18075.16
UttarPradesh,292.31,60.89,Loam,10560.89,22000,119,30,28,26.35770906,6.505203696,Coffee,coffee,uttarpradesh,1.2,,coffee,,coffee,,1200.0,26400.0,15839.11
UttarPradesh,618.51,56.75,Sandy Loam,42624.71,16000,116,40,33,24.91370487,7.042089492,Coffee,coffee,uttarpradesh,1.2,,coffee,,coffee,,1200.0,19200.0,-23424.71
UttarPradesh,380.27,65.98,Loam,18365.6,14000,95,37,35,27.31317116,6.348337519,Coffee,coffee,uttarpradesh,1.2,,coffee,,coffee,,1200.0,16800.0,-1565.5999999999985
UttarPradesh,425.52,82.01,Black Soil,10764.15,15000,86,40,33,26.1387869,7.432322234,Coffee,coffee,uttarpradesh,1.2,,coffee,,coffee,,1200.0,18000.0,7235.85
UttarPradesh,617.44,54.42,Clay,30450.45,45000,117,37,32,23.1069385,6.787658922,Coffee,coffee,uttarpradesh,1.2,,coffee,,coffee,,1200.0,54000.0,23549.55
UttarPradesh,698.59,65.11,Black Soil,14623.4,38000,105,18,35,23.52648086,6.743417121,Coffee,coffee,uttarpradesh,1.2,,coffee,,coffee,,1200.0,45600.0,30976.6
UttarPradesh,544.65,62.85,Sandy Loam,3013.72,65000,109,23,25,25.11711046,7.00733163,Coffee,coffee,uttarpradesh,1.2,,coffee,,coffee,,1200.0,78000.0,74986.28
UttarPradesh,302.3,65.78,Loam,49354.63,55000,80,18,31,24.02952505,7.303033217,Coffee,coffee,uttarpradesh,1.2,,coffee,,coffee,,1200.0,66000.0,16645.370000000003
UttarPradesh,731.14,70.87,Black Soil,16882.77,60000,101,31,26,26.70897548,6.861235184,Coffee,coffee,uttarpradesh,1.2,,coffee,,coffee,,1200.0,72000.0,55117.229999999996
UttarPradesh,1337.17,63.11,Sandy Loam,35699.8,3200,103,33,33,26.71717393,7.131435858,Coffee,coffee,uttarpradesh,1.2,,coffee,,coffee,,1200.0,3840.0,-31859.800000000003
UttarPradesh,312.5,64.31,Loam,9897.65,15000,93,26,27,24.59245684,7.288211994,Coffee,coffee,uttarpradesh,1.2,,coffee,,coffee,,1200.0,18000.0,8102.35
UttarPradesh,611.09,57.69,Sandy Loam,6618.37,18000,104,35,28,27.51006055,6.983732393,Coffee,coffee,uttarpradesh,1.2,,coffee,,coffee,,1200.0,21600.0,14981.630000000001
UttarPradesh,191.4,66.72,Black Soil,49812.15,22000,116,36,25,27.57847581,6.172090205,Coffee,coffee,uttarpradesh,1.2,,coffee,,coffee,,1200.0,26400.0,-23412.15
UttarPradesh,300.64,72.31,Sandy Loam,7252.78,16000,107,38,29,26.65069302,6.35118177,Coffee,coffee,uttarpradesh,1.2,,coffee,,coffee,,1200.0,19200.0,11947.220000000001
UttarPradesh,168.43,65.43,Clay,6499.6,14000,101,33,33,26.97251562,6.908671379,Coffee,coffee,uttarpradesh,1.2,,coffee,,coffee,,1200.0,16800.0,10300.4
UttarPradesh,277.97,65.08,Clay,47171.28,15000,107,31,31,23.17124551,6.766184468,Coffee,coffee,uttarpradesh,1.2,,coffee,,coffee,,1200.0,18000.0,-29171.28
UttarPradesh,269.92,66.41,Black Soil,8487.33,45000,99,16,30,23.52652084,6.392791654,Coffee,coffee,uttarpradesh,1.2,,coffee,,coffee,,1200.0,54000.0,45512.67
UttarPradesh,321.63,59.22,Loam,98375.35,38000,103,40,30,27.30901814,6.348316257,Coffee,coffee,uttarpradesh,1.2,,coffee,,coffee,,1200.0,45600.0,-52775.350000000006
UttarPradesh,315.38,71.58,Clay,4630.76,65000,118,31,34,27.54823036,6.123796057,Coffee,coffee,uttarpradesh,1.2,,coffee,,coffee,,1200.0,78000.0,73369.24
UttarPradesh,163.6,58.14,Loam,82402.41,55000,106,21,35,25.627355,7.428523634,Coffee,coffee,uttarpradesh,1.2,,coffee,,coffee,,1200.0,66000.0,-16402.410000000003
UttarPradesh,296.74,53.7,Loam,5915.93,60000,116,38,34,23.29250318,6.020947179,Coffee,coffee,uttarpradesh,1.2,,coffee,,coffee,,1200.0,72000.0,66084.07
UttarPradesh,659.5,70.05,Sandy Loam,21649.7,3200,97,35,26,24.91461008,6.334610249,Coffee,coffee,uttarpradesh,1.2,,coffee,,coffee,,1200.0,3840.0,-17809.7
UttarPradesh,191.89,73.86,Sandy Loam,10162.79,15000,107,34,32,26.77463708,6.78006386,Coffee,coffee,uttarpradesh,1.2,,coffee,,coffee,,1200.0,18000.0,7837.209999999999
UttarPradesh,739.9,60.56,Clay,17152.58,18000,99,15,27,27.41711238,6.086922359,Coffee,coffee,uttarpradesh,1.2,,coffee,,coffee,,1200.0,21600.0,4447.419999999998
UttarPradesh,236.16,71.05,Sandy Loam,22498.79,22000,118,33,30,24.13179691,6.362607851,Coffee,coffee,uttarpradesh,1.2,,coffee,,coffee,,1200.0,26400.0,3901.209999999999
UttarPradesh,380.06,73.06,Sandy Loam,30751.64,16000,117,32,34,26.2724184,6.758792552,Coffee,coffee,uttarpradesh,1.2,,coffee,,coffee,,1200.0,19200.0,-11551.64
UttarPradesh,258.64,64.45,Clay,5873.66,14000,104,18,30,23.60301571,6.779832611,Coffee,coffee,uttarpradesh,1.2,,coffee,,coffee,,1200.0,16800.0,10926.34
